Boundary,Protocol,Time_Bin_Start_Sec,Bytes,Packets,Bytes_per_Sec,Packets_per_Sec
Ignition SCADA <-> Middleware (OPC UA),OPC UA,0.0,851,6,851.0,6.0
Ignition SCADA <-> Middleware (OPC UA),OPC UA,1.0,888,6,888.0,6.0
Ignition SCADA <-> Middleware (OPC UA),OPC UA,2.0,851,6,851.0,6.0
Ignition SCADA <-> Middleware (OPC UA),OPC UA,3.0,851,6,851.0,6.0
Ignition SCADA <-> Middleware (OPC UA),OPC UA,4.0,1258,10,1258.0,10.0
Ignition SCADA <-> Middleware (OPC UA),OPC UA,5.0,407,3,407.0,3.0
Ignition SCADA <-> Middleware (OPC UA),OPC UA,6.0,851,6,851.0,6.0
Ignition SCADA <-> Middleware (OPC UA),OPC UA,7.0,888,6,888.0,6.0
Ignition SCADA <-> Middleware (OPC UA),OPC UA,8.0,851,6,851.0,6.0
Ignition SCADA <-> Middleware (OPC UA),OPC UA,9.0,851,6,851.0,6.0
Ignition SCADA <-> Middleware (OPC UA),OPC UA,10.0,851,6,851.0,6.0
Ignition SCADA <-> Middleware (OPC UA),OPC UA,11.0,407,3,407.0,3.0
Ignition SCADA <-> Middleware (OPC UA),OPC UA,12.0,960,6,960.0,6.0
Ignition SCADA <-> Middleware (OPC UA),OPC UA,13.0,888,6,888.0,6.0
Ignition SCADA <-> Middleware (OPC UA),OPC UA,14.0,932,6,932.0,6.0
Ignition SCADA <-> Middleware (OPC UA),OPC UA,15.0,905,6,905.0,6.0
Ignition SCADA <-> Middleware (OPC UA),OPC UA,16.0,851,6,851.0,6.0
Ignition SCADA <-> Middleware (OPC UA),OPC UA,17.0,407,3,407.0,3.0
Ignition SCADA <-> Middleware (OPC UA),OPC UA,18.0,851,6,851.0,6.0
Ignition SCADA <-> Middleware (OPC UA),OPC UA,19.0,1322,10,1322.0,10.0
Ignition SCADA <-> Middleware (OPC UA),OPC UA,20.0,1040,6,1040.0,6.0
Ignition SCADA <-> Middleware (OPC UA),OPC UA,21.0,878,6,878.0,6.0
Ignition SCADA <-> Middleware (OPC UA),OPC UA,22.0,905,6,905.0,6.0
Ignition SCADA <-> Middleware (OPC UA),OPC UA,23.0,488,3,488.0,3.0
Ignition SCADA <-> Middleware (OPC UA),OPC UA,24.0,878,6,878.0,6.0
Ignition SCADA <-> Middleware (OPC UA),OPC UA,25.0,878,6,878.0,6.0
Ignition SCADA <-> Middleware (OPC UA),OPC UA,26.0,888,6,888.0,6.0
Ignition SCADA <-> Middleware (OPC UA),OPC UA,27.0,851,6,851.0,6.0
Ignition SCADA <-> Middleware (OPC UA),OPC UA,28.0,851,6,851.0,6.0
Ignition SCADA <-> Middleware (OPC UA),OPC UA,29.0,623,3,623.0,3.0
Ignition SCADA <-> Middleware (OPC UA),OPC UA,30.0,851,6,851.0,6.0
Ignition SCADA <-> Middleware (OPC UA),OPC UA,31.0,905,6,905.0,6.0
Ignition SCADA <-> Middleware (OPC UA),OPC UA,32.0,942,6,942.0,6.0
Ignition SCADA <-> Middleware (OPC UA),OPC UA,33.0,851,6,851.0,6.0
Ignition SCADA <-> Middleware (OPC UA),OPC UA,34.0,1312,10,1312.0,10.0
Ignition SCADA <-> Middleware (OPC UA),OPC UA,35.0,434,3,434.0,3.0
Ignition SCADA <-> Middleware (OPC UA),OPC UA,36.0,878,6,878.0,6.0
Ignition SCADA <-> Middleware (OPC UA),OPC UA,37.0,851,6,851.0,6.0
Ignition SCADA <-> Middleware (OPC UA),OPC UA,38.0,888,6,888.0,6.0
Ignition SCADA <-> Middleware (OPC UA),OPC UA,39.0,851,6,851.0,6.0
Ignition SCADA <-> Middleware (OPC UA),OPC UA,40.0,932,6,932.0,6.0
Ignition SCADA <-> Middleware (OPC UA),OPC UA,41.0,731,3,731.0,3.0
Ignition SCADA <-> Middleware (OPC UA),OPC UA,42.0,959,6,959.0,6.0
Ignition SCADA <-> Middleware (OPC UA),OPC UA,43.0,851,6,851.0,6.0
Ignition SCADA <-> Middleware (OPC UA),OPC UA,44.0,1023,6,1023.0,6.0
Ignition SCADA <-> Middleware (OPC UA),OPC UA,45.0,1068,6,1068.0,6.0
Ignition SCADA <-> Middleware (OPC UA),OPC UA,46.0,959,6,959.0,6.0
Ignition SCADA <-> Middleware (OPC UA),OPC UA,47.0,407,3,407.0,3.0
Ignition SCADA <-> Middleware (OPC UA),OPC UA,48.0,959,6,959.0,6.0
Ignition SCADA <-> Middleware (OPC UA),OPC UA,49.0,1258,10,1258.0,10.0
Ignition SCADA <-> Middleware (OPC UA),OPC UA,50.0,888,6,888.0,6.0
Ignition SCADA <-> Middleware (OPC UA),OPC UA,51.0,1013,6,1013.0,6.0
Ignition SCADA <-> Middleware (OPC UA),OPC UA,52.0,1067,6,1067.0,6.0
Ignition SCADA <-> Middleware (OPC UA),OPC UA,53.0,407,3,407.0,3.0
Ignition SCADA <-> Middleware (OPC UA),OPC UA,54.0,959,6,959.0,6.0
Ignition SCADA <-> Middleware (OPC UA),OPC UA,55.0,986,6,986.0,6.0
Ignition SCADA <-> Middleware (OPC UA),OPC UA,56.0,997,6,997.0,6.0
Ignition SCADA <-> Middleware (OPC UA),OPC UA,57.0,1067,6,1067.0,6.0
Ignition SCADA <-> Middleware (OPC UA),OPC UA,58.0,905,6,905.0,6.0
Ignition SCADA <-> Middleware (OPC UA),OPC UA,59.0,407,3,407.0,3.0
Ignition SCADA <-> Middleware (OPC UA),OPC UA,60.0,932,6,932.0,6.0
Ignition SCADA <-> Middleware (OPC UA),OPC UA,61.0,851,6,851.0,6.0
Ignition SCADA <-> Middleware (OPC UA),OPC UA,62.0,969,6,969.0,6.0
Ignition SCADA <-> Middleware (OPC UA),OPC UA,63.0,1175,6,1175.0,6.0
Ignition SCADA <-> Middleware (OPC UA),OPC UA,64.0,1312,10,1312.0,10.0
Ignition SCADA <-> Middleware (OPC UA),OPC UA,65.0,407,3,407.0,3.0
Ignition SCADA <-> Middleware (OPC UA),OPC UA,66.0,986,6,986.0,6.0
Ignition SCADA <-> Middleware (OPC UA),OPC UA,67.0,959,6,959.0,6.0
Ignition SCADA <-> Middleware (OPC UA),OPC UA,68.0,1023,6,1023.0,6.0
Ignition SCADA <-> Middleware (OPC UA),OPC UA,69.0,987,6,987.0,6.0
Ignition SCADA <-> Middleware (OPC UA),OPC UA,70.0,986,6,986.0,6.0
Ignition SCADA <-> Middleware (OPC UA),OPC UA,71.0,407,3,407.0,3.0
Ignition SCADA <-> Middleware (OPC UA),OPC UA,72.0,932,6,932.0,6.0
Ignition SCADA <-> Middleware (OPC UA),OPC UA,73.0,851,6,851.0,6.0
Ignition SCADA <-> Middleware (OPC UA),OPC UA,74.0,1050,6,1050.0,6.0
Ignition SCADA <-> Middleware (OPC UA),OPC UA,75.0,1067,6,1067.0,6.0
Ignition SCADA <-> Middleware (OPC UA),OPC UA,76.0,1013,6,1013.0,6.0
Ignition SCADA <-> Middleware (OPC UA),OPC UA,77.0,488,3,488.0,3.0
Ignition SCADA <-> Middleware (OPC UA),OPC UA,78.0,905,6,905.0,6.0
Ignition SCADA <-> Middleware (OPC UA),OPC UA,79.0,1502,10,1502.0,10.0
Ignition SCADA <-> Middleware (OPC UA),OPC UA,80.0,915,6,915.0,6.0
Ignition SCADA <-> Middleware (OPC UA),OPC UA,81.0,878,6,878.0,6.0
Ignition SCADA <-> Middleware (OPC UA),OPC UA,82.0,932,6,932.0,6.0
Ignition SCADA <-> Middleware (OPC UA),OPC UA,83.0,407,3,407.0,3.0
Ignition SCADA <-> Middleware (OPC UA),OPC UA,84.0,851,6,851.0,6.0
Ignition SCADA <-> Middleware (OPC UA),OPC UA,85.0,1148,6,1148.0,6.0
Ignition SCADA <-> Middleware (OPC UA),OPC UA,86.0,969,6,969.0,6.0
Ignition SCADA <-> Middleware (OPC UA),OPC UA,87.0,959,6,959.0,6.0
Ignition SCADA <-> Middleware (OPC UA),OPC UA,88.0,986,6,986.0,6.0
Ignition SCADA <-> Middleware (OPC UA),OPC UA,89.0,407,3,407.0,3.0
Ignition SCADA <-> Middleware (OPC UA),OPC UA,90.0,1068,6,1068.0,6.0
Ignition SCADA <-> Middleware (OPC UA),OPC UA,91.0,959,6,959.0,6.0
Ignition SCADA <-> Middleware (OPC UA),OPC UA,92.0,915,6,915.0,6.0
Ignition SCADA <-> Middleware (OPC UA),OPC UA,93.0,932,6,932.0,6.0
Ignition SCADA <-> Middleware (OPC UA),OPC UA,94.0,1258,10,1258.0,10.0
Ignition SCADA <-> Middleware (OPC UA),OPC UA,95.0,407,3,407.0,3.0
Ignition SCADA <-> Middleware (OPC UA),OPC UA,96.0,1202,6,1202.0,6.0
Ignition SCADA <-> Middleware (OPC UA),OPC UA,97.0,878,6,878.0,6.0
Ignition SCADA <-> Middleware (OPC UA),OPC UA,98.0,996,6,996.0,6.0
Ignition SCADA <-> Middleware (OPC UA),OPC UA,99.0,986,6,986.0,6.0
Ignition SCADA <-> Middleware (OPC UA),OPC UA,100.0,905,6,905.0,6.0
Ignition SCADA <-> Middleware (OPC UA),OPC UA,101.0,516,3,516.0,3.0
Ignition SCADA <-> Middleware (OPC UA),OPC UA,102.0,986,6,986.0,6.0
Ignition SCADA <-> Middleware (OPC UA),OPC UA,103.0,905,6,905.0,6.0
Ignition SCADA <-> Middleware (OPC UA),OPC UA,104.0,996,6,996.0,6.0
Ignition SCADA <-> Middleware (OPC UA),OPC UA,105.0,932,6,932.0,6.0
Ignition SCADA <-> Middleware (OPC UA),OPC UA,106.0,851,6,851.0,6.0
Ignition SCADA <-> Middleware (OPC UA),OPC UA,107.0,488,3,488.0,3.0
Ignition SCADA <-> Middleware (OPC UA),OPC UA,108.0,1148,6,1148.0,6.0
Ignition SCADA <-> Middleware (OPC UA),OPC UA,109.0,1366,10,1366.0,10.0
Ignition SCADA <-> Middleware (OPC UA),OPC UA,110.0,969,6,969.0,6.0
Ignition SCADA <-> Middleware (OPC UA),OPC UA,111.0,959,6,959.0,6.0
Ignition SCADA <-> Middleware (OPC UA),OPC UA,112.0,906,6,906.0,6.0
Ignition SCADA <-> Middleware (OPC UA),OPC UA,113.0,596,3,596.0,3.0
Ignition SCADA <-> Middleware (OPC UA),OPC UA,114.0,905,6,905.0,6.0
Ignition SCADA <-> Middleware (OPC UA),OPC UA,115.0,932,6,932.0,6.0
Ignition SCADA <-> Middleware (OPC UA),OPC UA,116.0,888,6,888.0,6.0
Ignition SCADA <-> Middleware (OPC UA),OPC UA,117.0,851,6,851.0,6.0
Ignition SCADA <-> Middleware (OPC UA),OPC UA,118.0,932,6,932.0,6.0
Ignition SCADA <-> Middleware (OPC UA),OPC UA,119.0,488,3,488.0,3.0
Ignition SCADA <-> Middleware (OPC UA),OPC UA,120.0,1121,6,1121.0,6.0
Ignition SCADA <-> Middleware (OPC UA),OPC UA,121.0,905,6,905.0,6.0
Ignition SCADA <-> Middleware (OPC UA),OPC UA,122.0,1023,6,1023.0,6.0
Ignition SCADA <-> Middleware (OPC UA),OPC UA,123.0,1014,6,1014.0,6.0
Ignition SCADA <-> Middleware (OPC UA),OPC UA,124.0,1420,10,1420.0,10.0
Ignition SCADA <-> Middleware (OPC UA),OPC UA,125.0,407,3,407.0,3.0
Ignition SCADA <-> Middleware (OPC UA),OPC UA,126.0,878,6,878.0,6.0
Ignition SCADA <-> Middleware (OPC UA),OPC UA,127.0,932,6,932.0,6.0
Ignition SCADA <-> Middleware (OPC UA),OPC UA,128.0,888,6,888.0,6.0
Ignition SCADA <-> Middleware (OPC UA),OPC UA,129.0,851,6,851.0,6.0
Ignition SCADA <-> Middleware (OPC UA),OPC UA,130.0,1229,6,1229.0,6.0
Ignition SCADA <-> Middleware (OPC UA),OPC UA,131.0,407,3,407.0,3.0
Ignition SCADA <-> Middleware (OPC UA),OPC UA,132.0,905,6,905.0,6.0
Ignition SCADA <-> Middleware (OPC UA),OPC UA,133.0,986,6,986.0,6.0
Ignition SCADA <-> Middleware (OPC UA),OPC UA,134.0,996,6,996.0,6.0
Ignition SCADA <-> Middleware (OPC UA),OPC UA,135.0,1095,6,1095.0,6.0
Ignition SCADA <-> Middleware (OPC UA),OPC UA,136.0,878,6,878.0,6.0
Ignition SCADA <-> Middleware (OPC UA),OPC UA,137.0,407,3,407.0,3.0
Ignition SCADA <-> Middleware (OPC UA),OPC UA,138.0,986,6,986.0,6.0
Ignition SCADA <-> Middleware (OPC UA),OPC UA,139.0,1339,10,1339.0,10.0
Ignition SCADA <-> Middleware (OPC UA),OPC UA,140.0,969,6,969.0,6.0
Ignition SCADA <-> Middleware (OPC UA),OPC UA,141.0,959,6,959.0,6.0
Ignition SCADA <-> Middleware (OPC UA),OPC UA,142.0,1094,6,1094.0,6.0
Ignition SCADA <-> Middleware (OPC UA),OPC UA,143.0,461,3,461.0,3.0
Ignition SCADA <-> Middleware (OPC UA),OPC UA,144.0,986,6,986.0,6.0
Ignition SCADA <-> Middleware (OPC UA),OPC UA,145.0,905,6,905.0,6.0
Ignition SCADA <-> Middleware (OPC UA),OPC UA,146.0,1132,6,1132.0,6.0
Ignition SCADA <-> Middleware (OPC UA),OPC UA,147.0,878,6,878.0,6.0
Ignition SCADA <-> Middleware (OPC UA),OPC UA,148.0,878,6,878.0,6.0
Ignition SCADA <-> Middleware (OPC UA),OPC UA,149.0,488,3,488.0,3.0
Ignition SCADA <-> Middleware (OPC UA),OPC UA,150.0,851,6,851.0,6.0
Ignition SCADA <-> Middleware (OPC UA),OPC UA,151.0,851,6,851.0,6.0
Ignition SCADA <-> Middleware (OPC UA),OPC UA,152.0,1266,6,1266.0,6.0
Ignition SCADA <-> Middleware (OPC UA),OPC UA,153.0,851,6,851.0,6.0
Ignition SCADA <-> Middleware (OPC UA),OPC UA,154.0,1366,10,1366.0,10.0
Ignition SCADA <-> Middleware (OPC UA),OPC UA,155.0,542,3,542.0,3.0
Ignition SCADA <-> Middleware (OPC UA),OPC UA,156.0,905,6,905.0,6.0
Ignition SCADA <-> Middleware (OPC UA),OPC UA,157.0,960,6,960.0,6.0
Ignition SCADA <-> Middleware (OPC UA),OPC UA,158.0,1050,6,1050.0,6.0
Ignition SCADA <-> Middleware (OPC UA),OPC UA,159.0,878,6,878.0,6.0
Ignition SCADA <-> Middleware (OPC UA),OPC UA,160.0,932,6,932.0,6.0
Ignition SCADA <-> Middleware (OPC UA),OPC UA,161.0,407,3,407.0,3.0
Ignition SCADA <-> Middleware (OPC UA),OPC UA,162.0,851,6,851.0,6.0
Ignition SCADA <-> Middleware (OPC UA),OPC UA,163.0,932,6,932.0,6.0
Ignition SCADA <-> Middleware (OPC UA),OPC UA,164.0,1185,6,1185.0,6.0
Ignition SCADA <-> Middleware (OPC UA),OPC UA,165.0,959,6,959.0,6.0
Ignition SCADA <-> Middleware (OPC UA),OPC UA,166.0,932,6,932.0,6.0
Ignition SCADA <-> Middleware (OPC UA),OPC UA,167.0,461,3,461.0,3.0
Ignition SCADA <-> Middleware (OPC UA),OPC UA,168.0,1014,6,1014.0,6.0
Ignition SCADA <-> Middleware (OPC UA),OPC UA,169.0,1420,10,1420.0,10.0
Ignition SCADA <-> Middleware (OPC UA),OPC UA,170.0,915,6,915.0,6.0
Ignition SCADA <-> Middleware (OPC UA),OPC UA,171.0,959,6,959.0,6.0
Ignition SCADA <-> Middleware (OPC UA),OPC UA,172.0,932,6,932.0,6.0
Ignition SCADA <-> Middleware (OPC UA),OPC UA,173.0,407,3,407.0,3.0
Ignition SCADA <-> Middleware (OPC UA),OPC UA,174.0,905,6,905.0,6.0
Ignition SCADA <-> Middleware (OPC UA),OPC UA,175.0,1175,6,1175.0,6.0
Ignition SCADA <-> Middleware (OPC UA),OPC UA,176.0,996,6,996.0,6.0
Ignition SCADA <-> Middleware (OPC UA),OPC UA,177.0,851,6,851.0,6.0
Ignition SCADA <-> Middleware (OPC UA),OPC UA,178.0,986,6,986.0,6.0
Ignition SCADA <-> Middleware (OPC UA),OPC UA,179.0,516,3,516.0,3.0
Ignition SCADA <-> Middleware (OPC UA),OPC UA,180.0,1040,6,1040.0,6.0
Ignition SCADA <-> Middleware (OPC UA),OPC UA,181.0,905,6,905.0,6.0
Ignition SCADA <-> Middleware (OPC UA),OPC UA,182.0,969,6,969.0,6.0
Ignition SCADA <-> Middleware (OPC UA),OPC UA,183.0,851,6,851.0,6.0
Ignition SCADA <-> Middleware (OPC UA),OPC UA,184.0,1258,10,1258.0,10.0
Ignition SCADA <-> Middleware (OPC UA),OPC UA,185.0,1013,6,1013.0,6.0
Ignition SCADA <-> Middleware (OPC UA),OPC UA,186.0,623,3,623.0,3.0
Ignition SCADA <-> Middleware (OPC UA),OPC UA,187.0,959,6,959.0,6.0
Ignition SCADA <-> Middleware (OPC UA),OPC UA,188.0,888,6,888.0,6.0
Ignition SCADA <-> Middleware (OPC UA),OPC UA,189.0,986,6,986.0,6.0
Ignition SCADA <-> Middleware (OPC UA),OPC UA,190.0,1014,6,1014.0,6.0
Ignition SCADA <-> Middleware (OPC UA),OPC UA,191.0,488,3,488.0,3.0
Ignition SCADA <-> Middleware (OPC UA),OPC UA,192.0,932,6,932.0,6.0
Ignition SCADA <-> Middleware (OPC UA),OPC UA,193.0,959,6,959.0,6.0
Ignition SCADA <-> Middleware (OPC UA),OPC UA,194.0,888,6,888.0,6.0
Ignition SCADA <-> Middleware (OPC UA),OPC UA,195.0,851,6,851.0,6.0
Ignition SCADA <-> Middleware (OPC UA),OPC UA,196.0,932,6,932.0,6.0
Ignition SCADA <-> Middleware (OPC UA),OPC UA,197.0,1148,6,1148.0,6.0
Ignition SCADA <-> Middleware (OPC UA),OPC UA,198.0,407,3,407.0,3.0
Ignition SCADA <-> Middleware (OPC UA),OPC UA,199.0,1312,10,1312.0,10.0
Ignition SCADA <-> Middleware (OPC UA),OPC UA,200.0,1023,6,1023.0,6.0
Ignition SCADA <-> Middleware (OPC UA),OPC UA,201.0,1013,6,1013.0,6.0
Ignition SCADA <-> Middleware (OPC UA),OPC UA,202.0,1041,6,1041.0,6.0
Ignition SCADA <-> Middleware (OPC UA),OPC UA,203.0,905,6,905.0,6.0
Ignition SCADA <-> Middleware (OPC UA),OPC UA,204.0,407,3,407.0,3.0
Ignition SCADA <-> Middleware (OPC UA),OPC UA,205.0,959,6,959.0,6.0
Ignition SCADA <-> Middleware (OPC UA),OPC UA,206.0,969,6,969.0,6.0
Ignition SCADA <-> Middleware (OPC UA),OPC UA,207.0,851,6,851.0,6.0
Ignition SCADA <-> Middleware (OPC UA),OPC UA,208.0,1229,6,1229.0,6.0
Ignition SCADA <-> Middleware (OPC UA),OPC UA,209.0,932,6,932.0,6.0
Ignition SCADA <-> Middleware (OPC UA),OPC UA,210.0,434,3,434.0,3.0
Ignition SCADA <-> Middleware (OPC UA),OPC UA,211.0,986,6,986.0,6.0
Ignition SCADA <-> Middleware (OPC UA),OPC UA,212.0,942,6,942.0,6.0
Ignition SCADA <-> Middleware (OPC UA),OPC UA,213.0,1095,6,1095.0,6.0
Ignition SCADA <-> Middleware (OPC UA),OPC UA,214.0,1285,10,1285.0,10.0
Ignition SCADA <-> Middleware (OPC UA),OPC UA,215.0,878,6,878.0,6.0
Ignition SCADA <-> Middleware (OPC UA),OPC UA,216.0,488,3,488.0,3.0
Ignition SCADA <-> Middleware (OPC UA),OPC UA,217.0,851,6,851.0,6.0
Ignition SCADA <-> Middleware (OPC UA),OPC UA,218.0,888,6,888.0,6.0
Ignition SCADA <-> Middleware (OPC UA),OPC UA,219.0,1256,6,1256.0,6.0
Ignition SCADA <-> Middleware (OPC UA),OPC UA,220.0,878,6,878.0,6.0
Ignition SCADA <-> Middleware (OPC UA),OPC UA,221.0,959,6,959.0,6.0
Ignition SCADA <-> Middleware (OPC UA),OPC UA,222.0,542,3,542.0,3.0
Ignition SCADA <-> Middleware (OPC UA),OPC UA,223.0,905,6,905.0,6.0
Ignition SCADA <-> Middleware (OPC UA),OPC UA,224.0,1132,6,1132.0,6.0
Ignition SCADA <-> Middleware (OPC UA),OPC UA,225.0,878,6,878.0,6.0
Ignition SCADA <-> Middleware (OPC UA),OPC UA,226.0,878,6,878.0,6.0
Ignition SCADA <-> Middleware (OPC UA),OPC UA,227.0,932,6,932.0,6.0
Ignition SCADA <-> Middleware (OPC UA),OPC UA,228.0,407,3,407.0,3.0
Ignition SCADA <-> Middleware (OPC UA),OPC UA,229.0,1258,10,1258.0,10.0
Ignition SCADA <-> Middleware (OPC UA),OPC UA,230.0,1256,6,1256.0,6.0
Ignition SCADA <-> Middleware (OPC UA),OPC UA,231.0,915,6,915.0,6.0
Ignition SCADA <-> Middleware (OPC UA),OPC UA,232.0,959,6,959.0,6.0
Ignition SCADA <-> Middleware (OPC UA),OPC UA,233.0,986,6,986.0,6.0
Ignition SCADA <-> Middleware (OPC UA),OPC UA,234.0,407,3,407.0,3.0
Ignition SCADA <-> Middleware (OPC UA),OPC UA,235.0,1068,6,1068.0,6.0
Ignition SCADA <-> Middleware (OPC UA),OPC UA,236.0,996,6,996.0,6.0
Ignition SCADA <-> Middleware (OPC UA),OPC UA,237.0,878,6,878.0,6.0
Ignition SCADA <-> Middleware (OPC UA),OPC UA,238.0,1481,10,1481.0,10.0
Ignition SCADA <-> Middleware (OPC UA),OPC UA,239.0,959,6,959.0,6.0
Ignition SCADA <-> Middleware (OPC UA),OPC UA,240.0,407,3,407.0,3.0
Ignition SCADA <-> Middleware (OPC UA),OPC UA,241.0,932,6,932.0,6.0
Ignition SCADA <-> Middleware (OPC UA),OPC UA,242.0,1148,6,1148.0,6.0
Ignition SCADA <-> Middleware (OPC UA),OPC UA,243.0,996,6,996.0,6.0
Ignition SCADA <-> Middleware (OPC UA),OPC UA,244.0,1393,10,1393.0,10.0
Ignition SCADA <-> Middleware (OPC UA),OPC UA,245.0,905,6,905.0,6.0
Ignition SCADA <-> Middleware (OPC UA),OPC UA,246.0,461,3,461.0,3.0
Ignition SCADA <-> Middleware (OPC UA),OPC UA,247.0,1041,6,1041.0,6.0
Ignition SCADA <-> Middleware (OPC UA),OPC UA,248.0,905,6,905.0,6.0
Ignition SCADA <-> Middleware (OPC UA),OPC UA,249.0,969,6,969.0,6.0
Ignition SCADA <-> Middleware (OPC UA),OPC UA,250.0,851,6,851.0,6.0
Ignition SCADA <-> Middleware (OPC UA),OPC UA,251.0,851,6,851.0,6.0
Ignition SCADA <-> Middleware (OPC UA),OPC UA,252.0,1013,6,1013.0,6.0
Ignition SCADA <-> Middleware (OPC UA),OPC UA,253.0,407,3,407.0,3.0
Ignition SCADA <-> Middleware (OPC UA),OPC UA,254.0,1175,6,1175.0,6.0
Ignition SCADA <-> Middleware (OPC UA),OPC UA,255.0,888,6,888.0,6.0
Ignition SCADA <-> Middleware (OPC UA),OPC UA,256.0,1013,6,1013.0,6.0
Ignition SCADA <-> Middleware (OPC UA),OPC UA,257.0,1068,6,1068.0,6.0
Ignition SCADA <-> Middleware (OPC UA),OPC UA,258.0,932,6,932.0,6.0
Ignition SCADA <-> Middleware (OPC UA),OPC UA,259.0,814,7,814.0,7.0
Ignition SCADA <-> Middleware (OPC UA),OPC UA,260.0,959,6,959.0,6.0
Ignition SCADA <-> Middleware (OPC UA),OPC UA,261.0,888,6,888.0,6.0
Ignition SCADA <-> Middleware (OPC UA),OPC UA,262.0,851,6,851.0,6.0
Ignition SCADA <-> Middleware (OPC UA),OPC UA,263.0,932,6,932.0,6.0
Ignition SCADA <-> Middleware (OPC UA),OPC UA,264.0,1148,6,1148.0,6.0
Ignition SCADA <-> Middleware (OPC UA),OPC UA,265.0,407,3,407.0,3.0
Ignition SCADA <-> Middleware (OPC UA),OPC UA,266.0,959,6,959.0,6.0
Ignition SCADA <-> Middleware (OPC UA),OPC UA,267.0,969,6,969.0,6.0
Ignition SCADA <-> Middleware (OPC UA),OPC UA,268.0,959,6,959.0,6.0
Ignition SCADA <-> Middleware (OPC UA),OPC UA,269.0,1149,6,1149.0,6.0
Ignition SCADA <-> Middleware (OPC UA),OPC UA,270.0,851,6,851.0,6.0
Ignition SCADA <-> Middleware (OPC UA),OPC UA,271.0,407,3,407.0,3.0
Ignition SCADA <-> Middleware (OPC UA),OPC UA,272.0,959,6,959.0,6.0
Ignition SCADA <-> Middleware (OPC UA),OPC UA,273.0,969,6,969.0,6.0
Ignition SCADA <-> Middleware (OPC UA),OPC UA,274.0,1339,10,1339.0,10.0
Ignition SCADA <-> Middleware (OPC UA),OPC UA,275.0,1148,6,1148.0,6.0
Ignition SCADA <-> Middleware (OPC UA),OPC UA,276.0,959,6,959.0,6.0
Ignition SCADA <-> Middleware (OPC UA),OPC UA,277.0,407,3,407.0,3.0
Ignition SCADA <-> Middleware (OPC UA),OPC UA,278.0,986,6,986.0,6.0
Ignition SCADA <-> Middleware (OPC UA),OPC UA,279.0,997,6,997.0,6.0
Ignition SCADA <-> Middleware (OPC UA),OPC UA,280.0,1040,6,1040.0,6.0
Ignition SCADA <-> Middleware (OPC UA),OPC UA,281.0,905,6,905.0,6.0
Ignition SCADA <-> Middleware (OPC UA),OPC UA,282.0,932,6,932.0,6.0
Ignition SCADA <-> Middleware (OPC UA),OPC UA,283.0,407,3,407.0,3.0
Ignition SCADA <-> Middleware (OPC UA),OPC UA,284.0,851,6,851.0,6.0
Ignition SCADA <-> Middleware (OPC UA),OPC UA,285.0,915,6,915.0,6.0
Ignition SCADA <-> Middleware (OPC UA),OPC UA,286.0,1202,6,1202.0,6.0
Ignition SCADA <-> Middleware (OPC UA),OPC UA,287.0,905,6,905.0,6.0
Ignition SCADA <-> Middleware (OPC UA),OPC UA,288.0,905,6,905.0,6.0
Ignition SCADA <-> Middleware (OPC UA),OPC UA,289.0,949,7,949.0,7.0
Ignition SCADA <-> Middleware (OPC UA),OPC UA,290.0,905,6,905.0,6.0
Ignition SCADA <-> Middleware (OPC UA),OPC UA,291.0,1132,6,1132.0,6.0
Ignition SCADA <-> Middleware (OPC UA),OPC UA,292.0,878,6,878.0,6.0
Ignition SCADA <-> Middleware (OPC UA),OPC UA,293.0,959,6,959.0,6.0
Ignition SCADA <-> Middleware (OPC UA),OPC UA,294.0,851,6,851.0,6.0
Ignition SCADA <-> Middleware (OPC UA),OPC UA,295.0,407,3,407.0,3.0
Ignition SCADA <-> Middleware (OPC UA),OPC UA,296.0,851,6,851.0,6.0
Ignition SCADA <-> Middleware (OPC UA),OPC UA,297.0,1293,6,1293.0,6.0
Ignition SCADA <-> Middleware (OPC UA),OPC UA,298.0,878,6,878.0,6.0
Ignition SCADA <-> Middleware (OPC UA),OPC UA,299.0,959,6,959.0,6.0
Ignition SCADA <-> Middleware (OPC UA),OPC UA,300.0,986,6,986.0,6.0
Ignition SCADA <-> Middleware (OPC UA),OPC UA,301.0,461,3,461.0,3.0
Ignition SCADA <-> Middleware (OPC UA),OPC UA,302.0,1095,6,1095.0,6.0
Ignition SCADA <-> Middleware (OPC UA),OPC UA,303.0,915,6,915.0,6.0
Ignition SCADA <-> Middleware (OPC UA),OPC UA,304.0,1285,10,1285.0,10.0
Ignition SCADA <-> Middleware (OPC UA),OPC UA,305.0,959,6,959.0,6.0
Ignition SCADA <-> Middleware (OPC UA),OPC UA,306.0,932,6,932.0,6.0
Ignition SCADA <-> Middleware (OPC UA),OPC UA,307.0,407,3,407.0,3.0
Ignition SCADA <-> Middleware (OPC UA),OPC UA,308.0,1148,6,1148.0,6.0
Ignition SCADA <-> Middleware (OPC UA),OPC UA,309.0,969,6,969.0,6.0
Ignition SCADA <-> Middleware (OPC UA),OPC UA,310.0,959,6,959.0,6.0
Ignition SCADA <-> Middleware (OPC UA),OPC UA,311.0,986,6,986.0,6.0
Ignition SCADA <-> Middleware (OPC UA),OPC UA,312.0,905,6,905.0,6.0
Ignition SCADA <-> Middleware (OPC UA),OPC UA,313.0,570,3,570.0,3.0
Ignition SCADA <-> Middleware (OPC UA),OPC UA,314.0,959,6,959.0,6.0
Ignition SCADA <-> Middleware (OPC UA),OPC UA,315.0,915,6,915.0,6.0
Ignition SCADA <-> Middleware (OPC UA),OPC UA,316.0,932,6,932.0,6.0
Ignition SCADA <-> Middleware (OPC UA),OPC UA,317.0,851,6,851.0,6.0
Ignition SCADA <-> Middleware (OPC UA),OPC UA,318.0,932,6,932.0,6.0
Ignition SCADA <-> Middleware (OPC UA),OPC UA,319.0,814,7,814.0,7.0
Ignition SCADA <-> Middleware (OPC UA),OPC UA,320.0,1148,6,1148.0,6.0
Ignition SCADA <-> Middleware (OPC UA),OPC UA,321.0,959,6,959.0,6.0
Ignition SCADA <-> Middleware (OPC UA),OPC UA,322.0,1023,6,1023.0,6.0
Ignition SCADA <-> Middleware (OPC UA),OPC UA,323.0,878,6,878.0,6.0
Ignition SCADA <-> Middleware (OPC UA),OPC UA,324.0,1122,6,1122.0,6.0
Ignition SCADA <-> Middleware (OPC UA),OPC UA,325.0,407,3,407.0,3.0
Ignition SCADA <-> Middleware (OPC UA),OPC UA,326.0,878,6,878.0,6.0
Ignition SCADA <-> Middleware (OPC UA),OPC UA,327.0,959,6,959.0,6.0
Ignition SCADA <-> Middleware (OPC UA),OPC UA,328.0,888,6,888.0,6.0
Ignition SCADA <-> Middleware (OPC UA),OPC UA,329.0,851,6,851.0,6.0
Ignition SCADA <-> Middleware (OPC UA),OPC UA,330.0,1013,6,1013.0,6.0
Ignition SCADA <-> Middleware (OPC UA),OPC UA,331.0,407,3,407.0,3.0
Ignition SCADA <-> Middleware (OPC UA),OPC UA,332.0,1121,6,1121.0,6.0
Ignition SCADA <-> Middleware (OPC UA),OPC UA,333.0,986,6,986.0,6.0
Ignition SCADA <-> Middleware (OPC UA),OPC UA,334.0,1349,10,1349.0,10.0
Ignition SCADA <-> Middleware (OPC UA),OPC UA,335.0,1014,6,1014.0,6.0
Ignition SCADA <-> Middleware (OPC UA),OPC UA,336.0,1013,6,1013.0,6.0
Ignition SCADA <-> Middleware (OPC UA),OPC UA,337.0,878,6,878.0,6.0
Ignition SCADA <-> Middleware (OPC UA),OPC UA,338.0,488,3,488.0,3.0
Ignition SCADA <-> Middleware (OPC UA),OPC UA,339.0,959,6,959.0,6.0
Ignition SCADA <-> Middleware (OPC UA),OPC UA,340.0,888,6,888.0,6.0
Ignition SCADA <-> Middleware (OPC UA),OPC UA,341.0,932,6,932.0,6.0
Ignition SCADA <-> Middleware (OPC UA),OPC UA,342.0,1148,6,1148.0,6.0
Ignition SCADA <-> Middleware (OPC UA),OPC UA,343.0,959,6,959.0,6.0
Ignition SCADA <-> Middleware (OPC UA),OPC UA,344.0,407,3,407.0,3.0
Ignition SCADA <-> Middleware (OPC UA),OPC UA,345.0,986,6,986.0,6.0
Ignition SCADA <-> Middleware (OPC UA),OPC UA,346.0,1051,6,1051.0,6.0
Ignition SCADA <-> Middleware (OPC UA),OPC UA,347.0,1013,6,1013.0,6.0
Ignition SCADA <-> Middleware (OPC UA),OPC UA,348.0,878,6,878.0,6.0
Ignition SCADA <-> Middleware (OPC UA),OPC UA,349.0,1339,10,1339.0,10.0
Ignition SCADA <-> Middleware (OPC UA),OPC UA,350.0,407,3,407.0,3.0
Ignition SCADA <-> Middleware (OPC UA),OPC UA,351.0,851,6,851.0,6.0
Ignition SCADA <-> Middleware (OPC UA),OPC UA,352.0,888,6,888.0,6.0
Ignition SCADA <-> Middleware (OPC UA),OPC UA,353.0,1229,6,1229.0,6.0
Ignition SCADA <-> Middleware (OPC UA),OPC UA,354.0,959,6,959.0,6.0
Ignition SCADA <-> Middleware (OPC UA),OPC UA,355.0,851,6,851.0,6.0
Ignition SCADA <-> Middleware (OPC UA),OPC UA,356.0,542,3,542.0,3.0
Ignition SCADA <-> Middleware (OPC UA),OPC UA,357.0,960,6,960.0,6.0
Ignition SCADA <-> Middleware (OPC UA),OPC UA,358.0,1077,6,1077.0,6.0
Ignition SCADA <-> Middleware (OPC UA),OPC UA,359.0,905,6,905.0,6.0
Ignition SCADA <-> Middleware (OPC UA),OPC UA,360.0,932,6,932.0,6.0
Ignition SCADA <-> Middleware (OPC UA),OPC UA,361.0,851,6,851.0,6.0
Ignition SCADA <-> Middleware (OPC UA),OPC UA,362.0,407,3,407.0,3.0
Ignition SCADA <-> Middleware (OPC UA),OPC UA,363.0,932,6,932.0,6.0
Ignition SCADA <-> Middleware (OPC UA),OPC UA,364.0,1592,10,1592.0,10.0
Ignition SCADA <-> Middleware (OPC UA),OPC UA,365.0,959,6,959.0,6.0
Ignition SCADA <-> Middleware (OPC UA),OPC UA,366.0,932,6,932.0,6.0
Ignition SCADA <-> Middleware (OPC UA),OPC UA,367.0,905,6,905.0,6.0
Ignition SCADA <-> Middleware (OPC UA),OPC UA,368.0,516,3,516.0,3.0
Ignition SCADA <-> Middleware (OPC UA),OPC UA,369.0,1040,6,1040.0,6.0
Ignition SCADA <-> Middleware (OPC UA),OPC UA,370.0,942,6,942.0,6.0
Ignition SCADA <-> Middleware (OPC UA),OPC UA,371.0,959,6,959.0,6.0
Ignition SCADA <-> Middleware (OPC UA),OPC UA,372.0,932,6,932.0,6.0
Ignition SCADA <-> Middleware (OPC UA),OPC UA,373.0,851,6,851.0,6.0
Ignition SCADA <-> Middleware (OPC UA),OPC UA,374.0,407,3,407.0,3.0
Ignition SCADA <-> Middleware (OPC UA),OPC UA,375.0,1229,6,1229.0,6.0
Ignition SCADA <-> Middleware (OPC UA),OPC UA,376.0,888,6,888.0,6.0
Ignition SCADA <-> Middleware (OPC UA),OPC UA,377.0,959,6,959.0,6.0
Ignition SCADA <-> Middleware (OPC UA),OPC UA,378.0,986,6,986.0,6.0
Ignition SCADA <-> Middleware (OPC UA),OPC UA,379.0,1366,10,1366.0,10.0
Ignition SCADA <-> Middleware (OPC UA),OPC UA,380.0,597,3,597.0,3.0
Ignition SCADA <-> Middleware (OPC UA),OPC UA,381.0,878,6,878.0,6.0
Ignition SCADA <-> Middleware (OPC UA),OPC UA,382.0,878,6,878.0,6.0
Ignition SCADA <-> Middleware (OPC UA),OPC UA,383.0,969,6,969.0,6.0
Ignition SCADA <-> Middleware (OPC UA),OPC UA,384.0,851,6,851.0,6.0
Ignition SCADA <-> Middleware (OPC UA),OPC UA,385.0,932,6,932.0,6.0
Ignition SCADA <-> Middleware (OPC UA),OPC UA,386.0,488,3,488.0,3.0
Ignition SCADA <-> Middleware (OPC UA),OPC UA,387.0,1067,6,1067.0,6.0
Ignition SCADA <-> Middleware (OPC UA),OPC UA,388.0,959,6,959.0,6.0
Ignition SCADA <-> Middleware (OPC UA),OPC UA,389.0,1023,6,1023.0,6.0
Ignition SCADA <-> Middleware (OPC UA),OPC UA,390.0,905,6,905.0,6.0
Ignition SCADA <-> Middleware (OPC UA),OPC UA,391.0,1095,6,1095.0,6.0
Ignition SCADA <-> Middleware (OPC UA),OPC UA,392.0,434,3,434.0,3.0
Ignition SCADA <-> Middleware (OPC UA),OPC UA,393.0,851,6,851.0,6.0
Ignition SCADA <-> Middleware (OPC UA),OPC UA,394.0,1366,10,1366.0,10.0
Ignition SCADA <-> Middleware (OPC UA),OPC UA,395.0,888,6,888.0,6.0
Ignition SCADA <-> Middleware (OPC UA),OPC UA,396.0,932,6,932.0,6.0
Ignition SCADA <-> Middleware (OPC UA),OPC UA,397.0,1175,6,1175.0,6.0
Ignition SCADA <-> Middleware (OPC UA),OPC UA,398.0,407,3,407.0,3.0
Ignition SCADA <-> Middleware (OPC UA),OPC UA,399.0,932,6,932.0,6.0
Ignition SCADA <-> Middleware (OPC UA),OPC UA,400.0,986,6,986.0,6.0
Ignition SCADA <-> Middleware (OPC UA),OPC UA,401.0,996,6,996.0,6.0
Ignition SCADA <-> Middleware (OPC UA),OPC UA,402.0,1095,6,1095.0,6.0
Ignition SCADA <-> Middleware (OPC UA),OPC UA,403.0,878,6,878.0,6.0
Ignition SCADA <-> Middleware (OPC UA),OPC UA,404.0,407,3,407.0,3.0
Ignition SCADA <-> Middleware (OPC UA),OPC UA,405.0,1013,6,1013.0,6.0
Ignition SCADA <-> Middleware (OPC UA),OPC UA,406.0,959,6,959.0,6.0
Ignition SCADA <-> Middleware (OPC UA),OPC UA,407.0,888,6,888.0,6.0
Ignition SCADA <-> Middleware (OPC UA),OPC UA,408.0,1256,6,1256.0,6.0
Ignition SCADA <-> Middleware (OPC UA),OPC UA,409.0,1312,10,1312.0,10.0
Ignition SCADA <-> Middleware (OPC UA),OPC UA,410.0,434,3,434.0,3.0
Ignition SCADA <-> Middleware (OPC UA),OPC UA,411.0,1040,6,1040.0,6.0
Ignition SCADA <-> Middleware (OPC UA),OPC UA,412.0,851,6,851.0,6.0
Ignition SCADA <-> Middleware (OPC UA),OPC UA,413.0,1186,6,1186.0,6.0
Ignition SCADA <-> Middleware (OPC UA),OPC UA,414.0,878,6,878.0,6.0
Ignition SCADA <-> Middleware (OPC UA),OPC UA,415.0,878,6,878.0,6.0
Ignition SCADA <-> Middleware (OPC UA),OPC UA,416.0,488,3,488.0,3.0
Ignition SCADA <-> Middleware (OPC UA),OPC UA,417.0,851,6,851.0,6.0
Ignition SCADA <-> Middleware (OPC UA),OPC UA,418.0,851,6,851.0,6.0
Ignition SCADA <-> Middleware (OPC UA),OPC UA,419.0,1266,6,1266.0,6.0
Ignition SCADA <-> Middleware (OPC UA),OPC UA,420.0,851,6,851.0,6.0
Ignition SCADA <-> Middleware (OPC UA),OPC UA,421.0,959,6,959.0,6.0
Ignition SCADA <-> Middleware (OPC UA),OPC UA,422.0,488,3,488.0,3.0
Ignition SCADA <-> Middleware (OPC UA),OPC UA,423.0,932,6,932.0,6.0
Ignition SCADA <-> Middleware (OPC UA),OPC UA,424.0,1448,10,1448.0,10.0
Ignition SCADA <-> Middleware (OPC UA),OPC UA,425.0,996,6,996.0,6.0
Ignition SCADA <-> Middleware (OPC UA),OPC UA,426.0,878,6,878.0,6.0
Ignition SCADA <-> Middleware (OPC UA),OPC UA,427.0,932,6,932.0,6.0
Ignition SCADA <-> Middleware (OPC UA),OPC UA,428.0,407,3,407.0,3.0
Ignition SCADA <-> Middleware (OPC UA),OPC UA,429.0,851,6,851.0,6.0
Ignition SCADA <-> Middleware (OPC UA),OPC UA,430.0,932,6,932.0,6.0
Ignition SCADA <-> Middleware (OPC UA),OPC UA,431.0,1185,6,1185.0,6.0
Ignition SCADA <-> Middleware (OPC UA),OPC UA,432.0,959,6,959.0,6.0
Ignition SCADA <-> Middleware (OPC UA),OPC UA,433.0,932,6,932.0,6.0
Ignition SCADA <-> Middleware (OPC UA),OPC UA,434.0,461,3,461.0,3.0
Ignition SCADA <-> Middleware (OPC UA),OPC UA,435.0,1014,6,1014.0,6.0
Ignition SCADA <-> Middleware (OPC UA),OPC UA,436.0,1013,6,1013.0,6.0
Ignition SCADA <-> Middleware (OPC UA),OPC UA,437.0,915,6,915.0,6.0
Ignition SCADA <-> Middleware (OPC UA),OPC UA,438.0,959,6,959.0,6.0
Ignition SCADA <-> Middleware (OPC UA),OPC UA,439.0,1339,10,1339.0,10.0
Ignition SCADA <-> Middleware (OPC UA),OPC UA,440.0,407,3,407.0,3.0
Ignition SCADA <-> Middleware (OPC UA),OPC UA,441.0,932,6,932.0,6.0
Ignition SCADA <-> Middleware (OPC UA),OPC UA,442.0,1148,6,1148.0,6.0
Ignition SCADA <-> Middleware (OPC UA),OPC UA,443.0,996,6,996.0,6.0
Ignition SCADA <-> Middleware (OPC UA),OPC UA,444.0,851,6,851.0,6.0
Ignition SCADA <-> Middleware (OPC UA),OPC UA,445.0,986,6,986.0,6.0
Ignition SCADA <-> Middleware (OPC UA),OPC UA,446.0,516,3,516.0,3.0
Ignition SCADA <-> Middleware (OPC UA),OPC UA,447.0,1040,6,1040.0,6.0
Ignition SCADA <-> Middleware (OPC UA),OPC UA,448.0,905,6,905.0,6.0
Ignition SCADA <-> Middleware (OPC UA),OPC UA,449.0,969,6,969.0,6.0
Ignition SCADA <-> Middleware (OPC UA),OPC UA,450.0,851,6,851.0,6.0
Ignition SCADA <-> Middleware (OPC UA),OPC UA,451.0,851,6,851.0,6.0
Ignition SCADA <-> Middleware (OPC UA),OPC UA,452.0,488,3,488.0,3.0
Ignition SCADA <-> Middleware (OPC UA),OPC UA,453.0,1148,6,1148.0,6.0
Ignition SCADA <-> Middleware (OPC UA),OPC UA,454.0,1366,10,1366.0,10.0
Ignition SCADA <-> Middleware (OPC UA),OPC UA,455.0,969,6,969.0,6.0
Ignition SCADA <-> Middleware (OPC UA),OPC UA,456.0,959,6,959.0,6.0
Ignition SCADA <-> Middleware (OPC UA),OPC UA,457.0,906,6,906.0,6.0
Ignition SCADA <-> Middleware (OPC UA),OPC UA,458.0,1067,6,1067.0,6.0
Ignition SCADA <-> Middleware (OPC UA),OPC UA,459.0,407,3,407.0,3.0
Ignition SCADA <-> Middleware (OPC UA),OPC UA,460.0,959,6,959.0,6.0
Ignition SCADA <-> Middleware (OPC UA),OPC UA,461.0,888,6,888.0,6.0
Ignition SCADA <-> Middleware (OPC UA),OPC UA,462.0,851,6,851.0,6.0
Ignition SCADA <-> Middleware (OPC UA),OPC UA,463.0,932,6,932.0,6.0
Ignition SCADA <-> Middleware (OPC UA),OPC UA,464.0,1148,6,1148.0,6.0
Ignition SCADA <-> Middleware (OPC UA),OPC UA,465.0,407,3,407.0,3.0
Ignition SCADA <-> Middleware (OPC UA),OPC UA,466.0,959,6,959.0,6.0
Ignition SCADA <-> Middleware (OPC UA),OPC UA,467.0,1023,6,1023.0,6.0
Ignition SCADA <-> Middleware (OPC UA),OPC UA,468.0,1014,6,1014.0,6.0
Ignition SCADA <-> Middleware (OPC UA),OPC UA,469.0,1420,10,1420.0,10.0
Ignition SCADA <-> Middleware (OPC UA),OPC UA,470.0,878,6,878.0,6.0
Ignition SCADA <-> Middleware (OPC UA),OPC UA,471.0,407,3,407.0,3.0
Ignition SCADA <-> Middleware (OPC UA),OPC UA,472.0,959,6,959.0,6.0
Ignition SCADA <-> Middleware (OPC UA),OPC UA,473.0,969,6,969.0,6.0
Ignition SCADA <-> Middleware (OPC UA),OPC UA,474.0,878,6,878.0,6.0
Ignition SCADA <-> Middleware (OPC UA),OPC UA,475.0,1202,6,1202.0,6.0
Ignition SCADA <-> Middleware (OPC UA),OPC UA,476.0,959,6,959.0,6.0
Ignition SCADA <-> Middleware (OPC UA),OPC UA,477.0,407,3,407.0,3.0
Ignition SCADA <-> Middleware (OPC UA),OPC UA,478.0,932,6,932.0,6.0
Ignition SCADA <-> Middleware (OPC UA),OPC UA,479.0,996,6,996.0,6.0
Ignition SCADA <-> Middleware (OPC UA),OPC UA,480.0,1095,6,1095.0,6.0
Ignition SCADA <-> Middleware (OPC UA),OPC UA,481.0,905,6,905.0,6.0
Ignition SCADA <-> Middleware (OPC UA),OPC UA,482.0,932,6,932.0,6.0
Ignition SCADA <-> Middleware (OPC UA),OPC UA,483.0,407,3,407.0,3.0
Ignition SCADA <-> Middleware (OPC UA),OPC UA,484.0,1258,10,1258.0,10.0
Ignition SCADA <-> Middleware (OPC UA),OPC UA,485.0,969,6,969.0,6.0
Ignition SCADA <-> Middleware (OPC UA),OPC UA,486.0,1148,6,1148.0,6.0
Ignition SCADA <-> Middleware (OPC UA),OPC UA,487.0,905,6,905.0,6.0
Ignition SCADA <-> Middleware (OPC UA),OPC UA,488.0,905,6,905.0,6.0
Ignition SCADA <-> Middleware (OPC UA),OPC UA,489.0,542,3,542.0,3.0
Ignition SCADA <-> Middleware (OPC UA),OPC UA,490.0,905,6,905.0,6.0
Ignition SCADA <-> Middleware (OPC UA),OPC UA,491.0,1132,6,1132.0,6.0
Ignition SCADA <-> Middleware (OPC UA),OPC UA,492.0,878,6,878.0,6.0
Ignition SCADA <-> Middleware (OPC UA),OPC UA,493.0,959,6,959.0,6.0
Ignition SCADA <-> Middleware (OPC UA),OPC UA,494.0,851,6,851.0,6.0
Ignition SCADA <-> Middleware (OPC UA),OPC UA,495.0,407,3,407.0,3.0
Ignition SCADA <-> Middleware (OPC UA),OPC UA,496.0,851,6,851.0,6.0
Ignition SCADA <-> Middleware (OPC UA),OPC UA,497.0,1266,6,1266.0,6.0
Ignition SCADA <-> Middleware (OPC UA),OPC UA,498.0,878,6,878.0,6.0
Ignition SCADA <-> Middleware (OPC UA),OPC UA,499.0,1339,10,1339.0,10.0
Ignition SCADA <-> Middleware (OPC UA),OPC UA,500.0,986,6,986.0,6.0
Ignition SCADA <-> Middleware (OPC UA),OPC UA,501.0,461,3,461.0,3.0
Ignition SCADA <-> Middleware (OPC UA),OPC UA,502.0,1095,6,1095.0,6.0
Ignition SCADA <-> Middleware (OPC UA),OPC UA,503.0,915,6,915.0,6.0
Ignition SCADA <-> Middleware (OPC UA),OPC UA,504.0,878,6,878.0,6.0
Ignition SCADA <-> Middleware (OPC UA),OPC UA,505.0,959,6,959.0,6.0
Ignition SCADA <-> Middleware (OPC UA),OPC UA,506.0,932,6,932.0,6.0
Ignition SCADA <-> Middleware (OPC UA),OPC UA,507.0,407,3,407.0,3.0
Ignition SCADA <-> Middleware (OPC UA),OPC UA,508.0,1202,6,1202.0,6.0
Ignition SCADA <-> Middleware (OPC UA),OPC UA,509.0,969,6,969.0,6.0
Ignition SCADA <-> Middleware (OPC UA),OPC UA,510.0,959,6,959.0,6.0
Ignition SCADA <-> Middleware (OPC UA),OPC UA,511.0,986,6,986.0,6.0
Ignition SCADA <-> Middleware (OPC UA),OPC UA,512.0,905,6,905.0,6.0
Ignition SCADA <-> Middleware (OPC UA),OPC UA,513.0,570,3,570.0,3.0
Ignition SCADA <-> Middleware (OPC UA),OPC UA,514.0,1366,10,1366.0,10.0
Ignition SCADA <-> Middleware (OPC UA),OPC UA,515.0,915,6,915.0,6.0
Ignition SCADA <-> Middleware (OPC UA),OPC UA,516.0,932,6,932.0,6.0
Ignition SCADA <-> Middleware (OPC UA),OPC UA,517.0,851,6,851.0,6.0
Ignition SCADA <-> Middleware (OPC UA),OPC UA,518.0,932,6,932.0,6.0
Ignition SCADA <-> Middleware (OPC UA),OPC UA,519.0,623,3,623.0,3.0
Ignition SCADA <-> Middleware (OPC UA),OPC UA,520.0,932,6,932.0,6.0
Ignition SCADA <-> Middleware (OPC UA),OPC UA,521.0,996,6,996.0,6.0
Ignition SCADA <-> Middleware (OPC UA),OPC UA,522.0,986,6,986.0,6.0
Ignition SCADA <-> Middleware (OPC UA),OPC UA,523.0,905,6,905.0,6.0
Ignition SCADA <-> Middleware (OPC UA),OPC UA,524.0,1095,6,1095.0,6.0
Ignition SCADA <-> Middleware (OPC UA),OPC UA,525.0,434,3,434.0,3.0
Ignition SCADA <-> Middleware (OPC UA),OPC UA,526.0,878,6,878.0,6.0
Ignition SCADA <-> Middleware (OPC UA),OPC UA,527.0,969,6,969.0,6.0
Ignition SCADA <-> Middleware (OPC UA),OPC UA,528.0,851,6,851.0,6.0
Ignition SCADA <-> Middleware (OPC UA),OPC UA,529.0,1258,10,1258.0,10.0
Ignition SCADA <-> Middleware (OPC UA),OPC UA,530.0,1094,6,1094.0,6.0
Ignition SCADA <-> Middleware (OPC UA),OPC UA,531.0,407,3,407.0,3.0
Ignition SCADA <-> Middleware (OPC UA),OPC UA,532.0,1040,6,1040.0,6.0
Ignition SCADA <-> Middleware (OPC UA),OPC UA,533.0,1050,6,1050.0,6.0
Ignition SCADA <-> Middleware (OPC UA),OPC UA,534.0,878,6,878.0,6.0
Ignition SCADA <-> Middleware (OPC UA),OPC UA,535.0,1122,6,1122.0,6.0
Ignition SCADA <-> Middleware (OPC UA),OPC UA,536.0,905,6,905.0,6.0
Ignition SCADA <-> Middleware (OPC UA),OPC UA,537.0,407,3,407.0,3.0
Ignition SCADA <-> Middleware (OPC UA),OPC UA,538.0,986,6,986.0,6.0
Ignition SCADA <-> Middleware (OPC UA),OPC UA,539.0,969,6,969.0,6.0
Ignition SCADA <-> Middleware (OPC UA),OPC UA,540.0,851,6,851.0,6.0
Ignition SCADA <-> Middleware (OPC UA),OPC UA,541.0,1121,6,1121.0,6.0
Ignition SCADA <-> Middleware (OPC UA),OPC UA,542.0,959,6,959.0,6.0
Ignition SCADA <-> Middleware (OPC UA),OPC UA,543.0,461,3,461.0,3.0
Ignition SCADA <-> Middleware (OPC UA),OPC UA,544.0,1393,10,1393.0,10.0
Ignition SCADA <-> Middleware (OPC UA),OPC UA,545.0,969,6,969.0,6.0
Ignition SCADA <-> Middleware (OPC UA),OPC UA,546.0,1013,6,1013.0,6.0
Ignition SCADA <-> Middleware (OPC UA),OPC UA,547.0,987,6,987.0,6.0
Ignition SCADA <-> Middleware (OPC UA),OPC UA,548.0,878,6,878.0,6.0
Ignition SCADA <-> Middleware (OPC UA),OPC UA,549.0,488,3,488.0,3.0
Ignition SCADA <-> Middleware (OPC UA),OPC UA,550.0,851,6,851.0,6.0
Ignition SCADA <-> Middleware (OPC UA),OPC UA,551.0,888,6,888.0,6.0
Ignition SCADA <-> Middleware (OPC UA),OPC UA,552.0,932,6,932.0,6.0
Ignition SCADA <-> Middleware (OPC UA),OPC UA,553.0,1148,6,1148.0,6.0
Ignition SCADA <-> Middleware (OPC UA),OPC UA,554.0,959,6,959.0,6.0
Ignition SCADA <-> Middleware (OPC UA),OPC UA,555.0,407,3,407.0,3.0
Ignition SCADA <-> Middleware (OPC UA),OPC UA,556.0,986,6,986.0,6.0
Ignition SCADA <-> Middleware (OPC UA),OPC UA,557.0,1051,6,1051.0,6.0
Ignition SCADA <-> Middleware (OPC UA),OPC UA,558.0,1013,6,1013.0,6.0
Ignition SCADA <-> Middleware (OPC UA),OPC UA,559.0,1285,10,1285.0,10.0
Ignition SCADA <-> Middleware (OPC UA),OPC UA,560.0,932,6,932.0,6.0
Ignition SCADA <-> Middleware (OPC UA),OPC UA,561.0,407,3,407.0,3.0
Ignition SCADA <-> Middleware (OPC UA),OPC UA,562.0,851,6,851.0,6.0
Ignition SCADA <-> Middleware (OPC UA),OPC UA,563.0,969,6,969.0,6.0
Ignition SCADA <-> Middleware (OPC UA),OPC UA,564.0,1148,6,1148.0,6.0
Ignition SCADA <-> Middleware (OPC UA),OPC UA,565.0,932,6,932.0,6.0
Ignition SCADA <-> Middleware (OPC UA),OPC UA,566.0,878,6,878.0,6.0
Ignition SCADA <-> Middleware (OPC UA),OPC UA,567.0,542,3,542.0,3.0
Ignition SCADA <-> Middleware (OPC UA),OPC UA,568.0,960,6,960.0,6.0
Ignition SCADA <-> Middleware (OPC UA),OPC UA,569.0,1040,6,1040.0,6.0
Ignition SCADA <-> Middleware (OPC UA),OPC UA,570.0,942,6,942.0,6.0
Ignition SCADA <-> Middleware (OPC UA),OPC UA,571.0,959,6,959.0,6.0
Ignition SCADA <-> Middleware (OPC UA),OPC UA,572.0,932,6,932.0,6.0
Ignition SCADA <-> Middleware (OPC UA),OPC UA,573.0,407,3,407.0,3.0
Ignition SCADA <-> Middleware (OPC UA),OPC UA,574.0,1339,10,1339.0,10.0
Ignition SCADA <-> Middleware (OPC UA),OPC UA,575.0,1148,6,1148.0,6.0
Ignition SCADA <-> Middleware (OPC UA),OPC UA,576.0,996,6,996.0,6.0
Ignition SCADA <-> Middleware (OPC UA),OPC UA,577.0,932,6,932.0,6.0
Ignition SCADA <-> Middleware (OPC UA),OPC UA,578.0,959,6,959.0,6.0
Ignition SCADA <-> Middleware (OPC UA),OPC UA,579.0,906,6,906.0,6.0
Ignition SCADA <-> Middleware (OPC UA),OPC UA,580.0,596,3,596.0,3.0
Ignition SCADA <-> Middleware (OPC UA),OPC UA,581.0,905,6,905.0,6.0
Ignition SCADA <-> Middleware (OPC UA),OPC UA,582.0,969,6,969.0,6.0
Ignition SCADA <-> Middleware (OPC UA),OPC UA,583.0,851,6,851.0,6.0
Ignition SCADA <-> Middleware (OPC UA),OPC UA,584.0,851,6,851.0,6.0
Ignition SCADA <-> Middleware (OPC UA),OPC UA,585.0,932,6,932.0,6.0
Ignition SCADA <-> Middleware (OPC UA),OPC UA,586.0,704,3,704.0,3.0
Ignition SCADA <-> Middleware (OPC UA),OPC UA,587.0,932,6,932.0,6.0
Ignition SCADA <-> Middleware (OPC UA),OPC UA,588.0,915,6,915.0,6.0
Ignition SCADA <-> Middleware (OPC UA),OPC UA,589.0,1393,10,1393.0,10.0
Ignition SCADA <-> Middleware (OPC UA),OPC UA,590.0,1014,6,1014.0,6.0
Ignition SCADA <-> Middleware (OPC UA),OPC UA,591.0,1013,6,1013.0,6.0
Ignition SCADA <-> Middleware (OPC UA),OPC UA,592.0,407,3,407.0,3.0
Ignition SCADA <-> Middleware (OPC UA),OPC UA,593.0,878,6,878.0,6.0
Ignition SCADA <-> Middleware (OPC UA),OPC UA,594.0,969,6,969.0,6.0
Ignition SCADA <-> Middleware (OPC UA),OPC UA,595.0,851,6,851.0,6.0
Ignition SCADA <-> Middleware (OPC UA),OPC UA,596.0,932,6,932.0,6.0
Ignition SCADA <-> Middleware (OPC UA),OPC UA,597.0,1148,6,1148.0,6.0
Ignition SCADA <-> Middleware (OPC UA),OPC UA,598.0,407,3,407.0,3.0
Ignition SCADA <-> Middleware (OPC UA),OPC UA,599.0,959,6,959.0,6.0
Middleware <-> Micro820 (EtherNet/IP),EtherNet/IP,0.0,4806,44,4806.0,44.0
Middleware <-> Micro820 (EtherNet/IP),EtherNet/IP,1.0,2403,22,2403.0,22.0
Middleware <-> Micro820 (EtherNet/IP),EtherNet/IP,2.0,4806,44,4806.0,44.0
Middleware <-> Micro820 (EtherNet/IP),EtherNet/IP,3.0,4806,44,4806.0,44.0
Middleware <-> Micro820 (EtherNet/IP),EtherNet/IP,4.0,4806,44,4806.0,44.0
Middleware <-> Micro820 (EtherNet/IP),EtherNet/IP,5.0,2403,22,2403.0,22.0
Middleware <-> Micro820 (EtherNet/IP),EtherNet/IP,6.0,4806,44,4806.0,44.0
Middleware <-> Micro820 (EtherNet/IP),EtherNet/IP,7.0,4806,44,4806.0,44.0
Middleware <-> Micro820 (EtherNet/IP),EtherNet/IP,8.0,4806,44,4806.0,44.0
Middleware <-> Micro820 (EtherNet/IP),EtherNet/IP,9.0,4638,42,4638.0,42.0
Middleware <-> Micro820 (EtherNet/IP),EtherNet/IP,10.0,2571,24,2571.0,24.0
Middleware <-> Micro820 (EtherNet/IP),EtherNet/IP,11.0,4806,44,4806.0,44.0
Middleware <-> Micro820 (EtherNet/IP),EtherNet/IP,12.0,4806,44,4806.0,44.0
Middleware <-> Micro820 (EtherNet/IP),EtherNet/IP,13.0,4806,44,4806.0,44.0
Middleware <-> Micro820 (EtherNet/IP),EtherNet/IP,14.0,2403,22,2403.0,22.0
Middleware <-> Micro820 (EtherNet/IP),EtherNet/IP,15.0,4806,44,4806.0,44.0
Middleware <-> Micro820 (EtherNet/IP),EtherNet/IP,16.0,4806,44,4806.0,44.0
Middleware <-> Micro820 (EtherNet/IP),EtherNet/IP,17.0,4806,44,4806.0,44.0
Middleware <-> Micro820 (EtherNet/IP),EtherNet/IP,18.0,4746,43,4746.0,43.0
Middleware <-> Micro820 (EtherNet/IP),EtherNet/IP,19.0,2463,23,2463.0,23.0
Middleware <-> Micro820 (EtherNet/IP),EtherNet/IP,20.0,4806,44,4806.0,44.0
Middleware <-> Micro820 (EtherNet/IP),EtherNet/IP,21.0,4806,44,4806.0,44.0
Middleware <-> Micro820 (EtherNet/IP),EtherNet/IP,22.0,4746,43,4746.0,43.0
Middleware <-> Micro820 (EtherNet/IP),EtherNet/IP,23.0,2463,23,2463.0,23.0
Middleware <-> Micro820 (EtherNet/IP),EtherNet/IP,24.0,4806,44,4806.0,44.0
Middleware <-> Micro820 (EtherNet/IP),EtherNet/IP,25.0,4806,44,4806.0,44.0
Middleware <-> Micro820 (EtherNet/IP),EtherNet/IP,26.0,4806,44,4806.0,44.0
Middleware <-> Micro820 (EtherNet/IP),EtherNet/IP,27.0,2806,26,2806.0,26.0
Middleware <-> Micro820 (EtherNet/IP),EtherNet/IP,28.0,4403,40,4403.0,40.0
Middleware <-> Micro820 (EtherNet/IP),EtherNet/IP,29.0,4806,44,4806.0,44.0
Middleware <-> Micro820 (EtherNet/IP),EtherNet/IP,30.0,4806,44,4806.0,44.0
Middleware <-> Micro820 (EtherNet/IP),EtherNet/IP,31.0,4746,43,4746.0,43.0
Middleware <-> Micro820 (EtherNet/IP),EtherNet/IP,32.0,2463,23,2463.0,23.0
Middleware <-> Micro820 (EtherNet/IP),EtherNet/IP,33.0,4806,44,4806.0,44.0
Middleware <-> Micro820 (EtherNet/IP),EtherNet/IP,34.0,4806,44,4806.0,44.0
Middleware <-> Micro820 (EtherNet/IP),EtherNet/IP,35.0,4806,44,4806.0,44.0
Middleware <-> Micro820 (EtherNet/IP),EtherNet/IP,36.0,2403,22,2403.0,22.0
Middleware <-> Micro820 (EtherNet/IP),EtherNet/IP,37.0,4806,44,4806.0,44.0
Middleware <-> Micro820 (EtherNet/IP),EtherNet/IP,38.0,4806,44,4806.0,44.0
Middleware <-> Micro820 (EtherNet/IP),EtherNet/IP,39.0,4806,44,4806.0,44.0
Middleware <-> Micro820 (EtherNet/IP),EtherNet/IP,40.0,3260,30,3260.0,30.0
Middleware <-> Micro820 (EtherNet/IP),EtherNet/IP,41.0,3949,36,3949.0,36.0
Middleware <-> Micro820 (EtherNet/IP),EtherNet/IP,42.0,4806,44,4806.0,44.0
Middleware <-> Micro820 (EtherNet/IP),EtherNet/IP,43.0,4806,44,4806.0,44.0
Middleware <-> Micro820 (EtherNet/IP),EtherNet/IP,44.0,4746,43,4746.0,43.0
Middleware <-> Micro820 (EtherNet/IP),EtherNet/IP,45.0,2463,23,2463.0,23.0
Middleware <-> Micro820 (EtherNet/IP),EtherNet/IP,46.0,4806,44,4806.0,44.0
Middleware <-> Micro820 (EtherNet/IP),EtherNet/IP,47.0,4806,44,4806.0,44.0
Middleware <-> Micro820 (EtherNet/IP),EtherNet/IP,48.0,4806,44,4806.0,44.0
Middleware <-> Micro820 (EtherNet/IP),EtherNet/IP,49.0,4170,38,4170.0,38.0
Middleware <-> Micro820 (EtherNet/IP),EtherNet/IP,50.0,3039,28,3039.0,28.0
Middleware <-> Micro820 (EtherNet/IP),EtherNet/IP,51.0,4806,44,4806.0,44.0
Middleware <-> Micro820 (EtherNet/IP),EtherNet/IP,52.0,4806,44,4806.0,44.0
Middleware <-> Micro820 (EtherNet/IP),EtherNet/IP,53.0,2806,26,2806.0,26.0
Middleware <-> Micro820 (EtherNet/IP),EtherNet/IP,54.0,4403,40,4403.0,40.0
Middleware <-> Micro820 (EtherNet/IP),EtherNet/IP,55.0,4806,44,4806.0,44.0
Middleware <-> Micro820 (EtherNet/IP),EtherNet/IP,56.0,4806,44,4806.0,44.0
Middleware <-> Micro820 (EtherNet/IP),EtherNet/IP,57.0,4746,43,4746.0,43.0
Middleware <-> Micro820 (EtherNet/IP),EtherNet/IP,58.0,2463,23,2463.0,23.0
Middleware <-> Micro820 (EtherNet/IP),EtherNet/IP,59.0,4806,44,4806.0,44.0
Middleware <-> Micro820 (EtherNet/IP),EtherNet/IP,60.0,4806,44,4806.0,44.0
Middleware <-> Micro820 (EtherNet/IP),EtherNet/IP,61.0,4806,44,4806.0,44.0
Middleware <-> Micro820 (EtherNet/IP),EtherNet/IP,62.0,3138,29,3138.0,29.0
Middleware <-> Micro820 (EtherNet/IP),EtherNet/IP,63.0,4071,37,4071.0,37.0
Middleware <-> Micro820 (EtherNet/IP),EtherNet/IP,64.0,4806,44,4806.0,44.0
Middleware <-> Micro820 (EtherNet/IP),EtherNet/IP,65.0,4806,44,4806.0,44.0
Middleware <-> Micro820 (EtherNet/IP),EtherNet/IP,66.0,4746,43,4746.0,43.0
Middleware <-> Micro820 (EtherNet/IP),EtherNet/IP,67.0,2463,23,2463.0,23.0
Middleware <-> Micro820 (EtherNet/IP),EtherNet/IP,68.0,4806,44,4806.0,44.0
Middleware <-> Micro820 (EtherNet/IP),EtherNet/IP,69.0,4806,44,4806.0,44.0
Middleware <-> Micro820 (EtherNet/IP),EtherNet/IP,70.0,3935,36,3935.0,36.0
Middleware <-> Micro820 (EtherNet/IP),EtherNet/IP,71.0,3274,30,3274.0,30.0
Middleware <-> Micro820 (EtherNet/IP),EtherNet/IP,72.0,4806,44,4806.0,44.0
Middleware <-> Micro820 (EtherNet/IP),EtherNet/IP,73.0,4806,44,4806.0,44.0
Middleware <-> Micro820 (EtherNet/IP),EtherNet/IP,74.0,4746,43,4746.0,43.0
Middleware <-> Micro820 (EtherNet/IP),EtherNet/IP,75.0,2463,23,2463.0,23.0
Middleware <-> Micro820 (EtherNet/IP),EtherNet/IP,76.0,4806,44,4806.0,44.0
Middleware <-> Micro820 (EtherNet/IP),EtherNet/IP,77.0,4806,44,4806.0,44.0
Middleware <-> Micro820 (EtherNet/IP),EtherNet/IP,78.0,4806,44,4806.0,44.0
Middleware <-> Micro820 (EtherNet/IP),EtherNet/IP,79.0,3817,35,3817.0,35.0
Middleware <-> Micro820 (EtherNet/IP),EtherNet/IP,80.0,3392,31,3392.0,31.0
Middleware <-> Micro820 (EtherNet/IP),EtherNet/IP,81.0,4806,44,4806.0,44.0
Middleware <-> Micro820 (EtherNet/IP),EtherNet/IP,82.0,4806,44,4806.0,44.0
Middleware <-> Micro820 (EtherNet/IP),EtherNet/IP,83.0,2688,25,2688.0,25.0
Middleware <-> Micro820 (EtherNet/IP),EtherNet/IP,84.0,4521,41,4521.0,41.0
Middleware <-> Micro820 (EtherNet/IP),EtherNet/IP,85.0,4806,44,4806.0,44.0
Middleware <-> Micro820 (EtherNet/IP),EtherNet/IP,86.0,4806,44,4806.0,44.0
Middleware <-> Micro820 (EtherNet/IP),EtherNet/IP,87.0,4746,43,4746.0,43.0
Middleware <-> Micro820 (EtherNet/IP),EtherNet/IP,88.0,2463,23,2463.0,23.0
Middleware <-> Micro820 (EtherNet/IP),EtherNet/IP,89.0,4806,44,4806.0,44.0
Middleware <-> Micro820 (EtherNet/IP),EtherNet/IP,90.0,4806,44,4806.0,44.0
Middleware <-> Micro820 (EtherNet/IP),EtherNet/IP,91.0,4806,44,4806.0,44.0
Middleware <-> Micro820 (EtherNet/IP),EtherNet/IP,92.0,2403,22,2403.0,22.0
Middleware <-> Micro820 (EtherNet/IP),EtherNet/IP,93.0,4806,44,4806.0,44.0
Middleware <-> Micro820 (EtherNet/IP),EtherNet/IP,94.0,4806,44,4806.0,44.0
Middleware <-> Micro820 (EtherNet/IP),EtherNet/IP,95.0,4806,44,4806.0,44.0
Middleware <-> Micro820 (EtherNet/IP),EtherNet/IP,96.0,4746,43,4746.0,43.0
Middleware <-> Micro820 (EtherNet/IP),EtherNet/IP,97.0,2463,23,2463.0,23.0
Middleware <-> Micro820 (EtherNet/IP),EtherNet/IP,98.0,4806,44,4806.0,44.0
Middleware <-> Micro820 (EtherNet/IP),EtherNet/IP,99.0,4806,44,4806.0,44.0
Middleware <-> Micro820 (EtherNet/IP),EtherNet/IP,100.0,3817,35,3817.0,35.0
Middleware <-> Micro820 (EtherNet/IP),EtherNet/IP,101.0,3392,31,3392.0,31.0
Middleware <-> Micro820 (EtherNet/IP),EtherNet/IP,102.0,4806,44,4806.0,44.0
Middleware <-> Micro820 (EtherNet/IP),EtherNet/IP,103.0,4806,44,4806.0,44.0
Middleware <-> Micro820 (EtherNet/IP),EtherNet/IP,104.0,4746,43,4746.0,43.0
Middleware <-> Micro820 (EtherNet/IP),EtherNet/IP,105.0,2463,23,2463.0,23.0
Middleware <-> Micro820 (EtherNet/IP),EtherNet/IP,106.0,4806,44,4806.0,44.0
Middleware <-> Micro820 (EtherNet/IP),EtherNet/IP,107.0,4806,44,4806.0,44.0
Middleware <-> Micro820 (EtherNet/IP),EtherNet/IP,108.0,4806,44,4806.0,44.0
Middleware <-> Micro820 (EtherNet/IP),EtherNet/IP,109.0,3817,35,3817.0,35.0
Middleware <-> Micro820 (EtherNet/IP),EtherNet/IP,110.0,3392,31,3392.0,31.0
Middleware <-> Micro820 (EtherNet/IP),EtherNet/IP,111.0,4806,44,4806.0,44.0
Middleware <-> Micro820 (EtherNet/IP),EtherNet/IP,112.0,4806,44,4806.0,44.0
Middleware <-> Micro820 (EtherNet/IP),EtherNet/IP,113.0,3031,28,3031.0,28.0
Middleware <-> Micro820 (EtherNet/IP),EtherNet/IP,114.0,4178,38,4178.0,38.0
Middleware <-> Micro820 (EtherNet/IP),EtherNet/IP,115.0,4806,44,4806.0,44.0
Middleware <-> Micro820 (EtherNet/IP),EtherNet/IP,116.0,4806,44,4806.0,44.0
Middleware <-> Micro820 (EtherNet/IP),EtherNet/IP,117.0,4746,43,4746.0,43.0
Middleware <-> Micro820 (EtherNet/IP),EtherNet/IP,118.0,2463,23,2463.0,23.0
Middleware <-> Micro820 (EtherNet/IP),EtherNet/IP,119.0,4806,44,4806.0,44.0
Middleware <-> Micro820 (EtherNet/IP),EtherNet/IP,120.0,4806,44,4806.0,44.0
Middleware <-> Micro820 (EtherNet/IP),EtherNet/IP,121.0,4806,44,4806.0,44.0
Middleware <-> Micro820 (EtherNet/IP),EtherNet/IP,122.0,3485,32,3485.0,32.0
Middleware <-> Micro820 (EtherNet/IP),EtherNet/IP,123.0,3724,34,3724.0,34.0
Middleware <-> Micro820 (EtherNet/IP),EtherNet/IP,124.0,4806,44,4806.0,44.0
Middleware <-> Micro820 (EtherNet/IP),EtherNet/IP,125.0,4806,44,4806.0,44.0
Middleware <-> Micro820 (EtherNet/IP),EtherNet/IP,126.0,4746,43,4746.0,43.0
Middleware <-> Micro820 (EtherNet/IP),EtherNet/IP,127.0,2463,23,2463.0,23.0
Middleware <-> Micro820 (EtherNet/IP),EtherNet/IP,128.0,4806,44,4806.0,44.0
Middleware <-> Micro820 (EtherNet/IP),EtherNet/IP,129.0,4806,44,4806.0,44.0
Middleware <-> Micro820 (EtherNet/IP),EtherNet/IP,130.0,4746,43,4746.0,43.0
Middleware <-> Micro820 (EtherNet/IP),EtherNet/IP,131.0,2463,23,2463.0,23.0
Middleware <-> Micro820 (EtherNet/IP),EtherNet/IP,132.0,4806,44,4806.0,44.0
Middleware <-> Micro820 (EtherNet/IP),EtherNet/IP,133.0,4806,44,4806.0,44.0
Middleware <-> Micro820 (EtherNet/IP),EtherNet/IP,134.0,4806,44,4806.0,44.0
Middleware <-> Micro820 (EtherNet/IP),EtherNet/IP,135.0,2403,22,2403.0,22.0
Middleware <-> Micro820 (EtherNet/IP),EtherNet/IP,136.0,4806,44,4806.0,44.0
Middleware <-> Micro820 (EtherNet/IP),EtherNet/IP,137.0,4806,44,4806.0,44.0
Middleware <-> Micro820 (EtherNet/IP),EtherNet/IP,138.0,4806,44,4806.0,44.0
Middleware <-> Micro820 (EtherNet/IP),EtherNet/IP,139.0,4638,42,4638.0,42.0
Middleware <-> Micro820 (EtherNet/IP),EtherNet/IP,140.0,2571,24,2571.0,24.0
Middleware <-> Micro820 (EtherNet/IP),EtherNet/IP,141.0,4806,44,4806.0,44.0
Middleware <-> Micro820 (EtherNet/IP),EtherNet/IP,142.0,4806,44,4806.0,44.0
Middleware <-> Micro820 (EtherNet/IP),EtherNet/IP,143.0,3592,33,3592.0,33.0
Middleware <-> Micro820 (EtherNet/IP),EtherNet/IP,144.0,3617,33,3617.0,33.0
Middleware <-> Micro820 (EtherNet/IP),EtherNet/IP,145.0,4806,44,4806.0,44.0
Middleware <-> Micro820 (EtherNet/IP),EtherNet/IP,146.0,4806,44,4806.0,44.0
Middleware <-> Micro820 (EtherNet/IP),EtherNet/IP,147.0,4746,43,4746.0,43.0
Middleware <-> Micro820 (EtherNet/IP),EtherNet/IP,148.0,2463,23,2463.0,23.0
Middleware <-> Micro820 (EtherNet/IP),EtherNet/IP,149.0,4806,44,4806.0,44.0
Middleware <-> Micro820 (EtherNet/IP),EtherNet/IP,150.0,4806,44,4806.0,44.0
Middleware <-> Micro820 (EtherNet/IP),EtherNet/IP,151.0,4806,44,4806.0,44.0
Middleware <-> Micro820 (EtherNet/IP),EtherNet/IP,152.0,3138,29,3138.0,29.0
Middleware <-> Micro820 (EtherNet/IP),EtherNet/IP,153.0,4071,37,4071.0,37.0
Middleware <-> Micro820 (EtherNet/IP),EtherNet/IP,154.0,4806,44,4806.0,44.0
Middleware <-> Micro820 (EtherNet/IP),EtherNet/IP,155.0,4806,44,4806.0,44.0
Middleware <-> Micro820 (EtherNet/IP),EtherNet/IP,156.0,4746,43,4746.0,43.0
Middleware <-> Micro820 (EtherNet/IP),EtherNet/IP,157.0,2463,23,2463.0,23.0
Middleware <-> Micro820 (EtherNet/IP),EtherNet/IP,158.0,4806,44,4806.0,44.0
Middleware <-> Micro820 (EtherNet/IP),EtherNet/IP,159.0,4806,44,4806.0,44.0
Middleware <-> Micro820 (EtherNet/IP),EtherNet/IP,160.0,4278,39,4278.0,39.0
Middleware <-> Micro820 (EtherNet/IP),EtherNet/IP,161.0,2931,27,2931.0,27.0
Middleware <-> Micro820 (EtherNet/IP),EtherNet/IP,162.0,4806,44,4806.0,44.0
Middleware <-> Micro820 (EtherNet/IP),EtherNet/IP,163.0,4806,44,4806.0,44.0
Middleware <-> Micro820 (EtherNet/IP),EtherNet/IP,164.0,4806,44,4806.0,44.0
Middleware <-> Micro820 (EtherNet/IP),EtherNet/IP,165.0,2403,22,2403.0,22.0
Middleware <-> Micro820 (EtherNet/IP),EtherNet/IP,166.0,4806,44,4806.0,44.0
Middleware <-> Micro820 (EtherNet/IP),EtherNet/IP,167.0,4806,44,4806.0,44.0
Middleware <-> Micro820 (EtherNet/IP),EtherNet/IP,168.0,4806,44,4806.0,44.0
Middleware <-> Micro820 (EtherNet/IP),EtherNet/IP,169.0,4746,43,4746.0,43.0
Middleware <-> Micro820 (EtherNet/IP),EtherNet/IP,170.0,2463,23,2463.0,23.0
Middleware <-> Micro820 (EtherNet/IP),EtherNet/IP,171.0,4806,44,4806.0,44.0
Middleware <-> Micro820 (EtherNet/IP),EtherNet/IP,172.0,4806,44,4806.0,44.0
Middleware <-> Micro820 (EtherNet/IP),EtherNet/IP,173.0,3935,36,3935.0,36.0
Middleware <-> Micro820 (EtherNet/IP),EtherNet/IP,174.0,3274,30,3274.0,30.0
Middleware <-> Micro820 (EtherNet/IP),EtherNet/IP,175.0,4806,44,4806.0,44.0
Middleware <-> Micro820 (EtherNet/IP),EtherNet/IP,176.0,4806,44,4806.0,44.0
Middleware <-> Micro820 (EtherNet/IP),EtherNet/IP,177.0,4806,44,4806.0,44.0
Middleware <-> Micro820 (EtherNet/IP),EtherNet/IP,178.0,2403,22,2403.0,22.0
Middleware <-> Micro820 (EtherNet/IP),EtherNet/IP,179.0,4806,44,4806.0,44.0
Middleware <-> Micro820 (EtherNet/IP),EtherNet/IP,180.0,4806,44,4806.0,44.0
Middleware <-> Micro820 (EtherNet/IP),EtherNet/IP,181.0,4806,44,4806.0,44.0
Middleware <-> Micro820 (EtherNet/IP),EtherNet/IP,182.0,3935,36,3935.0,36.0
Middleware <-> Micro820 (EtherNet/IP),EtherNet/IP,183.0,3274,30,3274.0,30.0
Middleware <-> Micro820 (EtherNet/IP),EtherNet/IP,184.0,4806,44,4806.0,44.0
Middleware <-> Micro820 (EtherNet/IP),EtherNet/IP,185.0,4806,44,4806.0,44.0
Middleware <-> Micro820 (EtherNet/IP),EtherNet/IP,186.0,4746,43,4746.0,43.0
Middleware <-> Micro820 (EtherNet/IP),EtherNet/IP,187.0,2463,23,2463.0,23.0
Middleware <-> Micro820 (EtherNet/IP),EtherNet/IP,188.0,4806,44,4806.0,44.0
Middleware <-> Micro820 (EtherNet/IP),EtherNet/IP,189.0,4806,44,4806.0,44.0
Middleware <-> Micro820 (EtherNet/IP),EtherNet/IP,190.0,4746,43,4746.0,43.0
Middleware <-> Micro820 (EtherNet/IP),EtherNet/IP,191.0,2463,23,2463.0,23.0
Middleware <-> Micro820 (EtherNet/IP),EtherNet/IP,192.0,4806,44,4806.0,44.0
Middleware <-> Micro820 (EtherNet/IP),EtherNet/IP,193.0,4806,44,4806.0,44.0
Middleware <-> Micro820 (EtherNet/IP),EtherNet/IP,194.0,4806,44,4806.0,44.0
Middleware <-> Micro820 (EtherNet/IP),EtherNet/IP,195.0,3138,29,3138.0,29.0
Middleware <-> Micro820 (EtherNet/IP),EtherNet/IP,196.0,4071,37,4071.0,37.0
Middleware <-> Micro820 (EtherNet/IP),EtherNet/IP,197.0,4806,44,4806.0,44.0
Middleware <-> Micro820 (EtherNet/IP),EtherNet/IP,198.0,4806,44,4806.0,44.0
Middleware <-> Micro820 (EtherNet/IP),EtherNet/IP,199.0,4746,43,4746.0,43.0
Middleware <-> Micro820 (EtherNet/IP),EtherNet/IP,200.0,2463,23,2463.0,23.0
Middleware <-> Micro820 (EtherNet/IP),EtherNet/IP,201.0,4806,44,4806.0,44.0
Middleware <-> Micro820 (EtherNet/IP),EtherNet/IP,202.0,4806,44,4806.0,44.0
Middleware <-> Micro820 (EtherNet/IP),EtherNet/IP,203.0,4408,40,4408.0,40.0
Middleware <-> Micro820 (EtherNet/IP),EtherNet/IP,204.0,2801,26,2801.0,26.0
Middleware <-> Micro820 (EtherNet/IP),EtherNet/IP,205.0,4806,44,4806.0,44.0
Middleware <-> Micro820 (EtherNet/IP),EtherNet/IP,206.0,4806,44,4806.0,44.0
Middleware <-> Micro820 (EtherNet/IP),EtherNet/IP,207.0,4806,44,4806.0,44.0
Middleware <-> Micro820 (EtherNet/IP),EtherNet/IP,208.0,2403,22,2403.0,22.0
Middleware <-> Micro820 (EtherNet/IP),EtherNet/IP,209.0,4806,44,4806.0,44.0
Middleware <-> Micro820 (EtherNet/IP),EtherNet/IP,210.0,4806,44,4806.0,44.0
Middleware <-> Micro820 (EtherNet/IP),EtherNet/IP,211.0,4806,44,4806.0,44.0
Middleware <-> Micro820 (EtherNet/IP),EtherNet/IP,212.0,4746,43,4746.0,43.0
Middleware <-> Micro820 (EtherNet/IP),EtherNet/IP,213.0,2463,23,2463.0,23.0
Middleware <-> Micro820 (EtherNet/IP),EtherNet/IP,214.0,4806,44,4806.0,44.0
Middleware <-> Micro820 (EtherNet/IP),EtherNet/IP,215.0,4806,44,4806.0,44.0
Middleware <-> Micro820 (EtherNet/IP),EtherNet/IP,216.0,4806,44,4806.0,44.0
Middleware <-> Micro820 (EtherNet/IP),EtherNet/IP,217.0,2403,22,2403.0,22.0
Middleware <-> Micro820 (EtherNet/IP),EtherNet/IP,218.0,4806,44,4806.0,44.0
Middleware <-> Micro820 (EtherNet/IP),EtherNet/IP,219.0,4806,44,4806.0,44.0
Middleware <-> Micro820 (EtherNet/IP),EtherNet/IP,220.0,4746,43,4746.0,43.0
Middleware <-> Micro820 (EtherNet/IP),EtherNet/IP,221.0,2463,23,2463.0,23.0
Middleware <-> Micro820 (EtherNet/IP),EtherNet/IP,222.0,4806,44,4806.0,44.0
Middleware <-> Micro820 (EtherNet/IP),EtherNet/IP,223.0,4806,44,4806.0,44.0
Middleware <-> Micro820 (EtherNet/IP),EtherNet/IP,224.0,4806,44,4806.0,44.0
Middleware <-> Micro820 (EtherNet/IP),EtherNet/IP,225.0,3710,34,3710.0,34.0
Middleware <-> Micro820 (EtherNet/IP),EtherNet/IP,226.0,3499,32,3499.0,32.0
Middleware <-> Micro820 (EtherNet/IP),EtherNet/IP,227.0,4806,44,4806.0,44.0
Middleware <-> Micro820 (EtherNet/IP),EtherNet/IP,228.0,4806,44,4806.0,44.0
Middleware <-> Micro820 (EtherNet/IP),EtherNet/IP,229.0,4806,44,4806.0,44.0
Middleware <-> Micro820 (EtherNet/IP),EtherNet/IP,230.0,2403,22,2403.0,22.0
Middleware <-> Micro820 (EtherNet/IP),EtherNet/IP,231.0,4806,44,4806.0,44.0
Middleware <-> Micro820 (EtherNet/IP),EtherNet/IP,232.0,4806,44,4806.0,44.0
Middleware <-> Micro820 (EtherNet/IP),EtherNet/IP,233.0,4746,43,4746.0,43.0
Middleware <-> Micro820 (EtherNet/IP),EtherNet/IP,234.0,2463,23,2463.0,23.0
Middleware <-> Micro820 (EtherNet/IP),EtherNet/IP,235.0,4806,44,4806.0,44.0
Middleware <-> Micro820 (EtherNet/IP),EtherNet/IP,236.0,4806,44,4806.0,44.0
Middleware <-> Micro820 (EtherNet/IP),EtherNet/IP,237.0,4806,44,4806.0,44.0
Middleware <-> Micro820 (EtherNet/IP),EtherNet/IP,238.0,3485,32,3485.0,32.0
Middleware <-> Micro820 (EtherNet/IP),EtherNet/IP,239.0,3724,34,3724.0,34.0
Middleware <-> Micro820 (EtherNet/IP),EtherNet/IP,240.0,4806,44,4806.0,44.0
Middleware <-> Micro820 (EtherNet/IP),EtherNet/IP,241.0,4806,44,4806.0,44.0
Middleware <-> Micro820 (EtherNet/IP),EtherNet/IP,242.0,4746,43,4746.0,43.0
Middleware <-> Micro820 (EtherNet/IP),EtherNet/IP,243.0,2463,23,2463.0,23.0
Middleware <-> Micro820 (EtherNet/IP),EtherNet/IP,244.0,4806,44,4806.0,44.0
Middleware <-> Micro820 (EtherNet/IP),EtherNet/IP,245.0,4806,44,4806.0,44.0
Middleware <-> Micro820 (EtherNet/IP),EtherNet/IP,246.0,4806,44,4806.0,44.0
Middleware <-> Micro820 (EtherNet/IP),EtherNet/IP,247.0,2403,22,2403.0,22.0
Middleware <-> Micro820 (EtherNet/IP),EtherNet/IP,248.0,4806,44,4806.0,44.0
Middleware <-> Micro820 (EtherNet/IP),EtherNet/IP,249.0,4806,44,4806.0,44.0
Middleware <-> Micro820 (EtherNet/IP),EtherNet/IP,250.0,4806,44,4806.0,44.0
Middleware <-> Micro820 (EtherNet/IP),EtherNet/IP,251.0,3710,34,3710.0,34.0
Middleware <-> Micro820 (EtherNet/IP),EtherNet/IP,252.0,3499,32,3499.0,32.0
Middleware <-> Micro820 (EtherNet/IP),EtherNet/IP,253.0,4806,44,4806.0,44.0
Middleware <-> Micro820 (EtherNet/IP),EtherNet/IP,254.0,4806,44,4806.0,44.0
Middleware <-> Micro820 (EtherNet/IP),EtherNet/IP,255.0,4806,44,4806.0,44.0
Middleware <-> Micro820 (EtherNet/IP),EtherNet/IP,256.0,2403,22,2403.0,22.0
Middleware <-> Micro820 (EtherNet/IP),EtherNet/IP,257.0,4806,44,4806.0,44.0
Middleware <-> Micro820 (EtherNet/IP),EtherNet/IP,258.0,4806,44,4806.0,44.0
Middleware <-> Micro820 (EtherNet/IP),EtherNet/IP,259.0,4806,44,4806.0,44.0
Middleware <-> Micro820 (EtherNet/IP),EtherNet/IP,260.0,4746,43,4746.0,43.0
Middleware <-> Micro820 (EtherNet/IP),EtherNet/IP,261.0,2463,23,2463.0,23.0
Middleware <-> Micro820 (EtherNet/IP),EtherNet/IP,262.0,4806,44,4806.0,44.0
Middleware <-> Micro820 (EtherNet/IP),EtherNet/IP,263.0,4806,44,4806.0,44.0
Middleware <-> Micro820 (EtherNet/IP),EtherNet/IP,264.0,4516,41,4516.0,41.0
Middleware <-> Micro820 (EtherNet/IP),EtherNet/IP,265.0,2693,25,2693.0,25.0
Middleware <-> Micro820 (EtherNet/IP),EtherNet/IP,266.0,4806,44,4806.0,44.0
Middleware <-> Micro820 (EtherNet/IP),EtherNet/IP,267.0,4806,44,4806.0,44.0
Middleware <-> Micro820 (EtherNet/IP),EtherNet/IP,268.0,4806,44,4806.0,44.0
Middleware <-> Micro820 (EtherNet/IP),EtherNet/IP,269.0,2403,22,2403.0,22.0
Middleware <-> Micro820 (EtherNet/IP),EtherNet/IP,270.0,4806,44,4806.0,44.0
Middleware <-> Micro820 (EtherNet/IP),EtherNet/IP,271.0,4806,44,4806.0,44.0
Middleware <-> Micro820 (EtherNet/IP),EtherNet/IP,272.0,4806,44,4806.0,44.0
Middleware <-> Micro820 (EtherNet/IP),EtherNet/IP,273.0,4746,43,4746.0,43.0
Middleware <-> Micro820 (EtherNet/IP),EtherNet/IP,274.0,2463,23,2463.0,23.0
Middleware <-> Micro820 (EtherNet/IP),EtherNet/IP,275.0,4806,44,4806.0,44.0
Middleware <-> Micro820 (EtherNet/IP),EtherNet/IP,276.0,4806,44,4806.0,44.0
Middleware <-> Micro820 (EtherNet/IP),EtherNet/IP,277.0,4806,44,4806.0,44.0
Middleware <-> Micro820 (EtherNet/IP),EtherNet/IP,278.0,3031,28,3031.0,28.0
Middleware <-> Micro820 (EtherNet/IP),EtherNet/IP,279.0,4178,38,4178.0,38.0
Middleware <-> Micro820 (EtherNet/IP),EtherNet/IP,280.0,4806,44,4806.0,44.0
Middleware <-> Micro820 (EtherNet/IP),EtherNet/IP,281.0,4806,44,4806.0,44.0
Middleware <-> Micro820 (EtherNet/IP),EtherNet/IP,282.0,2403,22,2403.0,22.0
Middleware <-> Micro820 (EtherNet/IP),EtherNet/IP,283.0,4806,44,4806.0,44.0
Middleware <-> Micro820 (EtherNet/IP),EtherNet/IP,284.0,4806,44,4806.0,44.0
Middleware <-> Micro820 (EtherNet/IP),EtherNet/IP,285.0,4806,44,4806.0,44.0
Middleware <-> Micro820 (EtherNet/IP),EtherNet/IP,286.0,3935,36,3935.0,36.0
Middleware <-> Micro820 (EtherNet/IP),EtherNet/IP,287.0,3274,30,3274.0,30.0
Middleware <-> Micro820 (EtherNet/IP),EtherNet/IP,288.0,4806,44,4806.0,44.0
Middleware <-> Micro820 (EtherNet/IP),EtherNet/IP,289.0,4806,44,4806.0,44.0
Middleware <-> Micro820 (EtherNet/IP),EtherNet/IP,290.0,4746,43,4746.0,43.0
Middleware <-> Micro820 (EtherNet/IP),EtherNet/IP,291.0,2463,23,2463.0,23.0
Middleware <-> Micro820 (EtherNet/IP),EtherNet/IP,292.0,4806,44,4806.0,44.0
Middleware <-> Micro820 (EtherNet/IP),EtherNet/IP,293.0,4806,44,4806.0,44.0
Middleware <-> Micro820 (EtherNet/IP),EtherNet/IP,294.0,4746,43,4746.0,43.0
Middleware <-> Micro820 (EtherNet/IP),EtherNet/IP,295.0,2463,23,2463.0,23.0
Middleware <-> Micro820 (EtherNet/IP),EtherNet/IP,296.0,4806,44,4806.0,44.0
Middleware <-> Micro820 (EtherNet/IP),EtherNet/IP,297.0,4806,44,4806.0,44.0
Middleware <-> Micro820 (EtherNet/IP),EtherNet/IP,298.0,4806,44,4806.0,44.0
Middleware <-> Micro820 (EtherNet/IP),EtherNet/IP,299.0,2806,26,2806.0,26.0
Middleware <-> Micro820 (EtherNet/IP),EtherNet/IP,300.0,4403,40,4403.0,40.0
Middleware <-> Micro820 (EtherNet/IP),EtherNet/IP,301.0,4806,44,4806.0,44.0
Middleware <-> Micro820 (EtherNet/IP),EtherNet/IP,302.0,4806,44,4806.0,44.0
Middleware <-> Micro820 (EtherNet/IP),EtherNet/IP,303.0,4746,43,4746.0,43.0
Middleware <-> Micro820 (EtherNet/IP),EtherNet/IP,304.0,2463,23,2463.0,23.0
Middleware <-> Micro820 (EtherNet/IP),EtherNet/IP,305.0,4806,44,4806.0,44.0
Middleware <-> Micro820 (EtherNet/IP),EtherNet/IP,306.0,4806,44,4806.0,44.0
Middleware <-> Micro820 (EtherNet/IP),EtherNet/IP,307.0,4806,44,4806.0,44.0
Middleware <-> Micro820 (EtherNet/IP),EtherNet/IP,308.0,2403,22,2403.0,22.0
Middleware <-> Micro820 (EtherNet/IP),EtherNet/IP,309.0,4806,44,4806.0,44.0
Middleware <-> Micro820 (EtherNet/IP),EtherNet/IP,310.0,4806,44,4806.0,44.0
Middleware <-> Micro820 (EtherNet/IP),EtherNet/IP,311.0,4806,44,4806.0,44.0
Middleware <-> Micro820 (EtherNet/IP),EtherNet/IP,312.0,2403,22,2403.0,22.0
Middleware <-> Micro820 (EtherNet/IP),EtherNet/IP,313.0,4806,44,4806.0,44.0
Middleware <-> Micro820 (EtherNet/IP),EtherNet/IP,314.0,4806,44,4806.0,44.0
Middleware <-> Micro820 (EtherNet/IP),EtherNet/IP,315.0,4806,44,4806.0,44.0
Middleware <-> Micro820 (EtherNet/IP),EtherNet/IP,316.0,4746,43,4746.0,43.0
Middleware <-> Micro820 (EtherNet/IP),EtherNet/IP,317.0,2463,23,2463.0,23.0
Middleware <-> Micro820 (EtherNet/IP),EtherNet/IP,318.0,4806,44,4806.0,44.0
Middleware <-> Micro820 (EtherNet/IP),EtherNet/IP,319.0,4806,44,4806.0,44.0
Middleware <-> Micro820 (EtherNet/IP),EtherNet/IP,320.0,4806,44,4806.0,44.0
Middleware <-> Micro820 (EtherNet/IP),EtherNet/IP,321.0,2403,22,2403.0,22.0
Middleware <-> Micro820 (EtherNet/IP),EtherNet/IP,322.0,4806,44,4806.0,44.0
Middleware <-> Micro820 (EtherNet/IP),EtherNet/IP,323.0,4806,44,4806.0,44.0
Middleware <-> Micro820 (EtherNet/IP),EtherNet/IP,324.0,4746,43,4746.0,43.0
Middleware <-> Micro820 (EtherNet/IP),EtherNet/IP,325.0,2463,23,2463.0,23.0
Middleware <-> Micro820 (EtherNet/IP),EtherNet/IP,326.0,4806,44,4806.0,44.0
Middleware <-> Micro820 (EtherNet/IP),EtherNet/IP,327.0,4806,44,4806.0,44.0
Middleware <-> Micro820 (EtherNet/IP),EtherNet/IP,328.0,4806,44,4806.0,44.0
Middleware <-> Micro820 (EtherNet/IP),EtherNet/IP,329.0,3260,30,3260.0,30.0
Middleware <-> Micro820 (EtherNet/IP),EtherNet/IP,330.0,3949,36,3949.0,36.0
Middleware <-> Micro820 (EtherNet/IP),EtherNet/IP,331.0,4806,44,4806.0,44.0
Middleware <-> Micro820 (EtherNet/IP),EtherNet/IP,332.0,4806,44,4806.0,44.0
Middleware <-> Micro820 (EtherNet/IP),EtherNet/IP,333.0,4746,43,4746.0,43.0
Middleware <-> Micro820 (EtherNet/IP),EtherNet/IP,334.0,2463,23,2463.0,23.0
Middleware <-> Micro820 (EtherNet/IP),EtherNet/IP,335.0,4806,44,4806.0,44.0
Middleware <-> Micro820 (EtherNet/IP),EtherNet/IP,336.0,4806,44,4806.0,44.0
Middleware <-> Micro820 (EtherNet/IP),EtherNet/IP,337.0,4746,43,4746.0,43.0
Middleware <-> Micro820 (EtherNet/IP),EtherNet/IP,338.0,2463,23,2463.0,23.0
Middleware <-> Micro820 (EtherNet/IP),EtherNet/IP,339.0,4806,44,4806.0,44.0
Middleware <-> Micro820 (EtherNet/IP),EtherNet/IP,340.0,4806,44,4806.0,44.0
Middleware <-> Micro820 (EtherNet/IP),EtherNet/IP,341.0,4806,44,4806.0,44.0
Middleware <-> Micro820 (EtherNet/IP),EtherNet/IP,342.0,3031,28,3031.0,28.0
Middleware <-> Micro820 (EtherNet/IP),EtherNet/IP,343.0,4178,38,4178.0,38.0
Middleware <-> Micro820 (EtherNet/IP),EtherNet/IP,344.0,4806,44,4806.0,44.0
Middleware <-> Micro820 (EtherNet/IP),EtherNet/IP,345.0,4806,44,4806.0,44.0
Middleware <-> Micro820 (EtherNet/IP),EtherNet/IP,346.0,4746,43,4746.0,43.0
Middleware <-> Micro820 (EtherNet/IP),EtherNet/IP,347.0,2463,23,2463.0,23.0
Middleware <-> Micro820 (EtherNet/IP),EtherNet/IP,348.0,4806,44,4806.0,44.0
Middleware <-> Micro820 (EtherNet/IP),EtherNet/IP,349.0,4806,44,4806.0,44.0
Middleware <-> Micro820 (EtherNet/IP),EtherNet/IP,350.0,4806,44,4806.0,44.0
Middleware <-> Micro820 (EtherNet/IP),EtherNet/IP,351.0,2806,26,2806.0,26.0
Middleware <-> Micro820 (EtherNet/IP),EtherNet/IP,352.0,4403,40,4403.0,40.0
Middleware <-> Micro820 (EtherNet/IP),EtherNet/IP,353.0,4806,44,4806.0,44.0
Middleware <-> Micro820 (EtherNet/IP),EtherNet/IP,354.0,4806,44,4806.0,44.0
Middleware <-> Micro820 (EtherNet/IP),EtherNet/IP,355.0,2403,22,2403.0,22.0
Middleware <-> Micro820 (EtherNet/IP),EtherNet/IP,356.0,4806,44,4806.0,44.0
Middleware <-> Micro820 (EtherNet/IP),EtherNet/IP,357.0,4806,44,4806.0,44.0
Middleware <-> Micro820 (EtherNet/IP),EtherNet/IP,358.0,4806,44,4806.0,44.0
Middleware <-> Micro820 (EtherNet/IP),EtherNet/IP,359.0,4638,42,4638.0,42.0
Middleware <-> Micro820 (EtherNet/IP),EtherNet/IP,360.0,2571,24,2571.0,24.0
Middleware <-> Micro820 (EtherNet/IP),EtherNet/IP,361.0,4806,44,4806.0,44.0
Middleware <-> Micro820 (EtherNet/IP),EtherNet/IP,362.0,4806,44,4806.0,44.0
Middleware <-> Micro820 (EtherNet/IP),EtherNet/IP,363.0,4806,44,4806.0,44.0
Middleware <-> Micro820 (EtherNet/IP),EtherNet/IP,364.0,2403,22,2403.0,22.0
Middleware <-> Micro820 (EtherNet/IP),EtherNet/IP,365.0,4806,44,4806.0,44.0
Middleware <-> Micro820 (EtherNet/IP),EtherNet/IP,366.0,4806,44,4806.0,44.0
Middleware <-> Micro820 (EtherNet/IP),EtherNet/IP,367.0,4746,43,4746.0,43.0
Middleware <-> Micro820 (EtherNet/IP),EtherNet/IP,368.0,2463,23,2463.0,23.0
Middleware <-> Micro820 (EtherNet/IP),EtherNet/IP,369.0,4806,44,4806.0,44.0
Middleware <-> Micro820 (EtherNet/IP),EtherNet/IP,370.0,4806,44,4806.0,44.0
Middleware <-> Micro820 (EtherNet/IP),EtherNet/IP,371.0,4806,44,4806.0,44.0
Middleware <-> Micro820 (EtherNet/IP),EtherNet/IP,372.0,4278,39,4278.0,39.0
Middleware <-> Micro820 (EtherNet/IP),EtherNet/IP,373.0,2931,27,2931.0,27.0
Middleware <-> Micro820 (EtherNet/IP),EtherNet/IP,374.0,4806,44,4806.0,44.0
Middleware <-> Micro820 (EtherNet/IP),EtherNet/IP,375.0,4806,44,4806.0,44.0
Middleware <-> Micro820 (EtherNet/IP),EtherNet/IP,376.0,4746,43,4746.0,43.0
Middleware <-> Micro820 (EtherNet/IP),EtherNet/IP,377.0,2463,23,2463.0,23.0
Middleware <-> Micro820 (EtherNet/IP),EtherNet/IP,378.0,4806,44,4806.0,44.0
Middleware <-> Micro820 (EtherNet/IP),EtherNet/IP,379.0,4806,44,4806.0,44.0
Middleware <-> Micro820 (EtherNet/IP),EtherNet/IP,380.0,4806,44,4806.0,44.0
Middleware <-> Micro820 (EtherNet/IP),EtherNet/IP,381.0,2403,22,2403.0,22.0
Middleware <-> Micro820 (EtherNet/IP),EtherNet/IP,382.0,4806,44,4806.0,44.0
Middleware <-> Micro820 (EtherNet/IP),EtherNet/IP,383.0,4806,44,4806.0,44.0
Middleware <-> Micro820 (EtherNet/IP),EtherNet/IP,384.0,4806,44,4806.0,44.0
Middleware <-> Micro820 (EtherNet/IP),EtherNet/IP,385.0,3031,28,3031.0,28.0
Middleware <-> Micro820 (EtherNet/IP),EtherNet/IP,386.0,4178,38,4178.0,38.0
Middleware <-> Micro820 (EtherNet/IP),EtherNet/IP,387.0,4806,44,4806.0,44.0
Middleware <-> Micro820 (EtherNet/IP),EtherNet/IP,388.0,4806,44,4806.0,44.0
Middleware <-> Micro820 (EtherNet/IP),EtherNet/IP,389.0,4746,43,4746.0,43.0
Middleware <-> Micro820 (EtherNet/IP),EtherNet/IP,390.0,2463,23,2463.0,23.0
Middleware <-> Micro820 (EtherNet/IP),EtherNet/IP,391.0,4806,44,4806.0,44.0
Middleware <-> Micro820 (EtherNet/IP),EtherNet/IP,392.0,4806,44,4806.0,44.0
Middleware <-> Micro820 (EtherNet/IP),EtherNet/IP,393.0,4806,44,4806.0,44.0
Middleware <-> Micro820 (EtherNet/IP),EtherNet/IP,394.0,2806,26,2806.0,26.0
Middleware <-> Micro820 (EtherNet/IP),EtherNet/IP,395.0,4403,40,4403.0,40.0
Middleware <-> Micro820 (EtherNet/IP),EtherNet/IP,396.0,4806,44,4806.0,44.0
Middleware <-> Micro820 (EtherNet/IP),EtherNet/IP,397.0,4806,44,4806.0,44.0
Middleware <-> Micro820 (EtherNet/IP),EtherNet/IP,398.0,2403,22,2403.0,22.0
Middleware <-> Micro820 (EtherNet/IP),EtherNet/IP,399.0,4806,44,4806.0,44.0
Middleware <-> Micro820 (EtherNet/IP),EtherNet/IP,400.0,4806,44,4806.0,44.0
Middleware <-> Micro820 (EtherNet/IP),EtherNet/IP,401.0,4806,44,4806.0,44.0
Middleware <-> Micro820 (EtherNet/IP),EtherNet/IP,402.0,4638,42,4638.0,42.0
Middleware <-> Micro820 (EtherNet/IP),EtherNet/IP,403.0,2571,24,2571.0,24.0
Middleware <-> Micro820 (EtherNet/IP),EtherNet/IP,404.0,4806,44,4806.0,44.0
Middleware <-> Micro820 (EtherNet/IP),EtherNet/IP,405.0,4806,44,4806.0,44.0
Middleware <-> Micro820 (EtherNet/IP),EtherNet/IP,406.0,4806,44,4806.0,44.0
Middleware <-> Micro820 (EtherNet/IP),EtherNet/IP,407.0,2403,22,2403.0,22.0
Middleware <-> Micro820 (EtherNet/IP),EtherNet/IP,408.0,4806,44,4806.0,44.0
Middleware <-> Micro820 (EtherNet/IP),EtherNet/IP,409.0,4806,44,4806.0,44.0
Middleware <-> Micro820 (EtherNet/IP),EtherNet/IP,410.0,4806,44,4806.0,44.0
Middleware <-> Micro820 (EtherNet/IP),EtherNet/IP,411.0,4408,40,4408.0,40.0
Middleware <-> Micro820 (EtherNet/IP),EtherNet/IP,412.0,2801,26,2801.0,26.0
Middleware <-> Micro820 (EtherNet/IP),EtherNet/IP,413.0,4806,44,4806.0,44.0
Middleware <-> Micro820 (EtherNet/IP),EtherNet/IP,414.0,4806,44,4806.0,44.0
Middleware <-> Micro820 (EtherNet/IP),EtherNet/IP,415.0,3138,29,3138.0,29.0
Middleware <-> Micro820 (EtherNet/IP),EtherNet/IP,416.0,4071,37,4071.0,37.0
Middleware <-> Micro820 (EtherNet/IP),EtherNet/IP,417.0,4806,44,4806.0,44.0
Middleware <-> Micro820 (EtherNet/IP),EtherNet/IP,418.0,4806,44,4806.0,44.0
Middleware <-> Micro820 (EtherNet/IP),EtherNet/IP,419.0,4746,43,4746.0,43.0
Middleware <-> Micro820 (EtherNet/IP),EtherNet/IP,420.0,2463,23,2463.0,23.0
Middleware <-> Micro820 (EtherNet/IP),EtherNet/IP,421.0,4806,44,4806.0,44.0
Middleware <-> Micro820 (EtherNet/IP),EtherNet/IP,422.0,4806,44,4806.0,44.0
Middleware <-> Micro820 (EtherNet/IP),EtherNet/IP,423.0,4806,44,4806.0,44.0
Middleware <-> Micro820 (EtherNet/IP),EtherNet/IP,424.0,3031,28,3031.0,28.0
Middleware <-> Micro820 (EtherNet/IP),EtherNet/IP,425.0,4178,38,4178.0,38.0
Middleware <-> Micro820 (EtherNet/IP),EtherNet/IP,426.0,4806,44,4806.0,44.0
Middleware <-> Micro820 (EtherNet/IP),EtherNet/IP,427.0,4806,44,4806.0,44.0
Middleware <-> Micro820 (EtherNet/IP),EtherNet/IP,428.0,2521,23,2521.0,23.0
Middleware <-> Micro820 (EtherNet/IP),EtherNet/IP,429.0,4688,43,4688.0,43.0
Middleware <-> Micro820 (EtherNet/IP),EtherNet/IP,430.0,4806,44,4806.0,44.0
Middleware <-> Micro820 (EtherNet/IP),EtherNet/IP,431.0,4806,44,4806.0,44.0
Middleware <-> Micro820 (EtherNet/IP),EtherNet/IP,432.0,4746,43,4746.0,43.0
Middleware <-> Micro820 (EtherNet/IP),EtherNet/IP,433.0,2463,23,2463.0,23.0
Middleware <-> Micro820 (EtherNet/IP),EtherNet/IP,434.0,4806,44,4806.0,44.0
Middleware <-> Micro820 (EtherNet/IP),EtherNet/IP,435.0,4806,44,4806.0,44.0
Middleware <-> Micro820 (EtherNet/IP),EtherNet/IP,436.0,4806,44,4806.0,44.0
Middleware <-> Micro820 (EtherNet/IP),EtherNet/IP,437.0,2403,22,2403.0,22.0
Middleware <-> Micro820 (EtherNet/IP),EtherNet/IP,438.0,4806,44,4806.0,44.0
Middleware <-> Micro820 (EtherNet/IP),EtherNet/IP,439.0,4806,44,4806.0,44.0
Middleware <-> Micro820 (EtherNet/IP),EtherNet/IP,440.0,4806,44,4806.0,44.0
Middleware <-> Micro820 (EtherNet/IP),EtherNet/IP,441.0,4746,43,4746.0,43.0
Middleware <-> Micro820 (EtherNet/IP),EtherNet/IP,442.0,2463,23,2463.0,23.0
Middleware <-> Micro820 (EtherNet/IP),EtherNet/IP,443.0,4806,44,4806.0,44.0
Middleware <-> Micro820 (EtherNet/IP),EtherNet/IP,444.0,4806,44,4806.0,44.0
Middleware <-> Micro820 (EtherNet/IP),EtherNet/IP,445.0,4170,38,4170.0,38.0
Middleware <-> Micro820 (EtherNet/IP),EtherNet/IP,446.0,3039,28,3039.0,28.0
Middleware <-> Micro820 (EtherNet/IP),EtherNet/IP,447.0,4806,44,4806.0,44.0
Middleware <-> Micro820 (EtherNet/IP),EtherNet/IP,448.0,4806,44,4806.0,44.0
Middleware <-> Micro820 (EtherNet/IP),EtherNet/IP,449.0,4806,44,4806.0,44.0
Middleware <-> Micro820 (EtherNet/IP),EtherNet/IP,450.0,2403,22,2403.0,22.0
Middleware <-> Micro820 (EtherNet/IP),EtherNet/IP,451.0,4806,44,4806.0,44.0
Middleware <-> Micro820 (EtherNet/IP),EtherNet/IP,452.0,4806,44,4806.0,44.0
Middleware <-> Micro820 (EtherNet/IP),EtherNet/IP,453.0,4806,44,4806.0,44.0
Middleware <-> Micro820 (EtherNet/IP),EtherNet/IP,454.0,4408,40,4408.0,40.0
Middleware <-> Micro820 (EtherNet/IP),EtherNet/IP,455.0,2801,26,2801.0,26.0
Middleware <-> Micro820 (EtherNet/IP),EtherNet/IP,456.0,4806,44,4806.0,44.0
Middleware <-> Micro820 (EtherNet/IP),EtherNet/IP,457.0,4806,44,4806.0,44.0
Middleware <-> Micro820 (EtherNet/IP),EtherNet/IP,458.0,3031,28,3031.0,28.0
Middleware <-> Micro820 (EtherNet/IP),EtherNet/IP,459.0,4178,38,4178.0,38.0
Middleware <-> Micro820 (EtherNet/IP),EtherNet/IP,460.0,4806,44,4806.0,44.0
Middleware <-> Micro820 (EtherNet/IP),EtherNet/IP,461.0,4806,44,4806.0,44.0
Middleware <-> Micro820 (EtherNet/IP),EtherNet/IP,462.0,4746,43,4746.0,43.0
Middleware <-> Micro820 (EtherNet/IP),EtherNet/IP,463.0,2463,23,2463.0,23.0
Middleware <-> Micro820 (EtherNet/IP),EtherNet/IP,464.0,4806,44,4806.0,44.0
Middleware <-> Micro820 (EtherNet/IP),EtherNet/IP,465.0,4806,44,4806.0,44.0
Middleware <-> Micro820 (EtherNet/IP),EtherNet/IP,466.0,4806,44,4806.0,44.0
Middleware <-> Micro820 (EtherNet/IP),EtherNet/IP,467.0,3710,34,3710.0,34.0
Middleware <-> Micro820 (EtherNet/IP),EtherNet/IP,468.0,3499,32,3499.0,32.0
Middleware <-> Micro820 (EtherNet/IP),EtherNet/IP,469.0,4806,44,4806.0,44.0
Middleware <-> Micro820 (EtherNet/IP),EtherNet/IP,470.0,4806,44,4806.0,44.0
Middleware <-> Micro820 (EtherNet/IP),EtherNet/IP,471.0,4746,43,4746.0,43.0
Middleware <-> Micro820 (EtherNet/IP),EtherNet/IP,472.0,2463,23,2463.0,23.0
Middleware <-> Micro820 (EtherNet/IP),EtherNet/IP,473.0,4806,44,4806.0,44.0
Middleware <-> Micro820 (EtherNet/IP),EtherNet/IP,474.0,4806,44,4806.0,44.0
Middleware <-> Micro820 (EtherNet/IP),EtherNet/IP,475.0,4746,43,4746.0,43.0
Middleware <-> Micro820 (EtherNet/IP),EtherNet/IP,476.0,2463,23,2463.0,23.0
Middleware <-> Micro820 (EtherNet/IP),EtherNet/IP,477.0,4806,44,4806.0,44.0
Middleware <-> Micro820 (EtherNet/IP),EtherNet/IP,478.0,4806,44,4806.0,44.0
Middleware <-> Micro820 (EtherNet/IP),EtherNet/IP,479.0,4806,44,4806.0,44.0
Middleware <-> Micro820 (EtherNet/IP),EtherNet/IP,480.0,4170,38,4170.0,38.0
Middleware <-> Micro820 (EtherNet/IP),EtherNet/IP,481.0,3039,28,3039.0,28.0
Middleware <-> Micro820 (EtherNet/IP),EtherNet/IP,482.0,4806,44,4806.0,44.0
Middleware <-> Micro820 (EtherNet/IP),EtherNet/IP,483.0,4806,44,4806.0,44.0
Middleware <-> Micro820 (EtherNet/IP),EtherNet/IP,484.0,4806,44,4806.0,44.0
Middleware <-> Micro820 (EtherNet/IP),EtherNet/IP,485.0,2403,22,2403.0,22.0
Middleware <-> Micro820 (EtherNet/IP),EtherNet/IP,486.0,4806,44,4806.0,44.0
Middleware <-> Micro820 (EtherNet/IP),EtherNet/IP,487.0,4806,44,4806.0,44.0
Middleware <-> Micro820 (EtherNet/IP),EtherNet/IP,488.0,4806,44,4806.0,44.0
Middleware <-> Micro820 (EtherNet/IP),EtherNet/IP,489.0,2403,22,2403.0,22.0
Middleware <-> Micro820 (EtherNet/IP),EtherNet/IP,490.0,4806,44,4806.0,44.0
Middleware <-> Micro820 (EtherNet/IP),EtherNet/IP,491.0,4806,44,4806.0,44.0
Middleware <-> Micro820 (EtherNet/IP),EtherNet/IP,492.0,4806,44,4806.0,44.0
Middleware <-> Micro820 (EtherNet/IP),EtherNet/IP,493.0,3935,36,3935.0,36.0
Middleware <-> Micro820 (EtherNet/IP),EtherNet/IP,494.0,3274,30,3274.0,30.0
Middleware <-> Micro820 (EtherNet/IP),EtherNet/IP,495.0,4806,44,4806.0,44.0
Middleware <-> Micro820 (EtherNet/IP),EtherNet/IP,496.0,4806,44,4806.0,44.0
Middleware <-> Micro820 (EtherNet/IP),EtherNet/IP,497.0,4746,43,4746.0,43.0
Middleware <-> Micro820 (EtherNet/IP),EtherNet/IP,498.0,2463,23,2463.0,23.0
Middleware <-> Micro820 (EtherNet/IP),EtherNet/IP,499.0,4806,44,4806.0,44.0
Middleware <-> Micro820 (EtherNet/IP),EtherNet/IP,500.0,4806,44,4806.0,44.0
Middleware <-> Micro820 (EtherNet/IP),EtherNet/IP,501.0,4806,44,4806.0,44.0
Middleware <-> Micro820 (EtherNet/IP),EtherNet/IP,502.0,3710,34,3710.0,34.0
Middleware <-> Micro820 (EtherNet/IP),EtherNet/IP,503.0,3499,32,3499.0,32.0
Middleware <-> Micro820 (EtherNet/IP),EtherNet/IP,504.0,4806,44,4806.0,44.0
Middleware <-> Micro820 (EtherNet/IP),EtherNet/IP,505.0,4806,44,4806.0,44.0
Middleware <-> Micro820 (EtherNet/IP),EtherNet/IP,506.0,3138,29,3138.0,29.0
Middleware <-> Micro820 (EtherNet/IP),EtherNet/IP,507.0,4071,37,4071.0,37.0
Middleware <-> Micro820 (EtherNet/IP),EtherNet/IP,508.0,4806,44,4806.0,44.0
Middleware <-> Micro820 (EtherNet/IP),EtherNet/IP,509.0,4806,44,4806.0,44.0
Middleware <-> Micro820 (EtherNet/IP),EtherNet/IP,510.0,4746,43,4746.0,43.0
Middleware <-> Micro820 (EtherNet/IP),EtherNet/IP,511.0,2463,23,2463.0,23.0
Middleware <-> Micro820 (EtherNet/IP),EtherNet/IP,512.0,4806,44,4806.0,44.0
Middleware <-> Micro820 (EtherNet/IP),EtherNet/IP,513.0,4806,44,4806.0,44.0
Middleware <-> Micro820 (EtherNet/IP),EtherNet/IP,514.0,4806,44,4806.0,44.0
Middleware <-> Micro820 (EtherNet/IP),EtherNet/IP,515.0,3031,28,3031.0,28.0
Middleware <-> Micro820 (EtherNet/IP),EtherNet/IP,516.0,4178,38,4178.0,38.0
Middleware <-> Micro820 (EtherNet/IP),EtherNet/IP,517.0,4806,44,4806.0,44.0
Middleware <-> Micro820 (EtherNet/IP),EtherNet/IP,518.0,4806,44,4806.0,44.0
Middleware <-> Micro820 (EtherNet/IP),EtherNet/IP,519.0,2806,26,2806.0,26.0
Middleware <-> Micro820 (EtherNet/IP),EtherNet/IP,520.0,4403,40,4403.0,40.0
Middleware <-> Micro820 (EtherNet/IP),EtherNet/IP,521.0,4806,44,4806.0,44.0
Middleware <-> Micro820 (EtherNet/IP),EtherNet/IP,522.0,4806,44,4806.0,44.0
Middleware <-> Micro820 (EtherNet/IP),EtherNet/IP,523.0,4746,43,4746.0,43.0
Middleware <-> Micro820 (EtherNet/IP),EtherNet/IP,524.0,2463,23,2463.0,23.0
Middleware <-> Micro820 (EtherNet/IP),EtherNet/IP,525.0,4806,44,4806.0,44.0
Middleware <-> Micro820 (EtherNet/IP),EtherNet/IP,526.0,4806,44,4806.0,44.0
Middleware <-> Micro820 (EtherNet/IP),EtherNet/IP,527.0,4806,44,4806.0,44.0
Middleware <-> Micro820 (EtherNet/IP),EtherNet/IP,528.0,3031,28,3031.0,28.0
Middleware <-> Micro820 (EtherNet/IP),EtherNet/IP,529.0,4178,38,4178.0,38.0
Middleware <-> Micro820 (EtherNet/IP),EtherNet/IP,530.0,4806,44,4806.0,44.0
Middleware <-> Micro820 (EtherNet/IP),EtherNet/IP,531.0,4806,44,4806.0,44.0
Middleware <-> Micro820 (EtherNet/IP),EtherNet/IP,532.0,4746,43,4746.0,43.0
Middleware <-> Micro820 (EtherNet/IP),EtherNet/IP,533.0,2463,23,2463.0,23.0
Middleware <-> Micro820 (EtherNet/IP),EtherNet/IP,534.0,4806,44,4806.0,44.0
Middleware <-> Micro820 (EtherNet/IP),EtherNet/IP,535.0,4806,44,4806.0,44.0
Middleware <-> Micro820 (EtherNet/IP),EtherNet/IP,536.0,4170,38,4170.0,38.0
Middleware <-> Micro820 (EtherNet/IP),EtherNet/IP,537.0,3039,28,3039.0,28.0
Middleware <-> Micro820 (EtherNet/IP),EtherNet/IP,538.0,4806,44,4806.0,44.0
Middleware <-> Micro820 (EtherNet/IP),EtherNet/IP,539.0,4806,44,4806.0,44.0
Middleware <-> Micro820 (EtherNet/IP),EtherNet/IP,540.0,4806,44,4806.0,44.0
Middleware <-> Micro820 (EtherNet/IP),EtherNet/IP,541.0,2403,22,2403.0,22.0
Middleware <-> Micro820 (EtherNet/IP),EtherNet/IP,542.0,4806,44,4806.0,44.0
Middleware <-> Micro820 (EtherNet/IP),EtherNet/IP,543.0,4806,44,4806.0,44.0
Middleware <-> Micro820 (EtherNet/IP),EtherNet/IP,544.0,4806,44,4806.0,44.0
Middleware <-> Micro820 (EtherNet/IP),EtherNet/IP,545.0,4408,40,4408.0,40.0
Middleware <-> Micro820 (EtherNet/IP),EtherNet/IP,546.0,2801,26,2801.0,26.0
Middleware <-> Micro820 (EtherNet/IP),EtherNet/IP,547.0,4806,44,4806.0,44.0
Middleware <-> Micro820 (EtherNet/IP),EtherNet/IP,548.0,4806,44,4806.0,44.0
Middleware <-> Micro820 (EtherNet/IP),EtherNet/IP,549.0,4746,43,4746.0,43.0
Middleware <-> Micro820 (EtherNet/IP),EtherNet/IP,550.0,2463,23,2463.0,23.0
Middleware <-> Micro820 (EtherNet/IP),EtherNet/IP,551.0,4806,44,4806.0,44.0
Middleware <-> Micro820 (EtherNet/IP),EtherNet/IP,552.0,4806,44,4806.0,44.0
Middleware <-> Micro820 (EtherNet/IP),EtherNet/IP,553.0,4746,43,4746.0,43.0
Middleware <-> Micro820 (EtherNet/IP),EtherNet/IP,554.0,2463,23,2463.0,23.0
Middleware <-> Micro820 (EtherNet/IP),EtherNet/IP,555.0,4806,44,4806.0,44.0
Middleware <-> Micro820 (EtherNet/IP),EtherNet/IP,556.0,4806,44,4806.0,44.0
Middleware <-> Micro820 (EtherNet/IP),EtherNet/IP,557.0,4806,44,4806.0,44.0
Middleware <-> Micro820 (EtherNet/IP),EtherNet/IP,558.0,3485,32,3485.0,32.0
Middleware <-> Micro820 (EtherNet/IP),EtherNet/IP,559.0,3724,34,3724.0,34.0
Middleware <-> Micro820 (EtherNet/IP),EtherNet/IP,560.0,4806,44,4806.0,44.0
Middleware <-> Micro820 (EtherNet/IP),EtherNet/IP,561.0,4806,44,4806.0,44.0
Middleware <-> Micro820 (EtherNet/IP),EtherNet/IP,562.0,4746,43,4746.0,43.0
Middleware <-> Micro820 (EtherNet/IP),EtherNet/IP,563.0,2463,23,2463.0,23.0
Middleware <-> Micro820 (EtherNet/IP),EtherNet/IP,564.0,4806,44,4806.0,44.0
Middleware <-> Micro820 (EtherNet/IP),EtherNet/IP,565.0,4806,44,4806.0,44.0
Middleware <-> Micro820 (EtherNet/IP),EtherNet/IP,566.0,4746,43,4746.0,43.0
Middleware <-> Micro820 (EtherNet/IP),EtherNet/IP,567.0,2463,23,2463.0,23.0
Middleware <-> Micro820 (EtherNet/IP),EtherNet/IP,568.0,4806,44,4806.0,44.0
Middleware <-> Micro820 (EtherNet/IP),EtherNet/IP,569.0,4806,44,4806.0,44.0
Middleware <-> Micro820 (EtherNet/IP),EtherNet/IP,570.0,4806,44,4806.0,44.0
Middleware <-> Micro820 (EtherNet/IP),EtherNet/IP,571.0,3485,32,3485.0,32.0
Middleware <-> Micro820 (EtherNet/IP),EtherNet/IP,572.0,3724,34,3724.0,34.0
Middleware <-> Micro820 (EtherNet/IP),EtherNet/IP,573.0,4806,44,4806.0,44.0
Middleware <-> Micro820 (EtherNet/IP),EtherNet/IP,574.0,4806,44,4806.0,44.0
Middleware <-> Micro820 (EtherNet/IP),EtherNet/IP,575.0,4746,43,4746.0,43.0
Middleware <-> Micro820 (EtherNet/IP),EtherNet/IP,576.0,2463,23,2463.0,23.0
Middleware <-> Micro820 (EtherNet/IP),EtherNet/IP,577.0,4806,44,4806.0,44.0
Middleware <-> Micro820 (EtherNet/IP),EtherNet/IP,578.0,4806,44,4806.0,44.0
Middleware <-> Micro820 (EtherNet/IP),EtherNet/IP,579.0,4746,43,4746.0,43.0
Middleware <-> Micro820 (EtherNet/IP),EtherNet/IP,580.0,2463,23,2463.0,23.0
Middleware <-> Micro820 (EtherNet/IP),EtherNet/IP,581.0,4806,44,4806.0,44.0
Middleware <-> Micro820 (EtherNet/IP),EtherNet/IP,582.0,4806,44,4806.0,44.0
Middleware <-> Micro820 (EtherNet/IP),EtherNet/IP,583.0,4806,44,4806.0,44.0
Middleware <-> Micro820 (EtherNet/IP),EtherNet/IP,584.0,2403,22,2403.0,22.0
Middleware <-> Micro820 (EtherNet/IP),EtherNet/IP,585.0,4806,44,4806.0,44.0
Middleware <-> Micro820 (EtherNet/IP),EtherNet/IP,586.0,4806,44,4806.0,44.0
Middleware <-> Micro820 (EtherNet/IP),EtherNet/IP,587.0,4806,44,4806.0,44.0
Middleware <-> Micro820 (EtherNet/IP),EtherNet/IP,588.0,3935,36,3935.0,36.0
Middleware <-> Micro820 (EtherNet/IP),EtherNet/IP,589.0,3274,30,3274.0,30.0
Middleware <-> Micro820 (EtherNet/IP),EtherNet/IP,590.0,4806,44,4806.0,44.0
Middleware <-> Micro820 (EtherNet/IP),EtherNet/IP,591.0,4806,44,4806.0,44.0
Middleware <-> Micro820 (EtherNet/IP),EtherNet/IP,592.0,4746,43,4746.0,43.0
Middleware <-> Micro820 (EtherNet/IP),EtherNet/IP,593.0,2463,23,2463.0,23.0
Middleware <-> Micro820 (EtherNet/IP),EtherNet/IP,594.0,4806,44,4806.0,44.0
Middleware <-> Micro820 (EtherNet/IP),EtherNet/IP,595.0,4806,44,4806.0,44.0
Middleware <-> Micro820 (EtherNet/IP),EtherNet/IP,596.0,4746,43,4746.0,43.0
Middleware <-> Micro820 (EtherNet/IP),EtherNet/IP,597.0,2463,23,2463.0,23.0
Middleware <-> Micro820 (EtherNet/IP),EtherNet/IP,598.0,4806,44,4806.0,44.0
Middleware <-> Micro820 (EtherNet/IP),EtherNet/IP,599.0,4806,44,4806.0,44.0
Middleware <-> S7-1200 (OPC UA),OPC UA,0.0,676,6,676.0,6.0
Middleware <-> S7-1200 (OPC UA),OPC UA,1.0,676,6,676.0,6.0
Middleware <-> S7-1200 (OPC UA),OPC UA,2.0,676,6,676.0,6.0
Middleware <-> S7-1200 (OPC UA),OPC UA,3.0,676,6,676.0,6.0
Middleware <-> S7-1200 (OPC UA),OPC UA,4.0,676,6,676.0,6.0
Middleware <-> S7-1200 (OPC UA),OPC UA,5.0,676,6,676.0,6.0
Middleware <-> S7-1200 (OPC UA),OPC UA,6.0,676,6,676.0,6.0
Middleware <-> S7-1200 (OPC UA),OPC UA,7.0,676,6,676.0,6.0
Middleware <-> S7-1200 (OPC UA),OPC UA,8.0,676,6,676.0,6.0
Middleware <-> S7-1200 (OPC UA),OPC UA,9.0,676,6,676.0,6.0
Middleware <-> S7-1200 (OPC UA),OPC UA,10.0,676,6,676.0,6.0
Middleware <-> S7-1200 (OPC UA),OPC UA,11.0,1119,9,1119.0,9.0
Middleware <-> S7-1200 (OPC UA),OPC UA,12.0,676,6,676.0,6.0
Middleware <-> S7-1200 (OPC UA),OPC UA,13.0,1097,9,1097.0,9.0
Middleware <-> S7-1200 (OPC UA),OPC UA,14.0,1111,10,1111.0,10.0
Middleware <-> S7-1200 (OPC UA),OPC UA,15.0,736,7,736.0,7.0
Middleware <-> S7-1200 (OPC UA),OPC UA,16.0,676,6,676.0,6.0
Middleware <-> S7-1200 (OPC UA),OPC UA,17.0,676,6,676.0,6.0
Middleware <-> S7-1200 (OPC UA),OPC UA,18.0,488,4,488.0,4.0
Middleware <-> S7-1200 (OPC UA),OPC UA,19.0,1039,8,1039.0,8.0
Middleware <-> S7-1200 (OPC UA),OPC UA,20.0,1111,10,1111.0,10.0
Middleware <-> S7-1200 (OPC UA),OPC UA,21.0,736,7,736.0,7.0
Middleware <-> S7-1200 (OPC UA),OPC UA,22.0,1134,10,1134.0,10.0
Middleware <-> S7-1200 (OPC UA),OPC UA,23.0,972,8,972.0,8.0
Middleware <-> S7-1200 (OPC UA),OPC UA,24.0,523,5,523.0,5.0
Middleware <-> S7-1200 (OPC UA),OPC UA,25.0,1051,9,1051.0,9.0
Middleware <-> S7-1200 (OPC UA),OPC UA,26.0,676,6,676.0,6.0
Middleware <-> S7-1200 (OPC UA),OPC UA,27.0,676,6,676.0,6.0
Middleware <-> S7-1200 (OPC UA),OPC UA,28.0,676,6,676.0,6.0
Middleware <-> S7-1200 (OPC UA),OPC UA,29.0,1249,10,1249.0,10.0
Middleware <-> S7-1200 (OPC UA),OPC UA,30.0,676,6,676.0,6.0
Middleware <-> S7-1200 (OPC UA),OPC UA,31.0,1134,10,1134.0,10.0
Middleware <-> S7-1200 (OPC UA),OPC UA,32.0,1134,10,1134.0,10.0
Middleware <-> S7-1200 (OPC UA),OPC UA,33.0,676,6,676.0,6.0
Middleware <-> S7-1200 (OPC UA),OPC UA,34.0,1014,8,1014.0,8.0
Middleware <-> S7-1200 (OPC UA),OPC UA,35.0,548,5,548.0,5.0
Middleware <-> S7-1200 (OPC UA),OPC UA,36.0,776,7,776.0,7.0
Middleware <-> S7-1200 (OPC UA),OPC UA,37.0,463,4,463.0,4.0
Middleware <-> S7-1200 (OPC UA),OPC UA,38.0,676,6,676.0,6.0
Middleware <-> S7-1200 (OPC UA),OPC UA,39.0,676,6,676.0,6.0
Middleware <-> S7-1200 (OPC UA),OPC UA,40.0,676,6,676.0,6.0
Middleware <-> S7-1200 (OPC UA),OPC UA,41.0,1152,8,1152.0,8.0
Middleware <-> S7-1200 (OPC UA),OPC UA,42.0,1134,10,1134.0,10.0
Middleware <-> S7-1200 (OPC UA),OPC UA,43.0,676,6,676.0,6.0
Middleware <-> S7-1200 (OPC UA),OPC UA,44.0,1074,9,1074.0,9.0
Middleware <-> S7-1200 (OPC UA),OPC UA,45.0,1077,9,1077.0,9.0
Middleware <-> S7-1200 (OPC UA),OPC UA,46.0,1074,9,1074.0,9.0
Middleware <-> S7-1200 (OPC UA),OPC UA,47.0,1111,10,1111.0,10.0
Middleware <-> S7-1200 (OPC UA),OPC UA,48.0,676,6,676.0,6.0
Middleware <-> S7-1200 (OPC UA),OPC UA,49.0,676,6,676.0,6.0
Middleware <-> S7-1200 (OPC UA),OPC UA,50.0,676,6,676.0,6.0
Middleware <-> S7-1200 (OPC UA),OPC UA,51.0,676,6,676.0,6.0
Middleware <-> S7-1200 (OPC UA),OPC UA,52.0,1332,11,1332.0,11.0
Middleware <-> S7-1200 (OPC UA),OPC UA,53.0,821,7,821.0,7.0
Middleware <-> S7-1200 (OPC UA),OPC UA,54.0,313,3,313.0,3.0
Middleware <-> S7-1200 (OPC UA),OPC UA,55.0,1074,9,1074.0,9.0
Middleware <-> S7-1200 (OPC UA),OPC UA,56.0,1077,9,1077.0,9.0
Middleware <-> S7-1200 (OPC UA),OPC UA,57.0,1074,9,1074.0,9.0
Middleware <-> S7-1200 (OPC UA),OPC UA,58.0,1051,9,1051.0,9.0
Middleware <-> S7-1200 (OPC UA),OPC UA,59.0,676,6,676.0,6.0
Middleware <-> S7-1200 (OPC UA),OPC UA,60.0,676,6,676.0,6.0
Middleware <-> S7-1200 (OPC UA),OPC UA,61.0,676,6,676.0,6.0
Middleware <-> S7-1200 (OPC UA),OPC UA,62.0,676,6,676.0,6.0
Middleware <-> S7-1200 (OPC UA),OPC UA,63.0,1212,9,1212.0,9.0
Middleware <-> S7-1200 (OPC UA),OPC UA,64.0,736,7,736.0,7.0
Middleware <-> S7-1200 (OPC UA),OPC UA,65.0,821,7,821.0,7.0
Middleware <-> S7-1200 (OPC UA),OPC UA,66.0,711,6,711.0,6.0
Middleware <-> S7-1200 (OPC UA),OPC UA,67.0,676,6,676.0,6.0
Middleware <-> S7-1200 (OPC UA),OPC UA,68.0,1123,9,1123.0,9.0
Middleware <-> S7-1200 (OPC UA),OPC UA,69.0,676,6,676.0,6.0
Middleware <-> S7-1200 (OPC UA),OPC UA,70.0,1051,9,1051.0,9.0
Middleware <-> S7-1200 (OPC UA),OPC UA,71.0,676,6,676.0,6.0
Middleware <-> S7-1200 (OPC UA),OPC UA,72.0,676,6,676.0,6.0
Middleware <-> S7-1200 (OPC UA),OPC UA,73.0,676,6,676.0,6.0
Middleware <-> S7-1200 (OPC UA),OPC UA,74.0,1235,9,1235.0,9.0
Middleware <-> S7-1200 (OPC UA),OPC UA,75.0,1134,10,1134.0,10.0
Middleware <-> S7-1200 (OPC UA),OPC UA,76.0,1014,8,1014.0,8.0
Middleware <-> S7-1200 (OPC UA),OPC UA,77.0,608,6,608.0,6.0
Middleware <-> S7-1200 (OPC UA),OPC UA,78.0,788,6,788.0,6.0
Middleware <-> S7-1200 (OPC UA),OPC UA,79.0,523,5,523.0,5.0
Middleware <-> S7-1200 (OPC UA),OPC UA,80.0,1051,9,1051.0,9.0
Middleware <-> S7-1200 (OPC UA),OPC UA,81.0,676,6,676.0,6.0
Middleware <-> S7-1200 (OPC UA),OPC UA,82.0,676,6,676.0,6.0
Middleware <-> S7-1200 (OPC UA),OPC UA,83.0,676,6,676.0,6.0
Middleware <-> S7-1200 (OPC UA),OPC UA,84.0,1212,9,1212.0,9.0
Middleware <-> S7-1200 (OPC UA),OPC UA,85.0,736,7,736.0,7.0
Middleware <-> S7-1200 (OPC UA),OPC UA,86.0,1014,8,1014.0,8.0
Middleware <-> S7-1200 (OPC UA),OPC UA,87.0,1074,9,1074.0,9.0
Middleware <-> S7-1200 (OPC UA),OPC UA,88.0,736,7,736.0,7.0
Middleware <-> S7-1200 (OPC UA),OPC UA,89.0,1063,8,1063.0,8.0
Middleware <-> S7-1200 (OPC UA),OPC UA,90.0,548,5,548.0,5.0
Middleware <-> S7-1200 (OPC UA),OPC UA,91.0,188,2,188.0,2.0
Middleware <-> S7-1200 (OPC UA),OPC UA,92.0,991,8,991.0,8.0
Middleware <-> S7-1200 (OPC UA),OPC UA,93.0,616,5,616.0,5.0
Middleware <-> S7-1200 (OPC UA),OPC UA,94.0,676,6,676.0,6.0
Middleware <-> S7-1200 (OPC UA),OPC UA,95.0,676,6,676.0,6.0
Middleware <-> S7-1200 (OPC UA),OPC UA,96.0,1249,10,1249.0,10.0
Middleware <-> S7-1200 (OPC UA),OPC UA,97.0,1111,10,1111.0,10.0
Middleware <-> S7-1200 (OPC UA),OPC UA,98.0,1074,9,1074.0,9.0
Middleware <-> S7-1200 (OPC UA),OPC UA,99.0,1074,9,1074.0,9.0
Middleware <-> S7-1200 (OPC UA),OPC UA,100.0,676,6,676.0,6.0
Middleware <-> S7-1200 (OPC UA),OPC UA,101.0,1183,10,1183.0,10.0
Middleware <-> S7-1200 (OPC UA),OPC UA,102.0,338,3,338.0,3.0
Middleware <-> S7-1200 (OPC UA),OPC UA,103.0,773,7,773.0,7.0
Middleware <-> S7-1200 (OPC UA),OPC UA,104.0,616,5,616.0,5.0
Middleware <-> S7-1200 (OPC UA),OPC UA,105.0,676,6,676.0,6.0
Middleware <-> S7-1200 (OPC UA),OPC UA,106.0,676,6,676.0,6.0
Middleware <-> S7-1200 (OPC UA),OPC UA,107.0,676,6,676.0,6.0
Middleware <-> S7-1200 (OPC UA),OPC UA,108.0,1212,9,1212.0,9.0
Middleware <-> S7-1200 (OPC UA),OPC UA,109.0,1074,9,1074.0,9.0
Middleware <-> S7-1200 (OPC UA),OPC UA,110.0,676,6,676.0,6.0
Middleware <-> S7-1200 (OPC UA),OPC UA,111.0,1074,9,1074.0,9.0
Middleware <-> S7-1200 (OPC UA),OPC UA,112.0,1077,9,1077.0,9.0
Middleware <-> S7-1200 (OPC UA),OPC UA,113.0,1074,9,1074.0,9.0
Middleware <-> S7-1200 (OPC UA),OPC UA,114.0,1051,9,1051.0,9.0
Middleware <-> S7-1200 (OPC UA),OPC UA,115.0,676,6,676.0,6.0
Middleware <-> S7-1200 (OPC UA),OPC UA,116.0,676,6,676.0,6.0
Middleware <-> S7-1200 (OPC UA),OPC UA,117.0,676,6,676.0,6.0
Middleware <-> S7-1200 (OPC UA),OPC UA,118.0,616,5,616.0,5.0
Middleware <-> S7-1200 (OPC UA),OPC UA,119.0,1019,8,1019.0,8.0
Middleware <-> S7-1200 (OPC UA),OPC UA,120.0,831,8,831.0,8.0
Middleware <-> S7-1200 (OPC UA),OPC UA,121.0,676,6,676.0,6.0
Middleware <-> S7-1200 (OPC UA),OPC UA,122.0,1074,9,1074.0,9.0
Middleware <-> S7-1200 (OPC UA),OPC UA,123.0,1077,9,1077.0,9.0
Middleware <-> S7-1200 (OPC UA),OPC UA,124.0,1074,9,1074.0,9.0
Middleware <-> S7-1200 (OPC UA),OPC UA,125.0,1051,9,1051.0,9.0
Middleware <-> S7-1200 (OPC UA),OPC UA,126.0,676,6,676.0,6.0
Middleware <-> S7-1200 (OPC UA),OPC UA,127.0,676,6,676.0,6.0
Middleware <-> S7-1200 (OPC UA),OPC UA,128.0,676,6,676.0,6.0
Middleware <-> S7-1200 (OPC UA),OPC UA,129.0,676,6,676.0,6.0
Middleware <-> S7-1200 (OPC UA),OPC UA,130.0,1212,9,1212.0,9.0
Middleware <-> S7-1200 (OPC UA),OPC UA,131.0,488,4,488.0,4.0
Middleware <-> S7-1200 (OPC UA),OPC UA,132.0,586,5,586.0,5.0
Middleware <-> S7-1200 (OPC UA),OPC UA,133.0,1074,9,1074.0,9.0
Middleware <-> S7-1200 (OPC UA),OPC UA,134.0,676,6,676.0,6.0
Middleware <-> S7-1200 (OPC UA),OPC UA,135.0,1123,9,1123.0,9.0
Middleware <-> S7-1200 (OPC UA),OPC UA,136.0,676,6,676.0,6.0
Middleware <-> S7-1200 (OPC UA),OPC UA,137.0,1051,9,1051.0,9.0
Middleware <-> S7-1200 (OPC UA),OPC UA,138.0,676,6,676.0,6.0
Middleware <-> S7-1200 (OPC UA),OPC UA,139.0,676,6,676.0,6.0
Middleware <-> S7-1200 (OPC UA),OPC UA,140.0,1051,9,1051.0,9.0
Middleware <-> S7-1200 (OPC UA),OPC UA,141.0,1249,10,1249.0,10.0
Middleware <-> S7-1200 (OPC UA),OPC UA,142.0,1134,10,1134.0,10.0
Middleware <-> S7-1200 (OPC UA),OPC UA,143.0,761,6,761.0,6.0
Middleware <-> S7-1200 (OPC UA),OPC UA,144.0,313,3,313.0,3.0
Middleware <-> S7-1200 (OPC UA),OPC UA,145.0,1063,8,1063.0,8.0
Middleware <-> S7-1200 (OPC UA),OPC UA,146.0,736,7,736.0,7.0
Middleware <-> S7-1200 (OPC UA),OPC UA,147.0,991,8,991.0,8.0
Middleware <-> S7-1200 (OPC UA),OPC UA,148.0,736,7,736.0,7.0
Middleware <-> S7-1200 (OPC UA),OPC UA,149.0,676,6,676.0,6.0
Middleware <-> S7-1200 (OPC UA),OPC UA,150.0,676,6,676.0,6.0
Middleware <-> S7-1200 (OPC UA),OPC UA,151.0,1152,8,1152.0,8.0
Middleware <-> S7-1200 (OPC UA),OPC UA,152.0,736,7,736.0,7.0
Middleware <-> S7-1200 (OPC UA),OPC UA,153.0,1014,8,1014.0,8.0
Middleware <-> S7-1200 (OPC UA),OPC UA,154.0,1074,9,1074.0,9.0
Middleware <-> S7-1200 (OPC UA),OPC UA,155.0,548,5,548.0,5.0
Middleware <-> S7-1200 (OPC UA),OPC UA,156.0,507,4,507.0,4.0
Middleware <-> S7-1200 (OPC UA),OPC UA,157.0,864,8,864.0,8.0
Middleware <-> S7-1200 (OPC UA),OPC UA,158.0,736,7,736.0,7.0
Middleware <-> S7-1200 (OPC UA),OPC UA,159.0,1111,10,1111.0,10.0
Middleware <-> S7-1200 (OPC UA),OPC UA,160.0,676,6,676.0,6.0
Middleware <-> S7-1200 (OPC UA),OPC UA,161.0,676,6,676.0,6.0
Middleware <-> S7-1200 (OPC UA),OPC UA,162.0,676,6,676.0,6.0
Middleware <-> S7-1200 (OPC UA),OPC UA,163.0,676,6,676.0,6.0
Middleware <-> S7-1200 (OPC UA),OPC UA,164.0,1212,9,1212.0,9.0
Middleware <-> S7-1200 (OPC UA),OPC UA,165.0,1074,9,1074.0,9.0
Middleware <-> S7-1200 (OPC UA),OPC UA,166.0,676,6,676.0,6.0
Middleware <-> S7-1200 (OPC UA),OPC UA,167.0,761,6,761.0,6.0
Middleware <-> S7-1200 (OPC UA),OPC UA,168.0,714,6,714.0,6.0
Middleware <-> S7-1200 (OPC UA),OPC UA,169.0,1074,9,1074.0,9.0
Middleware <-> S7-1200 (OPC UA),OPC UA,170.0,1111,10,1111.0,10.0
Middleware <-> S7-1200 (OPC UA),OPC UA,171.0,676,6,676.0,6.0
Middleware <-> S7-1200 (OPC UA),OPC UA,172.0,676,6,676.0,6.0
Middleware <-> S7-1200 (OPC UA),OPC UA,173.0,676,6,676.0,6.0
Middleware <-> S7-1200 (OPC UA),OPC UA,174.0,676,6,676.0,6.0
Middleware <-> S7-1200 (OPC UA),OPC UA,175.0,1272,10,1272.0,10.0
Middleware <-> S7-1200 (OPC UA),OPC UA,176.0,1074,9,1074.0,9.0
Middleware <-> S7-1200 (OPC UA),OPC UA,177.0,676,6,676.0,6.0
Middleware <-> S7-1200 (OPC UA),OPC UA,178.0,1074,9,1074.0,9.0
Middleware <-> S7-1200 (OPC UA),OPC UA,179.0,1077,9,1077.0,9.0
Middleware <-> S7-1200 (OPC UA),OPC UA,180.0,1074,9,1074.0,9.0
Middleware <-> S7-1200 (OPC UA),OPC UA,181.0,1051,9,1051.0,9.0
Middleware <-> S7-1200 (OPC UA),OPC UA,182.0,676,6,676.0,6.0
Middleware <-> S7-1200 (OPC UA),OPC UA,183.0,488,4,488.0,4.0
Middleware <-> S7-1200 (OPC UA),OPC UA,184.0,341,3,341.0,3.0
Middleware <-> S7-1200 (OPC UA),OPC UA,185.0,523,5,523.0,5.0
Middleware <-> S7-1200 (OPC UA),OPC UA,186.0,1272,10,1272.0,10.0
Middleware <-> S7-1200 (OPC UA),OPC UA,187.0,1074,9,1074.0,9.0
Middleware <-> S7-1200 (OPC UA),OPC UA,188.0,676,6,676.0,6.0
Middleware <-> S7-1200 (OPC UA),OPC UA,189.0,1194,11,1194.0,11.0
Middleware <-> S7-1200 (OPC UA),OPC UA,190.0,1077,9,1077.0,9.0
Middleware <-> S7-1200 (OPC UA),OPC UA,191.0,1194,11,1194.0,11.0
Middleware <-> S7-1200 (OPC UA),OPC UA,192.0,1051,9,1051.0,9.0
Middleware <-> S7-1200 (OPC UA),OPC UA,193.0,676,6,676.0,6.0
Middleware <-> S7-1200 (OPC UA),OPC UA,194.0,736,7,736.0,7.0
Middleware <-> S7-1200 (OPC UA),OPC UA,195.0,736,7,736.0,7.0
Middleware <-> S7-1200 (OPC UA),OPC UA,196.0,736,7,736.0,7.0
Middleware <-> S7-1200 (OPC UA),OPC UA,197.0,1084,8,1084.0,8.0
Middleware <-> S7-1200 (OPC UA),OPC UA,198.0,188,2,188.0,2.0
Middleware <-> S7-1200 (OPC UA),OPC UA,199.0,1074,9,1074.0,9.0
Middleware <-> S7-1200 (OPC UA),OPC UA,200.0,1074,9,1074.0,9.0
Middleware <-> S7-1200 (OPC UA),OPC UA,201.0,676,6,676.0,6.0
Middleware <-> S7-1200 (OPC UA),OPC UA,202.0,1123,9,1123.0,9.0
Middleware <-> S7-1200 (OPC UA),OPC UA,203.0,1051,9,1051.0,9.0
Middleware <-> S7-1200 (OPC UA),OPC UA,204.0,676,6,676.0,6.0
Middleware <-> S7-1200 (OPC UA),OPC UA,205.0,676,6,676.0,6.0
Middleware <-> S7-1200 (OPC UA),OPC UA,206.0,676,6,676.0,6.0
Middleware <-> S7-1200 (OPC UA),OPC UA,207.0,1152,8,1152.0,8.0
Middleware <-> S7-1200 (OPC UA),OPC UA,208.0,616,5,616.0,5.0
Middleware <-> S7-1200 (OPC UA),OPC UA,209.0,761,6,761.0,6.0
Middleware <-> S7-1200 (OPC UA),OPC UA,210.0,711,6,711.0,6.0
Middleware <-> S7-1200 (OPC UA),OPC UA,211.0,676,6,676.0,6.0
Middleware <-> S7-1200 (OPC UA),OPC UA,212.0,1123,9,1123.0,9.0
Middleware <-> S7-1200 (OPC UA),OPC UA,213.0,736,7,736.0,7.0
Middleware <-> S7-1200 (OPC UA),OPC UA,214.0,1111,10,1111.0,10.0
Middleware <-> S7-1200 (OPC UA),OPC UA,215.0,736,7,736.0,7.0
Middleware <-> S7-1200 (OPC UA),OPC UA,216.0,676,6,676.0,6.0
Middleware <-> S7-1200 (OPC UA),OPC UA,217.0,676,6,676.0,6.0
Middleware <-> S7-1200 (OPC UA),OPC UA,218.0,1175,8,1175.0,8.0
Middleware <-> S7-1200 (OPC UA),OPC UA,219.0,1051,9,1051.0,9.0
Middleware <-> S7-1200 (OPC UA),OPC UA,220.0,1074,9,1074.0,9.0
Middleware <-> S7-1200 (OPC UA),OPC UA,221.0,946,8,946.0,8.0
Middleware <-> S7-1200 (OPC UA),OPC UA,222.0,341,3,341.0,3.0
Middleware <-> S7-1200 (OPC UA),OPC UA,223.0,523,5,523.0,5.0
Middleware <-> S7-1200 (OPC UA),OPC UA,224.0,1183,10,1183.0,10.0
Middleware <-> S7-1200 (OPC UA),OPC UA,225.0,736,7,736.0,7.0
Middleware <-> S7-1200 (OPC UA),OPC UA,226.0,1111,10,1111.0,10.0
Middleware <-> S7-1200 (OPC UA),OPC UA,227.0,676,6,676.0,6.0
Middleware <-> S7-1200 (OPC UA),OPC UA,228.0,676,6,676.0,6.0
Middleware <-> S7-1200 (OPC UA),OPC UA,229.0,676,6,676.0,6.0
Middleware <-> S7-1200 (OPC UA),OPC UA,230.0,1235,9,1235.0,9.0
Middleware <-> S7-1200 (OPC UA),OPC UA,231.0,1051,9,1051.0,9.0
Middleware <-> S7-1200 (OPC UA),OPC UA,232.0,1074,9,1074.0,9.0
Middleware <-> S7-1200 (OPC UA),OPC UA,233.0,1074,9,1074.0,9.0
Middleware <-> S7-1200 (OPC UA),OPC UA,234.0,363,3,363.0,3.0
Middleware <-> S7-1200 (OPC UA),OPC UA,235.0,760,6,760.0,6.0
Middleware <-> S7-1200 (OPC UA),OPC UA,236.0,676,6,676.0,6.0
Middleware <-> S7-1200 (OPC UA),OPC UA,237.0,1051,9,1051.0,9.0
Middleware <-> S7-1200 (OPC UA),OPC UA,238.0,676,6,676.0,6.0
Middleware <-> S7-1200 (OPC UA),OPC UA,239.0,736,7,736.0,7.0
Middleware <-> S7-1200 (OPC UA),OPC UA,240.0,736,7,736.0,7.0
Middleware <-> S7-1200 (OPC UA),OPC UA,241.0,736,7,736.0,7.0
Middleware <-> S7-1200 (OPC UA),OPC UA,242.0,1332,11,1332.0,11.0
Middleware <-> S7-1200 (OPC UA),OPC UA,243.0,1194,11,1194.0,11.0
Middleware <-> S7-1200 (OPC UA),OPC UA,244.0,1194,11,1194.0,11.0
Middleware <-> S7-1200 (OPC UA),OPC UA,245.0,736,7,736.0,7.0
Middleware <-> S7-1200 (OPC UA),OPC UA,246.0,824,7,824.0,7.0
Middleware <-> S7-1200 (OPC UA),OPC UA,247.0,831,8,831.0,8.0
Middleware <-> S7-1200 (OPC UA),OPC UA,248.0,1051,9,1051.0,9.0
Middleware <-> S7-1200 (OPC UA),OPC UA,249.0,676,6,676.0,6.0
Middleware <-> S7-1200 (OPC UA),OPC UA,250.0,676,6,676.0,6.0
Middleware <-> S7-1200 (OPC UA),OPC UA,251.0,676,6,676.0,6.0
Middleware <-> S7-1200 (OPC UA),OPC UA,252.0,676,6,676.0,6.0
Middleware <-> S7-1200 (OPC UA),OPC UA,253.0,1212,9,1212.0,9.0
Middleware <-> S7-1200 (OPC UA),OPC UA,254.0,1074,9,1074.0,9.0
Middleware <-> S7-1200 (OPC UA),OPC UA,255.0,736,7,736.0,7.0
Middleware <-> S7-1200 (OPC UA),OPC UA,256.0,1134,10,1134.0,10.0
Middleware <-> S7-1200 (OPC UA),OPC UA,257.0,1077,9,1077.0,9.0
Middleware <-> S7-1200 (OPC UA),OPC UA,258.0,761,6,761.0,6.0
Middleware <-> S7-1200 (OPC UA),OPC UA,259.0,688,6,688.0,6.0
Middleware <-> S7-1200 (OPC UA),OPC UA,260.0,676,6,676.0,6.0
Middleware <-> S7-1200 (OPC UA),OPC UA,261.0,676,6,676.0,6.0
Middleware <-> S7-1200 (OPC UA),OPC UA,262.0,676,6,676.0,6.0
Middleware <-> S7-1200 (OPC UA),OPC UA,263.0,676,6,676.0,6.0
Middleware <-> S7-1200 (OPC UA),OPC UA,264.0,1212,9,1212.0,9.0
Middleware <-> S7-1200 (OPC UA),OPC UA,265.0,1074,9,1074.0,9.0
Middleware <-> S7-1200 (OPC UA),OPC UA,266.0,676,6,676.0,6.0
Middleware <-> S7-1200 (OPC UA),OPC UA,267.0,1014,8,1014.0,8.0
Middleware <-> S7-1200 (OPC UA),OPC UA,268.0,1017,8,1017.0,8.0
Middleware <-> S7-1200 (OPC UA),OPC UA,269.0,1037,8,1037.0,8.0
Middleware <-> S7-1200 (OPC UA),OPC UA,270.0,488,4,488.0,4.0
Middleware <-> S7-1200 (OPC UA),OPC UA,271.0,188,2,188.0,2.0
Middleware <-> S7-1200 (OPC UA),OPC UA,272.0,676,6,676.0,6.0
Middleware <-> S7-1200 (OPC UA),OPC UA,273.0,676,6,676.0,6.0
Middleware <-> S7-1200 (OPC UA),OPC UA,274.0,1332,11,1332.0,11.0
Middleware <-> S7-1200 (OPC UA),OPC UA,275.0,1074,9,1074.0,9.0
Middleware <-> S7-1200 (OPC UA),OPC UA,276.0,676,6,676.0,6.0
Middleware <-> S7-1200 (OPC UA),OPC UA,277.0,1074,9,1074.0,9.0
Middleware <-> S7-1200 (OPC UA),OPC UA,278.0,1197,11,1197.0,11.0
Middleware <-> S7-1200 (OPC UA),OPC UA,279.0,1074,9,1074.0,9.0
Middleware <-> S7-1200 (OPC UA),OPC UA,280.0,991,8,991.0,8.0
Middleware <-> S7-1200 (OPC UA),OPC UA,281.0,736,7,736.0,7.0
Middleware <-> S7-1200 (OPC UA),OPC UA,282.0,488,4,488.0,4.0
Middleware <-> S7-1200 (OPC UA),OPC UA,283.0,341,3,341.0,3.0
Middleware <-> S7-1200 (OPC UA),OPC UA,284.0,583,6,583.0,6.0
Middleware <-> S7-1200 (OPC UA),OPC UA,285.0,1272,10,1272.0,10.0
Middleware <-> S7-1200 (OPC UA),OPC UA,286.0,736,7,736.0,7.0
Middleware <-> S7-1200 (OPC UA),OPC UA,287.0,1134,10,1134.0,10.0
Middleware <-> S7-1200 (OPC UA),OPC UA,288.0,676,6,676.0,6.0
Middleware <-> S7-1200 (OPC UA),OPC UA,289.0,1074,9,1074.0,9.0
Middleware <-> S7-1200 (OPC UA),OPC UA,290.0,676,6,676.0,6.0
Middleware <-> S7-1200 (OPC UA),OPC UA,291.0,1183,10,1183.0,10.0
Middleware <-> S7-1200 (OPC UA),OPC UA,292.0,676,6,676.0,6.0
Middleware <-> S7-1200 (OPC UA),OPC UA,293.0,1111,10,1111.0,10.0
Middleware <-> S7-1200 (OPC UA),OPC UA,294.0,676,6,676.0,6.0
Middleware <-> S7-1200 (OPC UA),OPC UA,295.0,676,6,676.0,6.0
Middleware <-> S7-1200 (OPC UA),OPC UA,296.0,676,6,676.0,6.0
Middleware <-> S7-1200 (OPC UA),OPC UA,297.0,1107,8,1107.0,8.0
Middleware <-> S7-1200 (OPC UA),OPC UA,298.0,961,9,961.0,9.0
Middleware <-> S7-1200 (OPC UA),OPC UA,299.0,1074,9,1074.0,9.0
Middleware <-> S7-1200 (OPC UA),OPC UA,300.0,1009,9,1009.0,9.0
Middleware <-> S7-1200 (OPC UA),OPC UA,301.0,523,5,523.0,5.0
Middleware <-> S7-1200 (OPC UA),OPC UA,302.0,1123,9,1123.0,9.0
Middleware <-> S7-1200 (OPC UA),OPC UA,303.0,676,6,676.0,6.0
Middleware <-> S7-1200 (OPC UA),OPC UA,304.0,1111,10,1111.0,10.0
Middleware <-> S7-1200 (OPC UA),OPC UA,305.0,676,6,676.0,6.0
Middleware <-> S7-1200 (OPC UA),OPC UA,306.0,676,6,676.0,6.0
Middleware <-> S7-1200 (OPC UA),OPC UA,307.0,736,7,736.0,7.0
Middleware <-> S7-1200 (OPC UA),OPC UA,308.0,1272,10,1272.0,10.0
Middleware <-> S7-1200 (OPC UA),OPC UA,309.0,676,6,676.0,6.0
Middleware <-> S7-1200 (OPC UA),OPC UA,310.0,1074,9,1074.0,9.0
Middleware <-> S7-1200 (OPC UA),OPC UA,311.0,1074,9,1074.0,9.0
Middleware <-> S7-1200 (OPC UA),OPC UA,312.0,676,6,676.0,6.0
Middleware <-> S7-1200 (OPC UA),OPC UA,313.0,810,6,810.0,6.0
Middleware <-> S7-1200 (OPC UA),OPC UA,314.0,313,3,313.0,3.0
Middleware <-> S7-1200 (OPC UA),OPC UA,315.0,1051,9,1051.0,9.0
Middleware <-> S7-1200 (OPC UA),OPC UA,316.0,676,6,676.0,6.0
Middleware <-> S7-1200 (OPC UA),OPC UA,317.0,676,6,676.0,6.0
Middleware <-> S7-1200 (OPC UA),OPC UA,318.0,676,6,676.0,6.0
Middleware <-> S7-1200 (OPC UA),OPC UA,319.0,1212,9,1212.0,9.0
Middleware <-> S7-1200 (OPC UA),OPC UA,320.0,676,6,676.0,6.0
Middleware <-> S7-1200 (OPC UA),OPC UA,321.0,1194,11,1194.0,11.0
Middleware <-> S7-1200 (OPC UA),OPC UA,322.0,1134,10,1134.0,10.0
Middleware <-> S7-1200 (OPC UA),OPC UA,323.0,676,6,676.0,6.0
Middleware <-> S7-1200 (OPC UA),OPC UA,324.0,1123,9,1123.0,9.0
Middleware <-> S7-1200 (OPC UA),OPC UA,325.0,363,3,363.0,3.0
Middleware <-> S7-1200 (OPC UA),OPC UA,326.0,688,6,688.0,6.0
Middleware <-> S7-1200 (OPC UA),OPC UA,327.0,676,6,676.0,6.0
Middleware <-> S7-1200 (OPC UA),OPC UA,328.0,676,6,676.0,6.0
Middleware <-> S7-1200 (OPC UA),OPC UA,329.0,676,6,676.0,6.0
Middleware <-> S7-1200 (OPC UA),OPC UA,330.0,676,6,676.0,6.0
Middleware <-> S7-1200 (OPC UA),OPC UA,331.0,1212,9,1212.0,9.0
Middleware <-> S7-1200 (OPC UA),OPC UA,332.0,1074,9,1074.0,9.0
Middleware <-> S7-1200 (OPC UA),OPC UA,333.0,676,6,676.0,6.0
Middleware <-> S7-1200 (OPC UA),OPC UA,334.0,1134,10,1134.0,10.0
Middleware <-> S7-1200 (OPC UA),OPC UA,335.0,1137,10,1137.0,10.0
Middleware <-> S7-1200 (OPC UA),OPC UA,336.0,1194,11,1194.0,11.0
Middleware <-> S7-1200 (OPC UA),OPC UA,337.0,798,7,798.0,7.0
Middleware <-> S7-1200 (OPC UA),OPC UA,338.0,313,3,313.0,3.0
Middleware <-> S7-1200 (OPC UA),OPC UA,339.0,676,6,676.0,6.0
Middleware <-> S7-1200 (OPC UA),OPC UA,340.0,676,6,676.0,6.0
Middleware <-> S7-1200 (OPC UA),OPC UA,341.0,676,6,676.0,6.0
Middleware <-> S7-1200 (OPC UA),OPC UA,342.0,1212,9,1212.0,9.0
Middleware <-> S7-1200 (OPC UA),OPC UA,343.0,1074,9,1074.0,9.0
Middleware <-> S7-1200 (OPC UA),OPC UA,344.0,1194,11,1194.0,11.0
Middleware <-> S7-1200 (OPC UA),OPC UA,345.0,1017,8,1017.0,8.0
Middleware <-> S7-1200 (OPC UA),OPC UA,346.0,1074,9,1074.0,9.0
Middleware <-> S7-1200 (OPC UA),OPC UA,347.0,1051,9,1051.0,9.0
Middleware <-> S7-1200 (OPC UA),OPC UA,348.0,736,7,736.0,7.0
Middleware <-> S7-1200 (OPC UA),OPC UA,349.0,488,4,488.0,4.0
Middleware <-> S7-1200 (OPC UA),OPC UA,350.0,188,2,188.0,2.0
Middleware <-> S7-1200 (OPC UA),OPC UA,351.0,676,6,676.0,6.0
Middleware <-> S7-1200 (OPC UA),OPC UA,352.0,1152,8,1152.0,8.0
Middleware <-> S7-1200 (OPC UA),OPC UA,353.0,1194,11,1194.0,11.0
Middleware <-> S7-1200 (OPC UA),OPC UA,354.0,736,7,736.0,7.0
Middleware <-> S7-1200 (OPC UA),OPC UA,355.0,1014,8,1014.0,8.0
Middleware <-> S7-1200 (OPC UA),OPC UA,356.0,949,8,949.0,8.0
Middleware <-> S7-1200 (OPC UA),OPC UA,357.0,864,8,864.0,8.0
Middleware <-> S7-1200 (OPC UA),OPC UA,358.0,1074,9,1074.0,9.0
Middleware <-> S7-1200 (OPC UA),OPC UA,359.0,1051,9,1051.0,9.0
Middleware <-> S7-1200 (OPC UA),OPC UA,360.0,676,6,676.0,6.0
Middleware <-> S7-1200 (OPC UA),OPC UA,361.0,676,6,676.0,6.0
Middleware <-> S7-1200 (OPC UA),OPC UA,362.0,303,2,303.0,2.0
Middleware <-> S7-1200 (OPC UA),OPC UA,363.0,373,4,373.0,4.0
Middleware <-> S7-1200 (OPC UA),OPC UA,364.0,1152,8,1152.0,8.0
Middleware <-> S7-1200 (OPC UA),OPC UA,365.0,1014,8,1014.0,8.0
Middleware <-> S7-1200 (OPC UA),OPC UA,366.0,736,7,736.0,7.0
Middleware <-> S7-1200 (OPC UA),OPC UA,367.0,1134,10,1134.0,10.0
Middleware <-> S7-1200 (OPC UA),OPC UA,368.0,1077,9,1077.0,9.0
Middleware <-> S7-1200 (OPC UA),OPC UA,369.0,1074,9,1074.0,9.0
Middleware <-> S7-1200 (OPC UA),OPC UA,370.0,1111,10,1111.0,10.0
Middleware <-> S7-1200 (OPC UA),OPC UA,371.0,736,7,736.0,7.0
Middleware <-> S7-1200 (OPC UA),OPC UA,372.0,736,7,736.0,7.0
Middleware <-> S7-1200 (OPC UA),OPC UA,373.0,736,7,736.0,7.0
Middleware <-> S7-1200 (OPC UA),OPC UA,374.0,548,5,548.0,5.0
Middleware <-> S7-1200 (OPC UA),OPC UA,375.0,937,7,937.0,7.0
Middleware <-> S7-1200 (OPC UA),OPC UA,376.0,523,5,523.0,5.0
Middleware <-> S7-1200 (OPC UA),OPC UA,377.0,1074,9,1074.0,9.0
Middleware <-> S7-1200 (OPC UA),OPC UA,378.0,1074,9,1074.0,9.0
Middleware <-> S7-1200 (OPC UA),OPC UA,379.0,676,6,676.0,6.0
Middleware <-> S7-1200 (OPC UA),OPC UA,380.0,1063,8,1063.0,8.0
Middleware <-> S7-1200 (OPC UA),OPC UA,381.0,616,5,616.0,5.0
Middleware <-> S7-1200 (OPC UA),OPC UA,382.0,1051,9,1051.0,9.0
Middleware <-> S7-1200 (OPC UA),OPC UA,383.0,676,6,676.0,6.0
Middleware <-> S7-1200 (OPC UA),OPC UA,384.0,676,6,676.0,6.0
Middleware <-> S7-1200 (OPC UA),OPC UA,385.0,676,6,676.0,6.0
Middleware <-> S7-1200 (OPC UA),OPC UA,386.0,1024,7,1024.0,7.0
Middleware <-> S7-1200 (OPC UA),OPC UA,387.0,341,3,341.0,3.0
Middleware <-> S7-1200 (OPC UA),OPC UA,388.0,981,9,981.0,9.0
Middleware <-> S7-1200 (OPC UA),OPC UA,389.0,1074,9,1074.0,9.0
Middleware <-> S7-1200 (OPC UA),OPC UA,390.0,616,5,616.0,5.0
Middleware <-> S7-1200 (OPC UA),OPC UA,391.0,1183,10,1183.0,10.0
Middleware <-> S7-1200 (OPC UA),OPC UA,392.0,616,5,616.0,5.0
Middleware <-> S7-1200 (OPC UA),OPC UA,393.0,1111,10,1111.0,10.0
Middleware <-> S7-1200 (OPC UA),OPC UA,394.0,676,6,676.0,6.0
Middleware <-> S7-1200 (OPC UA),OPC UA,395.0,676,6,676.0,6.0
Middleware <-> S7-1200 (OPC UA),OPC UA,396.0,676,6,676.0,6.0
Middleware <-> S7-1200 (OPC UA),OPC UA,397.0,1235,9,1235.0,9.0
Middleware <-> S7-1200 (OPC UA),OPC UA,398.0,863,7,863.0,7.0
Middleware <-> S7-1200 (OPC UA),OPC UA,399.0,799,7,799.0,7.0
Middleware <-> S7-1200 (OPC UA),OPC UA,400.0,981,9,981.0,9.0
Middleware <-> S7-1200 (OPC UA),OPC UA,401.0,736,7,736.0,7.0
Middleware <-> S7-1200 (OPC UA),OPC UA,402.0,1243,11,1243.0,11.0
Middleware <-> S7-1200 (OPC UA),OPC UA,403.0,736,7,736.0,7.0
Middleware <-> S7-1200 (OPC UA),OPC UA,404.0,1171,11,1171.0,11.0
Middleware <-> S7-1200 (OPC UA),OPC UA,405.0,676,6,676.0,6.0
Middleware <-> S7-1200 (OPC UA),OPC UA,406.0,676,6,676.0,6.0
Middleware <-> S7-1200 (OPC UA),OPC UA,407.0,676,6,676.0,6.0
Middleware <-> S7-1200 (OPC UA),OPC UA,408.0,1235,9,1235.0,9.0
Middleware <-> S7-1200 (OPC UA),OPC UA,409.0,1051,9,1051.0,9.0
Middleware <-> S7-1200 (OPC UA),OPC UA,410.0,1180,10,1180.0,10.0
Middleware <-> S7-1200 (OPC UA),OPC UA,411.0,363,3,363.0,3.0
Middleware <-> S7-1200 (OPC UA),OPC UA,412.0,880,8,880.0,8.0
Middleware <-> S7-1200 (OPC UA),OPC UA,413.0,676,6,676.0,6.0
Middleware <-> S7-1200 (OPC UA),OPC UA,414.0,1051,9,1051.0,9.0
Middleware <-> S7-1200 (OPC UA),OPC UA,415.0,676,6,676.0,6.0
Middleware <-> S7-1200 (OPC UA),OPC UA,416.0,676,6,676.0,6.0
Middleware <-> S7-1200 (OPC UA),OPC UA,417.0,676,6,676.0,6.0
Middleware <-> S7-1200 (OPC UA),OPC UA,418.0,1212,9,1212.0,9.0
Middleware <-> S7-1200 (OPC UA),OPC UA,419.0,676,6,676.0,6.0
Middleware <-> S7-1200 (OPC UA),OPC UA,420.0,1014,8,1014.0,8.0
Middleware <-> S7-1200 (OPC UA),OPC UA,421.0,1194,11,1194.0,11.0
Middleware <-> S7-1200 (OPC UA),OPC UA,422.0,736,7,736.0,7.0
Middleware <-> S7-1200 (OPC UA),OPC UA,423.0,750,5,750.0,5.0
Middleware <-> S7-1200 (OPC UA),OPC UA,424.0,313,3,313.0,3.0
Middleware <-> S7-1200 (OPC UA),OPC UA,425.0,863,7,863.0,7.0
Middleware <-> S7-1200 (OPC UA),OPC UA,426.0,804,7,804.0,7.0
Middleware <-> S7-1200 (OPC UA),OPC UA,427.0,676,6,676.0,6.0
Middleware <-> S7-1200 (OPC UA),OPC UA,428.0,676,6,676.0,6.0
Middleware <-> S7-1200 (OPC UA),OPC UA,429.0,676,6,676.0,6.0
Middleware <-> S7-1200 (OPC UA),OPC UA,430.0,676,6,676.0,6.0
Middleware <-> S7-1200 (OPC UA),OPC UA,431.0,1212,9,1212.0,9.0
Middleware <-> S7-1200 (OPC UA),OPC UA,432.0,1074,9,1074.0,9.0
Middleware <-> S7-1200 (OPC UA),OPC UA,433.0,676,6,676.0,6.0
Middleware <-> S7-1200 (OPC UA),OPC UA,434.0,886,7,886.0,7.0
Middleware <-> S7-1200 (OPC UA),OPC UA,435.0,802,7,802.0,7.0
Middleware <-> S7-1200 (OPC UA),OPC UA,436.0,861,7,861.0,7.0
Middleware <-> S7-1200 (OPC UA),OPC UA,437.0,991,8,991.0,8.0
Middleware <-> S7-1200 (OPC UA),OPC UA,438.0,676,6,676.0,6.0
Middleware <-> S7-1200 (OPC UA),OPC UA,439.0,676,6,676.0,6.0
Middleware <-> S7-1200 (OPC UA),OPC UA,440.0,676,6,676.0,6.0
Middleware <-> S7-1200 (OPC UA),OPC UA,441.0,676,6,676.0,6.0
Middleware <-> S7-1200 (OPC UA),OPC UA,442.0,1272,10,1272.0,10.0
Middleware <-> S7-1200 (OPC UA),OPC UA,443.0,1074,9,1074.0,9.0
Middleware <-> S7-1200 (OPC UA),OPC UA,444.0,676,6,676.0,6.0
Middleware <-> S7-1200 (OPC UA),OPC UA,445.0,1074,9,1074.0,9.0
Middleware <-> S7-1200 (OPC UA),OPC UA,446.0,949,8,949.0,8.0
Middleware <-> S7-1200 (OPC UA),OPC UA,447.0,799,7,799.0,7.0
Middleware <-> S7-1200 (OPC UA),OPC UA,448.0,958,9,958.0,9.0
Middleware <-> S7-1200 (OPC UA),OPC UA,449.0,616,5,616.0,5.0
Middleware <-> S7-1200 (OPC UA),OPC UA,450.0,676,6,676.0,6.0
Middleware <-> S7-1200 (OPC UA),OPC UA,451.0,676,6,676.0,6.0
Middleware <-> S7-1200 (OPC UA),OPC UA,452.0,676,6,676.0,6.0
Middleware <-> S7-1200 (OPC UA),OPC UA,453.0,1212,9,1212.0,9.0
Middleware <-> S7-1200 (OPC UA),OPC UA,454.0,1074,9,1074.0,9.0
Middleware <-> S7-1200 (OPC UA),OPC UA,455.0,676,6,676.0,6.0
Middleware <-> S7-1200 (OPC UA),OPC UA,456.0,1074,9,1074.0,9.0
Middleware <-> S7-1200 (OPC UA),OPC UA,457.0,1137,10,1137.0,10.0
Middleware <-> S7-1200 (OPC UA),OPC UA,458.0,1014,8,1014.0,8.0
Middleware <-> S7-1200 (OPC UA),OPC UA,459.0,773,7,773.0,7.0
Middleware <-> S7-1200 (OPC UA),OPC UA,460.0,338,3,338.0,3.0
Middleware <-> S7-1200 (OPC UA),OPC UA,461.0,676,6,676.0,6.0
Middleware <-> S7-1200 (OPC UA),OPC UA,462.0,676,6,676.0,6.0
Middleware <-> S7-1200 (OPC UA),OPC UA,463.0,676,6,676.0,6.0
Middleware <-> S7-1200 (OPC UA),OPC UA,464.0,1272,10,1272.0,10.0
Middleware <-> S7-1200 (OPC UA),OPC UA,465.0,1134,10,1134.0,10.0
Middleware <-> S7-1200 (OPC UA),OPC UA,466.0,676,6,676.0,6.0
Middleware <-> S7-1200 (OPC UA),OPC UA,467.0,1134,10,1134.0,10.0
Middleware <-> S7-1200 (OPC UA),OPC UA,468.0,1077,9,1077.0,9.0
Middleware <-> S7-1200 (OPC UA),OPC UA,469.0,1134,10,1134.0,10.0
Middleware <-> S7-1200 (OPC UA),OPC UA,470.0,991,8,991.0,8.0
Middleware <-> S7-1200 (OPC UA),OPC UA,471.0,398,4,398.0,4.0
Middleware <-> S7-1200 (OPC UA),OPC UA,472.0,338,3,338.0,3.0
Middleware <-> S7-1200 (OPC UA),OPC UA,473.0,676,6,676.0,6.0
Middleware <-> S7-1200 (OPC UA),OPC UA,474.0,676,6,676.0,6.0
Middleware <-> S7-1200 (OPC UA),OPC UA,475.0,1272,10,1272.0,10.0
Middleware <-> S7-1200 (OPC UA),OPC UA,476.0,1134,10,1134.0,10.0
Middleware <-> S7-1200 (OPC UA),OPC UA,477.0,616,5,616.0,5.0
Middleware <-> S7-1200 (OPC UA),OPC UA,478.0,1134,10,1134.0,10.0
Middleware <-> S7-1200 (OPC UA),OPC UA,479.0,1123,9,1123.0,9.0
Middleware <-> S7-1200 (OPC UA),OPC UA,480.0,931,7,931.0,7.0
Middleware <-> S7-1200 (OPC UA),OPC UA,481.0,676,6,676.0,6.0
Middleware <-> S7-1200 (OPC UA),OPC UA,482.0,676,6,676.0,6.0
Middleware <-> S7-1200 (OPC UA),OPC UA,483.0,338,3,338.0,3.0
Middleware <-> S7-1200 (OPC UA),OPC UA,484.0,338,3,338.0,3.0
Middleware <-> S7-1200 (OPC UA),OPC UA,485.0,1272,10,1272.0,10.0
Middleware <-> S7-1200 (OPC UA),OPC UA,486.0,616,5,616.0,5.0
Middleware <-> S7-1200 (OPC UA),OPC UA,487.0,1134,10,1134.0,10.0
Middleware <-> S7-1200 (OPC UA),OPC UA,488.0,1014,8,1014.0,8.0
Middleware <-> S7-1200 (OPC UA),OPC UA,489.0,736,7,736.0,7.0
Middleware <-> S7-1200 (OPC UA),OPC UA,490.0,1123,9,1123.0,9.0
Middleware <-> S7-1200 (OPC UA),OPC UA,491.0,676,6,676.0,6.0
Middleware <-> S7-1200 (OPC UA),OPC UA,492.0,1051,9,1051.0,9.0
Middleware <-> S7-1200 (OPC UA),OPC UA,493.0,736,7,736.0,7.0
Middleware <-> S7-1200 (OPC UA),OPC UA,494.0,676,6,676.0,6.0
Middleware <-> S7-1200 (OPC UA),OPC UA,495.0,676,6,676.0,6.0
Middleware <-> S7-1200 (OPC UA),OPC UA,496.0,1024,7,1024.0,7.0
Middleware <-> S7-1200 (OPC UA),OPC UA,497.0,586,6,586.0,6.0
Middleware <-> S7-1200 (OPC UA),OPC UA,498.0,676,6,676.0,6.0
Middleware <-> S7-1200 (OPC UA),OPC UA,499.0,1134,10,1134.0,10.0
Middleware <-> S7-1200 (OPC UA),OPC UA,500.0,1134,10,1134.0,10.0
Middleware <-> S7-1200 (OPC UA),OPC UA,501.0,338,3,338.0,3.0
Middleware <-> S7-1200 (OPC UA),OPC UA,502.0,1123,9,1123.0,9.0
Middleware <-> S7-1200 (OPC UA),OPC UA,503.0,676,6,676.0,6.0
Middleware <-> S7-1200 (OPC UA),OPC UA,504.0,1111,10,1111.0,10.0
Middleware <-> S7-1200 (OPC UA),OPC UA,505.0,676,6,676.0,6.0
Middleware <-> S7-1200 (OPC UA),OPC UA,506.0,676,6,676.0,6.0
Middleware <-> S7-1200 (OPC UA),OPC UA,507.0,676,6,676.0,6.0
Middleware <-> S7-1200 (OPC UA),OPC UA,508.0,1295,10,1295.0,10.0
Middleware <-> S7-1200 (OPC UA),OPC UA,509.0,1111,10,1111.0,10.0
Middleware <-> S7-1200 (OPC UA),OPC UA,510.0,1074,9,1074.0,9.0
Middleware <-> S7-1200 (OPC UA),OPC UA,511.0,1194,11,1194.0,11.0
Middleware <-> S7-1200 (OPC UA),OPC UA,512.0,548,5,548.0,5.0
Middleware <-> S7-1200 (OPC UA),OPC UA,513.0,848,7,848.0,7.0
Middleware <-> S7-1200 (OPC UA),OPC UA,514.0,523,5,523.0,5.0
Middleware <-> S7-1200 (OPC UA),OPC UA,515.0,1171,11,1171.0,11.0
Middleware <-> S7-1200 (OPC UA),OPC UA,516.0,676,6,676.0,6.0
Middleware <-> S7-1200 (OPC UA),OPC UA,517.0,676,6,676.0,6.0
Middleware <-> S7-1200 (OPC UA),OPC UA,518.0,676,6,676.0,6.0
Middleware <-> S7-1200 (OPC UA),OPC UA,519.0,1152,8,1152.0,8.0
Middleware <-> S7-1200 (OPC UA),OPC UA,520.0,676,6,676.0,6.0
Middleware <-> S7-1200 (OPC UA),OPC UA,521.0,1074,9,1074.0,9.0
Middleware <-> S7-1200 (OPC UA),OPC UA,522.0,1074,9,1074.0,9.0
Middleware <-> S7-1200 (OPC UA),OPC UA,523.0,676,6,676.0,6.0
Middleware <-> S7-1200 (OPC UA),OPC UA,524.0,935,7,935.0,7.0
Middleware <-> S7-1200 (OPC UA),OPC UA,525.0,341,3,341.0,3.0
Middleware <-> S7-1200 (OPC UA),OPC UA,526.0,898,8,898.0,8.0
Middleware <-> S7-1200 (OPC UA),OPC UA,527.0,676,6,676.0,6.0
Middleware <-> S7-1200 (OPC UA),OPC UA,528.0,676,6,676.0,6.0
Middleware <-> S7-1200 (OPC UA),OPC UA,529.0,676,6,676.0,6.0
Middleware <-> S7-1200 (OPC UA),OPC UA,530.0,1097,9,1097.0,9.0
Middleware <-> S7-1200 (OPC UA),OPC UA,531.0,1203,10,1203.0,10.0
Middleware <-> S7-1200 (OPC UA),OPC UA,532.0,1913,16,1913.0,16.0
Middleware <-> S7-1200 (OPC UA),OPC UA,533.0,1111,10,1111.0,10.0
Middleware <-> S7-1200 (OPC UA),OPC UA,534.0,1111,10,1111.0,10.0
Middleware <-> S7-1200 (OPC UA),OPC UA,535.0,1160,10,1160.0,10.0
Middleware <-> S7-1200 (OPC UA),OPC UA,536.0,923,8,923.0,8.0
Middleware <-> S7-1200 (OPC UA),OPC UA,537.0,683,7,683.0,7.0
Middleware <-> S7-1200 (OPC UA),OPC UA,538.0,676,6,676.0,6.0
Middleware <-> S7-1200 (OPC UA),OPC UA,539.0,676,6,676.0,6.0
Middleware <-> S7-1200 (OPC UA),OPC UA,540.0,676,6,676.0,6.0
Middleware <-> S7-1200 (OPC UA),OPC UA,541.0,1120,9,1120.0,9.0
Middleware <-> S7-1200 (OPC UA),OPC UA,542.0,1120,9,1120.0,9.0
Middleware <-> S7-1200 (OPC UA),OPC UA,543.0,1074,9,1074.0,9.0
Middleware <-> S7-1200 (OPC UA),OPC UA,544.0,1051,9,1051.0,9.0
Middleware <-> S7-1200 (OPC UA),OPC UA,545.0,1051,9,1051.0,9.0
Middleware <-> S7-1200 (OPC UA),OPC UA,546.0,1183,10,1183.0,10.0
Middleware <-> S7-1200 (OPC UA),OPC UA,547.0,1051,9,1051.0,9.0
Middleware <-> S7-1200 (OPC UA),OPC UA,548.0,676,6,676.0,6.0
Middleware <-> S7-1200 (OPC UA),OPC UA,549.0,153,1,153.0,1.0
Middleware <-> S7-1200 (OPC UA),OPC UA,550.0,583,6,583.0,6.0
Middleware <-> S7-1200 (OPC UA),OPC UA,551.0,736,7,736.0,7.0
Middleware <-> S7-1200 (OPC UA),OPC UA,552.0,1272,10,1272.0,10.0
Middleware <-> S7-1200 (OPC UA),OPC UA,553.0,1194,11,1194.0,11.0
Middleware <-> S7-1200 (OPC UA),OPC UA,554.0,736,7,736.0,7.0
Middleware <-> S7-1200 (OPC UA),OPC UA,555.0,1014,8,1014.0,8.0
Middleware <-> S7-1200 (OPC UA),OPC UA,556.0,1077,9,1077.0,9.0
Middleware <-> S7-1200 (OPC UA),OPC UA,557.0,1074,9,1074.0,9.0
Middleware <-> S7-1200 (OPC UA),OPC UA,558.0,1051,9,1051.0,9.0
Middleware <-> S7-1200 (OPC UA),OPC UA,559.0,736,7,736.0,7.0
Middleware <-> S7-1200 (OPC UA),OPC UA,560.0,676,6,676.0,6.0
Middleware <-> S7-1200 (OPC UA),OPC UA,561.0,303,2,303.0,2.0
Middleware <-> S7-1200 (OPC UA),OPC UA,562.0,433,5,433.0,5.0
Middleware <-> S7-1200 (OPC UA),OPC UA,563.0,1144,9,1144.0,9.0
Middleware <-> S7-1200 (OPC UA),OPC UA,564.0,864,8,864.0,8.0
Middleware <-> S7-1200 (OPC UA),OPC UA,565.0,1074,9,1074.0,9.0
Middleware <-> S7-1200 (OPC UA),OPC UA,566.0,676,6,676.0,6.0
Middleware <-> S7-1200 (OPC UA),OPC UA,567.0,1074,9,1074.0,9.0
Middleware <-> S7-1200 (OPC UA),OPC UA,568.0,1077,9,1077.0,9.0
Middleware <-> S7-1200 (OPC UA),OPC UA,569.0,1134,10,1134.0,10.0
Middleware <-> S7-1200 (OPC UA),OPC UA,570.0,1111,10,1111.0,10.0
Middleware <-> S7-1200 (OPC UA),OPC UA,571.0,676,6,676.0,6.0
Middleware <-> S7-1200 (OPC UA),OPC UA,572.0,736,7,736.0,7.0
Middleware <-> S7-1200 (OPC UA),OPC UA,573.0,488,4,488.0,4.0
Middleware <-> S7-1200 (OPC UA),OPC UA,574.0,341,3,341.0,3.0
Middleware <-> S7-1200 (OPC UA),OPC UA,575.0,1059,8,1059.0,8.0
Middleware <-> S7-1200 (OPC UA),OPC UA,576.0,954,7,954.0,7.0
Middleware <-> S7-1200 (OPC UA),OPC UA,577.0,676,6,676.0,6.0
Middleware <-> S7-1200 (OPC UA),OPC UA,578.0,1074,9,1074.0,9.0
Middleware <-> S7-1200 (OPC UA),OPC UA,579.0,1077,9,1077.0,9.0
Middleware <-> S7-1200 (OPC UA),OPC UA,580.0,1074,9,1074.0,9.0
Middleware <-> S7-1200 (OPC UA),OPC UA,581.0,1111,10,1111.0,10.0
Middleware <-> S7-1200 (OPC UA),OPC UA,582.0,676,6,676.0,6.0
Middleware <-> S7-1200 (OPC UA),OPC UA,583.0,676,6,676.0,6.0
Middleware <-> S7-1200 (OPC UA),OPC UA,584.0,676,6,676.0,6.0
Middleware <-> S7-1200 (OPC UA),OPC UA,585.0,676,6,676.0,6.0
Middleware <-> S7-1200 (OPC UA),OPC UA,586.0,874,6,874.0,6.0
Middleware <-> S7-1200 (OPC UA),OPC UA,587.0,796,7,796.0,7.0
Middleware <-> S7-1200 (OPC UA),OPC UA,588.0,616,5,616.0,5.0
Middleware <-> S7-1200 (OPC UA),OPC UA,589.0,1134,10,1134.0,10.0
Middleware <-> S7-1200 (OPC UA),OPC UA,590.0,1017,8,1017.0,8.0
Middleware <-> S7-1200 (OPC UA),OPC UA,591.0,954,7,954.0,7.0
Middleware <-> S7-1200 (OPC UA),OPC UA,592.0,1111,10,1111.0,10.0
Middleware <-> S7-1200 (OPC UA),OPC UA,593.0,676,6,676.0,6.0
Middleware <-> S7-1200 (OPC UA),OPC UA,594.0,676,6,676.0,6.0
Middleware <-> S7-1200 (OPC UA),OPC UA,595.0,676,6,676.0,6.0
Middleware <-> S7-1200 (OPC UA),OPC UA,596.0,676,6,676.0,6.0
Middleware <-> S7-1200 (OPC UA),OPC UA,597.0,1152,8,1152.0,8.0
Middleware <-> S7-1200 (OPC UA),OPC UA,598.0,796,7,796.0,7.0
Middleware <-> S7-1200 (OPC UA),OPC UA,599.0,338,3,338.0,3.0
Middleware <-> TM221 (Modbus TCP),Modbus TCP,0.0,1028,16,1028.0,16.0
Middleware <-> TM221 (Modbus TCP),Modbus TCP,1.0,1028,16,1028.0,16.0
Middleware <-> TM221 (Modbus TCP),Modbus TCP,2.0,1028,16,1028.0,16.0
Middleware <-> TM221 (Modbus TCP),Modbus TCP,3.0,1028,16,1028.0,16.0
Middleware <-> TM221 (Modbus TCP),Modbus TCP,4.0,1028,16,1028.0,16.0
Middleware <-> TM221 (Modbus TCP),Modbus TCP,5.0,705,11,705.0,11.0
Middleware <-> TM221 (Modbus TCP),Modbus TCP,6.0,837,13,837.0,13.0
Middleware <-> TM221 (Modbus TCP),Modbus TCP,7.0,1028,16,1028.0,16.0
Middleware <-> TM221 (Modbus TCP),Modbus TCP,8.0,1028,16,1028.0,16.0
Middleware <-> TM221 (Modbus TCP),Modbus TCP,9.0,1028,16,1028.0,16.0
Middleware <-> TM221 (Modbus TCP),Modbus TCP,10.0,1028,16,1028.0,16.0
Middleware <-> TM221 (Modbus TCP),Modbus TCP,11.0,968,15,968.0,15.0
Middleware <-> TM221 (Modbus TCP),Modbus TCP,12.0,574,9,574.0,9.0
Middleware <-> TM221 (Modbus TCP),Modbus TCP,13.0,1028,16,1028.0,16.0
Middleware <-> TM221 (Modbus TCP),Modbus TCP,14.0,1028,16,1028.0,16.0
Middleware <-> TM221 (Modbus TCP),Modbus TCP,15.0,1028,16,1028.0,16.0
Middleware <-> TM221 (Modbus TCP),Modbus TCP,16.0,1028,16,1028.0,16.0
Middleware <-> TM221 (Modbus TCP),Modbus TCP,17.0,968,15,968.0,15.0
Middleware <-> TM221 (Modbus TCP),Modbus TCP,18.0,574,9,574.0,9.0
Middleware <-> TM221 (Modbus TCP),Modbus TCP,19.0,1028,16,1028.0,16.0
Middleware <-> TM221 (Modbus TCP),Modbus TCP,20.0,1028,16,1028.0,16.0
Middleware <-> TM221 (Modbus TCP),Modbus TCP,21.0,1028,16,1028.0,16.0
Middleware <-> TM221 (Modbus TCP),Modbus TCP,22.0,1028,16,1028.0,16.0
Middleware <-> TM221 (Modbus TCP),Modbus TCP,23.0,968,15,968.0,15.0
Middleware <-> TM221 (Modbus TCP),Modbus TCP,24.0,574,9,574.0,9.0
Middleware <-> TM221 (Modbus TCP),Modbus TCP,25.0,1028,16,1028.0,16.0
Middleware <-> TM221 (Modbus TCP),Modbus TCP,26.0,1028,16,1028.0,16.0
Middleware <-> TM221 (Modbus TCP),Modbus TCP,27.0,1028,16,1028.0,16.0
Middleware <-> TM221 (Modbus TCP),Modbus TCP,28.0,1028,16,1028.0,16.0
Middleware <-> TM221 (Modbus TCP),Modbus TCP,29.0,968,15,968.0,15.0
Middleware <-> TM221 (Modbus TCP),Modbus TCP,30.0,574,9,574.0,9.0
Middleware <-> TM221 (Modbus TCP),Modbus TCP,31.0,1028,16,1028.0,16.0
Middleware <-> TM221 (Modbus TCP),Modbus TCP,32.0,1028,16,1028.0,16.0
Middleware <-> TM221 (Modbus TCP),Modbus TCP,33.0,1028,16,1028.0,16.0
Middleware <-> TM221 (Modbus TCP),Modbus TCP,34.0,1028,16,1028.0,16.0
Middleware <-> TM221 (Modbus TCP),Modbus TCP,35.0,968,15,968.0,15.0
Middleware <-> TM221 (Modbus TCP),Modbus TCP,36.0,574,9,574.0,9.0
Middleware <-> TM221 (Modbus TCP),Modbus TCP,37.0,1028,16,1028.0,16.0
Middleware <-> TM221 (Modbus TCP),Modbus TCP,38.0,1028,16,1028.0,16.0
Middleware <-> TM221 (Modbus TCP),Modbus TCP,39.0,1028,16,1028.0,16.0
Middleware <-> TM221 (Modbus TCP),Modbus TCP,40.0,1028,16,1028.0,16.0
Middleware <-> TM221 (Modbus TCP),Modbus TCP,41.0,968,15,968.0,15.0
Middleware <-> TM221 (Modbus TCP),Modbus TCP,42.0,574,9,574.0,9.0
Middleware <-> TM221 (Modbus TCP),Modbus TCP,43.0,1028,16,1028.0,16.0
Middleware <-> TM221 (Modbus TCP),Modbus TCP,44.0,1028,16,1028.0,16.0
Middleware <-> TM221 (Modbus TCP),Modbus TCP,45.0,1028,16,1028.0,16.0
Middleware <-> TM221 (Modbus TCP),Modbus TCP,46.0,1028,16,1028.0,16.0
Middleware <-> TM221 (Modbus TCP),Modbus TCP,47.0,968,15,968.0,15.0
Middleware <-> TM221 (Modbus TCP),Modbus TCP,48.0,574,9,574.0,9.0
Middleware <-> TM221 (Modbus TCP),Modbus TCP,49.0,1028,16,1028.0,16.0
Middleware <-> TM221 (Modbus TCP),Modbus TCP,50.0,1028,16,1028.0,16.0
Middleware <-> TM221 (Modbus TCP),Modbus TCP,51.0,1028,16,1028.0,16.0
Middleware <-> TM221 (Modbus TCP),Modbus TCP,52.0,1028,16,1028.0,16.0
Middleware <-> TM221 (Modbus TCP),Modbus TCP,53.0,968,15,968.0,15.0
Middleware <-> TM221 (Modbus TCP),Modbus TCP,54.0,574,9,574.0,9.0
Middleware <-> TM221 (Modbus TCP),Modbus TCP,55.0,1028,16,1028.0,16.0
Middleware <-> TM221 (Modbus TCP),Modbus TCP,56.0,1028,16,1028.0,16.0
Middleware <-> TM221 (Modbus TCP),Modbus TCP,57.0,1028,16,1028.0,16.0
Middleware <-> TM221 (Modbus TCP),Modbus TCP,58.0,1028,16,1028.0,16.0
Middleware <-> TM221 (Modbus TCP),Modbus TCP,59.0,968,15,968.0,15.0
Middleware <-> TM221 (Modbus TCP),Modbus TCP,60.0,574,9,574.0,9.0
Middleware <-> TM221 (Modbus TCP),Modbus TCP,61.0,1028,16,1028.0,16.0
Middleware <-> TM221 (Modbus TCP),Modbus TCP,62.0,1028,16,1028.0,16.0
Middleware <-> TM221 (Modbus TCP),Modbus TCP,63.0,1028,16,1028.0,16.0
Middleware <-> TM221 (Modbus TCP),Modbus TCP,64.0,1028,16,1028.0,16.0
Middleware <-> TM221 (Modbus TCP),Modbus TCP,65.0,968,15,968.0,15.0
Middleware <-> TM221 (Modbus TCP),Modbus TCP,66.0,574,9,574.0,9.0
Middleware <-> TM221 (Modbus TCP),Modbus TCP,67.0,1028,16,1028.0,16.0
Middleware <-> TM221 (Modbus TCP),Modbus TCP,68.0,1028,16,1028.0,16.0
Middleware <-> TM221 (Modbus TCP),Modbus TCP,69.0,1028,16,1028.0,16.0
Middleware <-> TM221 (Modbus TCP),Modbus TCP,70.0,1028,16,1028.0,16.0
Middleware <-> TM221 (Modbus TCP),Modbus TCP,71.0,968,15,968.0,15.0
Middleware <-> TM221 (Modbus TCP),Modbus TCP,72.0,574,9,574.0,9.0
Middleware <-> TM221 (Modbus TCP),Modbus TCP,73.0,1028,16,1028.0,16.0
Middleware <-> TM221 (Modbus TCP),Modbus TCP,74.0,1028,16,1028.0,16.0
Middleware <-> TM221 (Modbus TCP),Modbus TCP,75.0,1028,16,1028.0,16.0
Middleware <-> TM221 (Modbus TCP),Modbus TCP,76.0,1028,16,1028.0,16.0
Middleware <-> TM221 (Modbus TCP),Modbus TCP,77.0,968,15,968.0,15.0
Middleware <-> TM221 (Modbus TCP),Modbus TCP,78.0,574,9,574.0,9.0
Middleware <-> TM221 (Modbus TCP),Modbus TCP,79.0,1028,16,1028.0,16.0
Middleware <-> TM221 (Modbus TCP),Modbus TCP,80.0,1028,16,1028.0,16.0
Middleware <-> TM221 (Modbus TCP),Modbus TCP,81.0,1028,16,1028.0,16.0
Middleware <-> TM221 (Modbus TCP),Modbus TCP,82.0,1028,16,1028.0,16.0
Middleware <-> TM221 (Modbus TCP),Modbus TCP,83.0,968,15,968.0,15.0
Middleware <-> TM221 (Modbus TCP),Modbus TCP,84.0,574,9,574.0,9.0
Middleware <-> TM221 (Modbus TCP),Modbus TCP,85.0,1028,16,1028.0,16.0
Middleware <-> TM221 (Modbus TCP),Modbus TCP,86.0,1028,16,1028.0,16.0
Middleware <-> TM221 (Modbus TCP),Modbus TCP,87.0,1028,16,1028.0,16.0
Middleware <-> TM221 (Modbus TCP),Modbus TCP,88.0,1028,16,1028.0,16.0
Middleware <-> TM221 (Modbus TCP),Modbus TCP,89.0,968,15,968.0,15.0
Middleware <-> TM221 (Modbus TCP),Modbus TCP,90.0,574,9,574.0,9.0
Middleware <-> TM221 (Modbus TCP),Modbus TCP,91.0,1028,16,1028.0,16.0
Middleware <-> TM221 (Modbus TCP),Modbus TCP,92.0,1028,16,1028.0,16.0
Middleware <-> TM221 (Modbus TCP),Modbus TCP,93.0,1028,16,1028.0,16.0
Middleware <-> TM221 (Modbus TCP),Modbus TCP,94.0,1028,16,1028.0,16.0
Middleware <-> TM221 (Modbus TCP),Modbus TCP,95.0,1028,16,1028.0,16.0
Middleware <-> TM221 (Modbus TCP),Modbus TCP,96.0,514,8,514.0,8.0
Middleware <-> TM221 (Modbus TCP),Modbus TCP,97.0,1028,16,1028.0,16.0
Middleware <-> TM221 (Modbus TCP),Modbus TCP,98.0,1028,16,1028.0,16.0
Middleware <-> TM221 (Modbus TCP),Modbus TCP,99.0,1028,16,1028.0,16.0
Middleware <-> TM221 (Modbus TCP),Modbus TCP,100.0,1028,16,1028.0,16.0
Middleware <-> TM221 (Modbus TCP),Modbus TCP,101.0,968,15,968.0,15.0
Middleware <-> TM221 (Modbus TCP),Modbus TCP,102.0,574,9,574.0,9.0
Middleware <-> TM221 (Modbus TCP),Modbus TCP,103.0,1028,16,1028.0,16.0
Middleware <-> TM221 (Modbus TCP),Modbus TCP,104.0,1028,16,1028.0,16.0
Middleware <-> TM221 (Modbus TCP),Modbus TCP,105.0,1028,16,1028.0,16.0
Middleware <-> TM221 (Modbus TCP),Modbus TCP,106.0,1028,16,1028.0,16.0
Middleware <-> TM221 (Modbus TCP),Modbus TCP,107.0,968,15,968.0,15.0
Middleware <-> TM221 (Modbus TCP),Modbus TCP,108.0,574,9,574.0,9.0
Middleware <-> TM221 (Modbus TCP),Modbus TCP,109.0,1028,16,1028.0,16.0
Middleware <-> TM221 (Modbus TCP),Modbus TCP,110.0,1028,16,1028.0,16.0
Middleware <-> TM221 (Modbus TCP),Modbus TCP,111.0,1028,16,1028.0,16.0
Middleware <-> TM221 (Modbus TCP),Modbus TCP,112.0,1028,16,1028.0,16.0
Middleware <-> TM221 (Modbus TCP),Modbus TCP,113.0,968,15,968.0,15.0
Middleware <-> TM221 (Modbus TCP),Modbus TCP,114.0,574,9,574.0,9.0
Middleware <-> TM221 (Modbus TCP),Modbus TCP,115.0,1028,16,1028.0,16.0
Middleware <-> TM221 (Modbus TCP),Modbus TCP,116.0,1028,16,1028.0,16.0
Middleware <-> TM221 (Modbus TCP),Modbus TCP,117.0,1028,16,1028.0,16.0
Middleware <-> TM221 (Modbus TCP),Modbus TCP,118.0,1028,16,1028.0,16.0
Middleware <-> TM221 (Modbus TCP),Modbus TCP,119.0,968,15,968.0,15.0
Middleware <-> TM221 (Modbus TCP),Modbus TCP,120.0,574,9,574.0,9.0
Middleware <-> TM221 (Modbus TCP),Modbus TCP,121.0,1028,16,1028.0,16.0
Middleware <-> TM221 (Modbus TCP),Modbus TCP,122.0,1028,16,1028.0,16.0
Middleware <-> TM221 (Modbus TCP),Modbus TCP,123.0,1028,16,1028.0,16.0
Middleware <-> TM221 (Modbus TCP),Modbus TCP,124.0,1028,16,1028.0,16.0
Middleware <-> TM221 (Modbus TCP),Modbus TCP,125.0,968,15,968.0,15.0
Middleware <-> TM221 (Modbus TCP),Modbus TCP,126.0,574,9,574.0,9.0
Middleware <-> TM221 (Modbus TCP),Modbus TCP,127.0,1028,16,1028.0,16.0
Middleware <-> TM221 (Modbus TCP),Modbus TCP,128.0,1028,16,1028.0,16.0
Middleware <-> TM221 (Modbus TCP),Modbus TCP,129.0,1028,16,1028.0,16.0
Middleware <-> TM221 (Modbus TCP),Modbus TCP,130.0,1028,16,1028.0,16.0
Middleware <-> TM221 (Modbus TCP),Modbus TCP,131.0,968,15,968.0,15.0
Middleware <-> TM221 (Modbus TCP),Modbus TCP,132.0,574,9,574.0,9.0
Middleware <-> TM221 (Modbus TCP),Modbus TCP,133.0,1028,16,1028.0,16.0
Middleware <-> TM221 (Modbus TCP),Modbus TCP,134.0,1028,16,1028.0,16.0
Middleware <-> TM221 (Modbus TCP),Modbus TCP,135.0,1028,16,1028.0,16.0
Middleware <-> TM221 (Modbus TCP),Modbus TCP,136.0,1028,16,1028.0,16.0
Middleware <-> TM221 (Modbus TCP),Modbus TCP,137.0,968,15,968.0,15.0
Middleware <-> TM221 (Modbus TCP),Modbus TCP,138.0,574,9,574.0,9.0
Middleware <-> TM221 (Modbus TCP),Modbus TCP,139.0,1028,16,1028.0,16.0
Middleware <-> TM221 (Modbus TCP),Modbus TCP,140.0,1028,16,1028.0,16.0
Middleware <-> TM221 (Modbus TCP),Modbus TCP,141.0,1028,16,1028.0,16.0
Middleware <-> TM221 (Modbus TCP),Modbus TCP,142.0,1028,16,1028.0,16.0
Middleware <-> TM221 (Modbus TCP),Modbus TCP,143.0,968,15,968.0,15.0
Middleware <-> TM221 (Modbus TCP),Modbus TCP,144.0,574,9,574.0,9.0
Middleware <-> TM221 (Modbus TCP),Modbus TCP,145.0,1028,16,1028.0,16.0
Middleware <-> TM221 (Modbus TCP),Modbus TCP,146.0,1028,16,1028.0,16.0
Middleware <-> TM221 (Modbus TCP),Modbus TCP,147.0,1028,16,1028.0,16.0
Middleware <-> TM221 (Modbus TCP),Modbus TCP,148.0,1028,16,1028.0,16.0
Middleware <-> TM221 (Modbus TCP),Modbus TCP,149.0,1028,16,1028.0,16.0
Middleware <-> TM221 (Modbus TCP),Modbus TCP,150.0,514,8,514.0,8.0
Middleware <-> TM221 (Modbus TCP),Modbus TCP,151.0,1028,16,1028.0,16.0
Middleware <-> TM221 (Modbus TCP),Modbus TCP,152.0,1028,16,1028.0,16.0
Middleware <-> TM221 (Modbus TCP),Modbus TCP,153.0,1028,16,1028.0,16.0
Middleware <-> TM221 (Modbus TCP),Modbus TCP,154.0,1028,16,1028.0,16.0
Middleware <-> TM221 (Modbus TCP),Modbus TCP,155.0,968,15,968.0,15.0
Middleware <-> TM221 (Modbus TCP),Modbus TCP,156.0,574,9,574.0,9.0
Middleware <-> TM221 (Modbus TCP),Modbus TCP,157.0,1028,16,1028.0,16.0
Middleware <-> TM221 (Modbus TCP),Modbus TCP,158.0,1028,16,1028.0,16.0
Middleware <-> TM221 (Modbus TCP),Modbus TCP,159.0,1028,16,1028.0,16.0
Middleware <-> TM221 (Modbus TCP),Modbus TCP,160.0,1028,16,1028.0,16.0
Middleware <-> TM221 (Modbus TCP),Modbus TCP,161.0,968,15,968.0,15.0
Middleware <-> TM221 (Modbus TCP),Modbus TCP,162.0,574,9,574.0,9.0
Middleware <-> TM221 (Modbus TCP),Modbus TCP,163.0,1028,16,1028.0,16.0
Middleware <-> TM221 (Modbus TCP),Modbus TCP,164.0,1028,16,1028.0,16.0
Middleware <-> TM221 (Modbus TCP),Modbus TCP,165.0,1028,16,1028.0,16.0
Middleware <-> TM221 (Modbus TCP),Modbus TCP,166.0,1028,16,1028.0,16.0
Middleware <-> TM221 (Modbus TCP),Modbus TCP,167.0,1028,16,1028.0,16.0
Middleware <-> TM221 (Modbus TCP),Modbus TCP,168.0,514,8,514.0,8.0
Middleware <-> TM221 (Modbus TCP),Modbus TCP,169.0,1028,16,1028.0,16.0
Middleware <-> TM221 (Modbus TCP),Modbus TCP,170.0,1028,16,1028.0,16.0
Middleware <-> TM221 (Modbus TCP),Modbus TCP,171.0,1028,16,1028.0,16.0
Middleware <-> TM221 (Modbus TCP),Modbus TCP,172.0,1028,16,1028.0,16.0
Middleware <-> TM221 (Modbus TCP),Modbus TCP,173.0,1028,16,1028.0,16.0
Middleware <-> TM221 (Modbus TCP),Modbus TCP,174.0,514,8,514.0,8.0
Middleware <-> TM221 (Modbus TCP),Modbus TCP,175.0,1028,16,1028.0,16.0
Middleware <-> TM221 (Modbus TCP),Modbus TCP,176.0,1028,16,1028.0,16.0
Middleware <-> TM221 (Modbus TCP),Modbus TCP,177.0,1028,16,1028.0,16.0
Middleware <-> TM221 (Modbus TCP),Modbus TCP,178.0,1028,16,1028.0,16.0
Middleware <-> TM221 (Modbus TCP),Modbus TCP,179.0,1028,16,1028.0,16.0
Middleware <-> TM221 (Modbus TCP),Modbus TCP,180.0,514,8,514.0,8.0
Middleware <-> TM221 (Modbus TCP),Modbus TCP,181.0,1028,16,1028.0,16.0
Middleware <-> TM221 (Modbus TCP),Modbus TCP,182.0,1028,16,1028.0,16.0
Middleware <-> TM221 (Modbus TCP),Modbus TCP,183.0,1028,16,1028.0,16.0
Middleware <-> TM221 (Modbus TCP),Modbus TCP,184.0,1028,16,1028.0,16.0
Middleware <-> TM221 (Modbus TCP),Modbus TCP,185.0,1028,16,1028.0,16.0
Middleware <-> TM221 (Modbus TCP),Modbus TCP,186.0,514,8,514.0,8.0
Middleware <-> TM221 (Modbus TCP),Modbus TCP,187.0,1028,16,1028.0,16.0
Middleware <-> TM221 (Modbus TCP),Modbus TCP,188.0,1028,16,1028.0,16.0
Middleware <-> TM221 (Modbus TCP),Modbus TCP,189.0,1028,16,1028.0,16.0
Middleware <-> TM221 (Modbus TCP),Modbus TCP,190.0,1028,16,1028.0,16.0
Middleware <-> TM221 (Modbus TCP),Modbus TCP,191.0,1028,16,1028.0,16.0
Middleware <-> TM221 (Modbus TCP),Modbus TCP,192.0,514,8,514.0,8.0
Middleware <-> TM221 (Modbus TCP),Modbus TCP,193.0,1028,16,1028.0,16.0
Middleware <-> TM221 (Modbus TCP),Modbus TCP,194.0,1028,16,1028.0,16.0
Middleware <-> TM221 (Modbus TCP),Modbus TCP,195.0,1028,16,1028.0,16.0
Middleware <-> TM221 (Modbus TCP),Modbus TCP,196.0,1028,16,1028.0,16.0
Middleware <-> TM221 (Modbus TCP),Modbus TCP,197.0,1028,16,1028.0,16.0
Middleware <-> TM221 (Modbus TCP),Modbus TCP,198.0,514,8,514.0,8.0
Middleware <-> TM221 (Modbus TCP),Modbus TCP,199.0,1028,16,1028.0,16.0
Middleware <-> TM221 (Modbus TCP),Modbus TCP,200.0,1028,16,1028.0,16.0
Middleware <-> TM221 (Modbus TCP),Modbus TCP,201.0,1028,16,1028.0,16.0
Middleware <-> TM221 (Modbus TCP),Modbus TCP,202.0,1028,16,1028.0,16.0
Middleware <-> TM221 (Modbus TCP),Modbus TCP,203.0,1028,16,1028.0,16.0
Middleware <-> TM221 (Modbus TCP),Modbus TCP,204.0,514,8,514.0,8.0
Middleware <-> TM221 (Modbus TCP),Modbus TCP,205.0,1028,16,1028.0,16.0
Middleware <-> TM221 (Modbus TCP),Modbus TCP,206.0,1028,16,1028.0,16.0
Middleware <-> TM221 (Modbus TCP),Modbus TCP,207.0,1028,16,1028.0,16.0
Middleware <-> TM221 (Modbus TCP),Modbus TCP,208.0,1028,16,1028.0,16.0
Middleware <-> TM221 (Modbus TCP),Modbus TCP,209.0,1028,16,1028.0,16.0
Middleware <-> TM221 (Modbus TCP),Modbus TCP,210.0,514,8,514.0,8.0
Middleware <-> TM221 (Modbus TCP),Modbus TCP,211.0,1028,16,1028.0,16.0
Middleware <-> TM221 (Modbus TCP),Modbus TCP,212.0,1028,16,1028.0,16.0
Middleware <-> TM221 (Modbus TCP),Modbus TCP,213.0,1028,16,1028.0,16.0
Middleware <-> TM221 (Modbus TCP),Modbus TCP,214.0,1028,16,1028.0,16.0
Middleware <-> TM221 (Modbus TCP),Modbus TCP,215.0,1028,16,1028.0,16.0
Middleware <-> TM221 (Modbus TCP),Modbus TCP,216.0,968,15,968.0,15.0
Middleware <-> TM221 (Modbus TCP),Modbus TCP,217.0,574,9,574.0,9.0
Middleware <-> TM221 (Modbus TCP),Modbus TCP,218.0,1028,16,1028.0,16.0
Middleware <-> TM221 (Modbus TCP),Modbus TCP,219.0,1028,16,1028.0,16.0
Middleware <-> TM221 (Modbus TCP),Modbus TCP,220.0,1028,16,1028.0,16.0
Middleware <-> TM221 (Modbus TCP),Modbus TCP,221.0,1028,16,1028.0,16.0
Middleware <-> TM221 (Modbus TCP),Modbus TCP,222.0,968,15,968.0,15.0
Middleware <-> TM221 (Modbus TCP),Modbus TCP,223.0,574,9,574.0,9.0
Middleware <-> TM221 (Modbus TCP),Modbus TCP,224.0,1028,16,1028.0,16.0
Middleware <-> TM221 (Modbus TCP),Modbus TCP,225.0,1028,16,1028.0,16.0
Middleware <-> TM221 (Modbus TCP),Modbus TCP,226.0,1028,16,1028.0,16.0
Middleware <-> TM221 (Modbus TCP),Modbus TCP,227.0,1028,16,1028.0,16.0
Middleware <-> TM221 (Modbus TCP),Modbus TCP,228.0,968,15,968.0,15.0
Middleware <-> TM221 (Modbus TCP),Modbus TCP,229.0,574,9,574.0,9.0
Middleware <-> TM221 (Modbus TCP),Modbus TCP,230.0,1028,16,1028.0,16.0
Middleware <-> TM221 (Modbus TCP),Modbus TCP,231.0,1028,16,1028.0,16.0
Middleware <-> TM221 (Modbus TCP),Modbus TCP,232.0,1028,16,1028.0,16.0
Middleware <-> TM221 (Modbus TCP),Modbus TCP,233.0,1028,16,1028.0,16.0
Middleware <-> TM221 (Modbus TCP),Modbus TCP,234.0,968,15,968.0,15.0
Middleware <-> TM221 (Modbus TCP),Modbus TCP,235.0,574,9,574.0,9.0
Middleware <-> TM221 (Modbus TCP),Modbus TCP,236.0,1028,16,1028.0,16.0
Middleware <-> TM221 (Modbus TCP),Modbus TCP,237.0,1028,16,1028.0,16.0
Middleware <-> TM221 (Modbus TCP),Modbus TCP,238.0,1028,16,1028.0,16.0
Middleware <-> TM221 (Modbus TCP),Modbus TCP,239.0,1028,16,1028.0,16.0
Middleware <-> TM221 (Modbus TCP),Modbus TCP,240.0,968,15,968.0,15.0
Middleware <-> TM221 (Modbus TCP),Modbus TCP,241.0,574,9,574.0,9.0
Middleware <-> TM221 (Modbus TCP),Modbus TCP,242.0,1028,16,1028.0,16.0
Middleware <-> TM221 (Modbus TCP),Modbus TCP,243.0,1028,16,1028.0,16.0
Middleware <-> TM221 (Modbus TCP),Modbus TCP,244.0,1028,16,1028.0,16.0
Middleware <-> TM221 (Modbus TCP),Modbus TCP,245.0,1028,16,1028.0,16.0
Middleware <-> TM221 (Modbus TCP),Modbus TCP,246.0,968,15,968.0,15.0
Middleware <-> TM221 (Modbus TCP),Modbus TCP,247.0,574,9,574.0,9.0
Middleware <-> TM221 (Modbus TCP),Modbus TCP,248.0,1028,16,1028.0,16.0
Middleware <-> TM221 (Modbus TCP),Modbus TCP,249.0,1028,16,1028.0,16.0
Middleware <-> TM221 (Modbus TCP),Modbus TCP,250.0,1028,16,1028.0,16.0
Middleware <-> TM221 (Modbus TCP),Modbus TCP,251.0,1028,16,1028.0,16.0
Middleware <-> TM221 (Modbus TCP),Modbus TCP,252.0,968,15,968.0,15.0
Middleware <-> TM221 (Modbus TCP),Modbus TCP,253.0,574,9,574.0,9.0
Middleware <-> TM221 (Modbus TCP),Modbus TCP,254.0,1028,16,1028.0,16.0
Middleware <-> TM221 (Modbus TCP),Modbus TCP,255.0,1028,16,1028.0,16.0
Middleware <-> TM221 (Modbus TCP),Modbus TCP,256.0,1028,16,1028.0,16.0
Middleware <-> TM221 (Modbus TCP),Modbus TCP,257.0,1028,16,1028.0,16.0
Middleware <-> TM221 (Modbus TCP),Modbus TCP,258.0,1028,16,1028.0,16.0
Middleware <-> TM221 (Modbus TCP),Modbus TCP,259.0,514,8,514.0,8.0
Middleware <-> TM221 (Modbus TCP),Modbus TCP,260.0,1028,16,1028.0,16.0
Middleware <-> TM221 (Modbus TCP),Modbus TCP,261.0,1028,16,1028.0,16.0
Middleware <-> TM221 (Modbus TCP),Modbus TCP,262.0,1028,16,1028.0,16.0
Middleware <-> TM221 (Modbus TCP),Modbus TCP,263.0,1028,16,1028.0,16.0
Middleware <-> TM221 (Modbus TCP),Modbus TCP,264.0,1028,16,1028.0,16.0
Middleware <-> TM221 (Modbus TCP),Modbus TCP,265.0,514,8,514.0,8.0
Middleware <-> TM221 (Modbus TCP),Modbus TCP,266.0,1028,16,1028.0,16.0
Middleware <-> TM221 (Modbus TCP),Modbus TCP,267.0,1028,16,1028.0,16.0
Middleware <-> TM221 (Modbus TCP),Modbus TCP,268.0,1028,16,1028.0,16.0
Middleware <-> TM221 (Modbus TCP),Modbus TCP,269.0,1028,16,1028.0,16.0
Middleware <-> TM221 (Modbus TCP),Modbus TCP,270.0,1028,16,1028.0,16.0
Middleware <-> TM221 (Modbus TCP),Modbus TCP,271.0,514,8,514.0,8.0
Middleware <-> TM221 (Modbus TCP),Modbus TCP,272.0,1028,16,1028.0,16.0
Middleware <-> TM221 (Modbus TCP),Modbus TCP,273.0,1028,16,1028.0,16.0
Middleware <-> TM221 (Modbus TCP),Modbus TCP,274.0,1028,16,1028.0,16.0
Middleware <-> TM221 (Modbus TCP),Modbus TCP,275.0,1028,16,1028.0,16.0
Middleware <-> TM221 (Modbus TCP),Modbus TCP,276.0,1028,16,1028.0,16.0
Middleware <-> TM221 (Modbus TCP),Modbus TCP,277.0,705,11,705.0,11.0
Middleware <-> TM221 (Modbus TCP),Modbus TCP,278.0,837,13,837.0,13.0
Middleware <-> TM221 (Modbus TCP),Modbus TCP,279.0,1028,16,1028.0,16.0
Middleware <-> TM221 (Modbus TCP),Modbus TCP,280.0,1028,16,1028.0,16.0
Middleware <-> TM221 (Modbus TCP),Modbus TCP,281.0,1028,16,1028.0,16.0
Middleware <-> TM221 (Modbus TCP),Modbus TCP,282.0,1028,16,1028.0,16.0
Middleware <-> TM221 (Modbus TCP),Modbus TCP,283.0,968,15,968.0,15.0
Middleware <-> TM221 (Modbus TCP),Modbus TCP,284.0,574,9,574.0,9.0
Middleware <-> TM221 (Modbus TCP),Modbus TCP,285.0,1028,16,1028.0,16.0
Middleware <-> TM221 (Modbus TCP),Modbus TCP,286.0,1028,16,1028.0,16.0
Middleware <-> TM221 (Modbus TCP),Modbus TCP,287.0,1028,16,1028.0,16.0
Middleware <-> TM221 (Modbus TCP),Modbus TCP,288.0,1028,16,1028.0,16.0
Middleware <-> TM221 (Modbus TCP),Modbus TCP,289.0,968,15,968.0,15.0
Middleware <-> TM221 (Modbus TCP),Modbus TCP,290.0,574,9,574.0,9.0
Middleware <-> TM221 (Modbus TCP),Modbus TCP,291.0,1028,16,1028.0,16.0
Middleware <-> TM221 (Modbus TCP),Modbus TCP,292.0,1028,16,1028.0,16.0
Middleware <-> TM221 (Modbus TCP),Modbus TCP,293.0,1028,16,1028.0,16.0
Middleware <-> TM221 (Modbus TCP),Modbus TCP,294.0,1028,16,1028.0,16.0
Middleware <-> TM221 (Modbus TCP),Modbus TCP,295.0,968,15,968.0,15.0
Middleware <-> TM221 (Modbus TCP),Modbus TCP,296.0,574,9,574.0,9.0
Middleware <-> TM221 (Modbus TCP),Modbus TCP,297.0,1028,16,1028.0,16.0
Middleware <-> TM221 (Modbus TCP),Modbus TCP,298.0,1028,16,1028.0,16.0
Middleware <-> TM221 (Modbus TCP),Modbus TCP,299.0,1028,16,1028.0,16.0
Middleware <-> TM221 (Modbus TCP),Modbus TCP,300.0,1028,16,1028.0,16.0
Middleware <-> TM221 (Modbus TCP),Modbus TCP,301.0,968,15,968.0,15.0
Middleware <-> TM221 (Modbus TCP),Modbus TCP,302.0,574,9,574.0,9.0
Middleware <-> TM221 (Modbus TCP),Modbus TCP,303.0,1028,16,1028.0,16.0
Middleware <-> TM221 (Modbus TCP),Modbus TCP,304.0,1028,16,1028.0,16.0
Middleware <-> TM221 (Modbus TCP),Modbus TCP,305.0,1028,16,1028.0,16.0
Middleware <-> TM221 (Modbus TCP),Modbus TCP,306.0,1028,16,1028.0,16.0
Middleware <-> TM221 (Modbus TCP),Modbus TCP,307.0,968,15,968.0,15.0
Middleware <-> TM221 (Modbus TCP),Modbus TCP,308.0,574,9,574.0,9.0
Middleware <-> TM221 (Modbus TCP),Modbus TCP,309.0,1028,16,1028.0,16.0
Middleware <-> TM221 (Modbus TCP),Modbus TCP,310.0,1028,16,1028.0,16.0
Middleware <-> TM221 (Modbus TCP),Modbus TCP,311.0,1028,16,1028.0,16.0
Middleware <-> TM221 (Modbus TCP),Modbus TCP,312.0,1028,16,1028.0,16.0
Middleware <-> TM221 (Modbus TCP),Modbus TCP,313.0,968,15,968.0,15.0
Middleware <-> TM221 (Modbus TCP),Modbus TCP,314.0,574,9,574.0,9.0
Middleware <-> TM221 (Modbus TCP),Modbus TCP,315.0,1028,16,1028.0,16.0
Middleware <-> TM221 (Modbus TCP),Modbus TCP,316.0,1028,16,1028.0,16.0
Middleware <-> TM221 (Modbus TCP),Modbus TCP,317.0,1028,16,1028.0,16.0
Middleware <-> TM221 (Modbus TCP),Modbus TCP,318.0,1028,16,1028.0,16.0
Middleware <-> TM221 (Modbus TCP),Modbus TCP,319.0,968,15,968.0,15.0
Middleware <-> TM221 (Modbus TCP),Modbus TCP,320.0,574,9,574.0,9.0
Middleware <-> TM221 (Modbus TCP),Modbus TCP,321.0,1028,16,1028.0,16.0
Middleware <-> TM221 (Modbus TCP),Modbus TCP,322.0,1028,16,1028.0,16.0
Middleware <-> TM221 (Modbus TCP),Modbus TCP,323.0,1028,16,1028.0,16.0
Middleware <-> TM221 (Modbus TCP),Modbus TCP,324.0,1028,16,1028.0,16.0
Middleware <-> TM221 (Modbus TCP),Modbus TCP,325.0,968,15,968.0,15.0
Middleware <-> TM221 (Modbus TCP),Modbus TCP,326.0,574,9,574.0,9.0
Middleware <-> TM221 (Modbus TCP),Modbus TCP,327.0,1028,16,1028.0,16.0
Middleware <-> TM221 (Modbus TCP),Modbus TCP,328.0,1028,16,1028.0,16.0
Middleware <-> TM221 (Modbus TCP),Modbus TCP,329.0,1028,16,1028.0,16.0
Middleware <-> TM221 (Modbus TCP),Modbus TCP,330.0,1028,16,1028.0,16.0
Middleware <-> TM221 (Modbus TCP),Modbus TCP,331.0,968,15,968.0,15.0
Middleware <-> TM221 (Modbus TCP),Modbus TCP,332.0,574,9,574.0,9.0
Middleware <-> TM221 (Modbus TCP),Modbus TCP,333.0,1028,16,1028.0,16.0
Middleware <-> TM221 (Modbus TCP),Modbus TCP,334.0,1028,16,1028.0,16.0
Middleware <-> TM221 (Modbus TCP),Modbus TCP,335.0,1028,16,1028.0,16.0
Middleware <-> TM221 (Modbus TCP),Modbus TCP,336.0,1028,16,1028.0,16.0
Middleware <-> TM221 (Modbus TCP),Modbus TCP,337.0,1028,16,1028.0,16.0
Middleware <-> TM221 (Modbus TCP),Modbus TCP,338.0,514,8,514.0,8.0
Middleware <-> TM221 (Modbus TCP),Modbus TCP,339.0,1028,16,1028.0,16.0
Middleware <-> TM221 (Modbus TCP),Modbus TCP,340.0,1028,16,1028.0,16.0
Middleware <-> TM221 (Modbus TCP),Modbus TCP,341.0,1028,16,1028.0,16.0
Middleware <-> TM221 (Modbus TCP),Modbus TCP,342.0,1028,16,1028.0,16.0
Middleware <-> TM221 (Modbus TCP),Modbus TCP,343.0,1028,16,1028.0,16.0
Middleware <-> TM221 (Modbus TCP),Modbus TCP,344.0,514,8,514.0,8.0
Middleware <-> TM221 (Modbus TCP),Modbus TCP,345.0,1028,16,1028.0,16.0
Middleware <-> TM221 (Modbus TCP),Modbus TCP,346.0,1028,16,1028.0,16.0
Middleware <-> TM221 (Modbus TCP),Modbus TCP,347.0,1028,16,1028.0,16.0
Middleware <-> TM221 (Modbus TCP),Modbus TCP,348.0,1028,16,1028.0,16.0
Middleware <-> TM221 (Modbus TCP),Modbus TCP,349.0,1028,16,1028.0,16.0
Middleware <-> TM221 (Modbus TCP),Modbus TCP,350.0,514,8,514.0,8.0
Middleware <-> TM221 (Modbus TCP),Modbus TCP,351.0,1028,16,1028.0,16.0
Middleware <-> TM221 (Modbus TCP),Modbus TCP,352.0,1028,16,1028.0,16.0
Middleware <-> TM221 (Modbus TCP),Modbus TCP,353.0,1028,16,1028.0,16.0
Middleware <-> TM221 (Modbus TCP),Modbus TCP,354.0,1028,16,1028.0,16.0
Middleware <-> TM221 (Modbus TCP),Modbus TCP,355.0,1028,16,1028.0,16.0
Middleware <-> TM221 (Modbus TCP),Modbus TCP,356.0,514,8,514.0,8.0
Middleware <-> TM221 (Modbus TCP),Modbus TCP,357.0,1028,16,1028.0,16.0
Middleware <-> TM221 (Modbus TCP),Modbus TCP,358.0,1028,16,1028.0,16.0
Middleware <-> TM221 (Modbus TCP),Modbus TCP,359.0,1028,16,1028.0,16.0
Middleware <-> TM221 (Modbus TCP),Modbus TCP,360.0,1028,16,1028.0,16.0
Middleware <-> TM221 (Modbus TCP),Modbus TCP,361.0,1028,16,1028.0,16.0
Middleware <-> TM221 (Modbus TCP),Modbus TCP,362.0,968,15,968.0,15.0
Middleware <-> TM221 (Modbus TCP),Modbus TCP,363.0,574,9,574.0,9.0
Middleware <-> TM221 (Modbus TCP),Modbus TCP,364.0,1028,16,1028.0,16.0
Middleware <-> TM221 (Modbus TCP),Modbus TCP,365.0,1028,16,1028.0,16.0
Middleware <-> TM221 (Modbus TCP),Modbus TCP,366.0,1028,16,1028.0,16.0
Middleware <-> TM221 (Modbus TCP),Modbus TCP,367.0,1028,16,1028.0,16.0
Middleware <-> TM221 (Modbus TCP),Modbus TCP,368.0,968,15,968.0,15.0
Middleware <-> TM221 (Modbus TCP),Modbus TCP,369.0,574,9,574.0,9.0
Middleware <-> TM221 (Modbus TCP),Modbus TCP,370.0,1028,16,1028.0,16.0
Middleware <-> TM221 (Modbus TCP),Modbus TCP,371.0,1028,16,1028.0,16.0
Middleware <-> TM221 (Modbus TCP),Modbus TCP,372.0,1028,16,1028.0,16.0
Middleware <-> TM221 (Modbus TCP),Modbus TCP,373.0,1028,16,1028.0,16.0
Middleware <-> TM221 (Modbus TCP),Modbus TCP,374.0,968,15,968.0,15.0
Middleware <-> TM221 (Modbus TCP),Modbus TCP,375.0,574,9,574.0,9.0
Middleware <-> TM221 (Modbus TCP),Modbus TCP,376.0,1028,16,1028.0,16.0
Middleware <-> TM221 (Modbus TCP),Modbus TCP,377.0,1028,16,1028.0,16.0
Middleware <-> TM221 (Modbus TCP),Modbus TCP,378.0,1028,16,1028.0,16.0
Middleware <-> TM221 (Modbus TCP),Modbus TCP,379.0,1028,16,1028.0,16.0
Middleware <-> TM221 (Modbus TCP),Modbus TCP,380.0,968,15,968.0,15.0
Middleware <-> TM221 (Modbus TCP),Modbus TCP,381.0,574,9,574.0,9.0
Middleware <-> TM221 (Modbus TCP),Modbus TCP,382.0,1028,16,1028.0,16.0
Middleware <-> TM221 (Modbus TCP),Modbus TCP,383.0,1028,16,1028.0,16.0
Middleware <-> TM221 (Modbus TCP),Modbus TCP,384.0,1028,16,1028.0,16.0
Middleware <-> TM221 (Modbus TCP),Modbus TCP,385.0,1028,16,1028.0,16.0
Middleware <-> TM221 (Modbus TCP),Modbus TCP,386.0,968,15,968.0,15.0
Middleware <-> TM221 (Modbus TCP),Modbus TCP,387.0,574,9,574.0,9.0
Middleware <-> TM221 (Modbus TCP),Modbus TCP,388.0,1028,16,1028.0,16.0
Middleware <-> TM221 (Modbus TCP),Modbus TCP,389.0,1028,16,1028.0,16.0
Middleware <-> TM221 (Modbus TCP),Modbus TCP,390.0,1028,16,1028.0,16.0
Middleware <-> TM221 (Modbus TCP),Modbus TCP,391.0,1028,16,1028.0,16.0
Middleware <-> TM221 (Modbus TCP),Modbus TCP,392.0,968,15,968.0,15.0
Middleware <-> TM221 (Modbus TCP),Modbus TCP,393.0,574,9,574.0,9.0
Middleware <-> TM221 (Modbus TCP),Modbus TCP,394.0,1028,16,1028.0,16.0
Middleware <-> TM221 (Modbus TCP),Modbus TCP,395.0,1028,16,1028.0,16.0
Middleware <-> TM221 (Modbus TCP),Modbus TCP,396.0,1028,16,1028.0,16.0
Middleware <-> TM221 (Modbus TCP),Modbus TCP,397.0,1028,16,1028.0,16.0
Middleware <-> TM221 (Modbus TCP),Modbus TCP,398.0,968,15,968.0,15.0
Middleware <-> TM221 (Modbus TCP),Modbus TCP,399.0,574,9,574.0,9.0
Middleware <-> TM221 (Modbus TCP),Modbus TCP,400.0,1028,16,1028.0,16.0
Middleware <-> TM221 (Modbus TCP),Modbus TCP,401.0,1028,16,1028.0,16.0
Middleware <-> TM221 (Modbus TCP),Modbus TCP,402.0,1028,16,1028.0,16.0
Middleware <-> TM221 (Modbus TCP),Modbus TCP,403.0,1028,16,1028.0,16.0
Middleware <-> TM221 (Modbus TCP),Modbus TCP,404.0,968,15,968.0,15.0
Middleware <-> TM221 (Modbus TCP),Modbus TCP,405.0,574,9,574.0,9.0
Middleware <-> TM221 (Modbus TCP),Modbus TCP,406.0,1028,16,1028.0,16.0
Middleware <-> TM221 (Modbus TCP),Modbus TCP,407.0,1028,16,1028.0,16.0
Middleware <-> TM221 (Modbus TCP),Modbus TCP,408.0,1028,16,1028.0,16.0
Middleware <-> TM221 (Modbus TCP),Modbus TCP,409.0,1028,16,1028.0,16.0
Middleware <-> TM221 (Modbus TCP),Modbus TCP,410.0,968,15,968.0,15.0
Middleware <-> TM221 (Modbus TCP),Modbus TCP,411.0,574,9,574.0,9.0
Middleware <-> TM221 (Modbus TCP),Modbus TCP,412.0,1028,16,1028.0,16.0
Middleware <-> TM221 (Modbus TCP),Modbus TCP,413.0,1028,16,1028.0,16.0
Middleware <-> TM221 (Modbus TCP),Modbus TCP,414.0,1028,16,1028.0,16.0
Middleware <-> TM221 (Modbus TCP),Modbus TCP,415.0,1028,16,1028.0,16.0
Middleware <-> TM221 (Modbus TCP),Modbus TCP,416.0,968,15,968.0,15.0
Middleware <-> TM221 (Modbus TCP),Modbus TCP,417.0,574,9,574.0,9.0
Middleware <-> TM221 (Modbus TCP),Modbus TCP,418.0,1028,16,1028.0,16.0
Middleware <-> TM221 (Modbus TCP),Modbus TCP,419.0,1028,16,1028.0,16.0
Middleware <-> TM221 (Modbus TCP),Modbus TCP,420.0,1028,16,1028.0,16.0
Middleware <-> TM221 (Modbus TCP),Modbus TCP,421.0,1028,16,1028.0,16.0
Middleware <-> TM221 (Modbus TCP),Modbus TCP,422.0,968,15,968.0,15.0
Middleware <-> TM221 (Modbus TCP),Modbus TCP,423.0,574,9,574.0,9.0
Middleware <-> TM221 (Modbus TCP),Modbus TCP,424.0,1028,16,1028.0,16.0
Middleware <-> TM221 (Modbus TCP),Modbus TCP,425.0,1028,16,1028.0,16.0
Middleware <-> TM221 (Modbus TCP),Modbus TCP,426.0,1028,16,1028.0,16.0
Middleware <-> TM221 (Modbus TCP),Modbus TCP,427.0,1028,16,1028.0,16.0
Middleware <-> TM221 (Modbus TCP),Modbus TCP,428.0,968,15,968.0,15.0
Middleware <-> TM221 (Modbus TCP),Modbus TCP,429.0,574,9,574.0,9.0
Middleware <-> TM221 (Modbus TCP),Modbus TCP,430.0,1028,16,1028.0,16.0
Middleware <-> TM221 (Modbus TCP),Modbus TCP,431.0,1028,16,1028.0,16.0
Middleware <-> TM221 (Modbus TCP),Modbus TCP,432.0,1028,16,1028.0,16.0
Middleware <-> TM221 (Modbus TCP),Modbus TCP,433.0,1028,16,1028.0,16.0
Middleware <-> TM221 (Modbus TCP),Modbus TCP,434.0,968,15,968.0,15.0
Middleware <-> TM221 (Modbus TCP),Modbus TCP,435.0,574,9,574.0,9.0
Middleware <-> TM221 (Modbus TCP),Modbus TCP,436.0,1028,16,1028.0,16.0
Middleware <-> TM221 (Modbus TCP),Modbus TCP,437.0,1028,16,1028.0,16.0
Middleware <-> TM221 (Modbus TCP),Modbus TCP,438.0,1028,16,1028.0,16.0
Middleware <-> TM221 (Modbus TCP),Modbus TCP,439.0,1028,16,1028.0,16.0
Middleware <-> TM221 (Modbus TCP),Modbus TCP,440.0,968,15,968.0,15.0
Middleware <-> TM221 (Modbus TCP),Modbus TCP,441.0,574,9,574.0,9.0
Middleware <-> TM221 (Modbus TCP),Modbus TCP,442.0,1028,16,1028.0,16.0
Middleware <-> TM221 (Modbus TCP),Modbus TCP,443.0,1028,16,1028.0,16.0
Middleware <-> TM221 (Modbus TCP),Modbus TCP,444.0,1028,16,1028.0,16.0
Middleware <-> TM221 (Modbus TCP),Modbus TCP,445.0,1028,16,1028.0,16.0
Middleware <-> TM221 (Modbus TCP),Modbus TCP,446.0,968,15,968.0,15.0
Middleware <-> TM221 (Modbus TCP),Modbus TCP,447.0,574,9,574.0,9.0
Middleware <-> TM221 (Modbus TCP),Modbus TCP,448.0,1028,16,1028.0,16.0
Middleware <-> TM221 (Modbus TCP),Modbus TCP,449.0,1028,16,1028.0,16.0
Middleware <-> TM221 (Modbus TCP),Modbus TCP,450.0,1028,16,1028.0,16.0
Middleware <-> TM221 (Modbus TCP),Modbus TCP,451.0,1028,16,1028.0,16.0
Middleware <-> TM221 (Modbus TCP),Modbus TCP,452.0,968,15,968.0,15.0
Middleware <-> TM221 (Modbus TCP),Modbus TCP,453.0,574,9,574.0,9.0
Middleware <-> TM221 (Modbus TCP),Modbus TCP,454.0,1028,16,1028.0,16.0
Middleware <-> TM221 (Modbus TCP),Modbus TCP,455.0,1028,16,1028.0,16.0
Middleware <-> TM221 (Modbus TCP),Modbus TCP,456.0,1028,16,1028.0,16.0
Middleware <-> TM221 (Modbus TCP),Modbus TCP,457.0,1028,16,1028.0,16.0
Middleware <-> TM221 (Modbus TCP),Modbus TCP,458.0,968,15,968.0,15.0
Middleware <-> TM221 (Modbus TCP),Modbus TCP,459.0,574,9,574.0,9.0
Middleware <-> TM221 (Modbus TCP),Modbus TCP,460.0,1028,16,1028.0,16.0
Middleware <-> TM221 (Modbus TCP),Modbus TCP,461.0,1028,16,1028.0,16.0
Middleware <-> TM221 (Modbus TCP),Modbus TCP,462.0,1028,16,1028.0,16.0
Middleware <-> TM221 (Modbus TCP),Modbus TCP,463.0,1028,16,1028.0,16.0
Middleware <-> TM221 (Modbus TCP),Modbus TCP,464.0,968,15,968.0,15.0
Middleware <-> TM221 (Modbus TCP),Modbus TCP,465.0,574,9,574.0,9.0
Middleware <-> TM221 (Modbus TCP),Modbus TCP,466.0,1028,16,1028.0,16.0
Middleware <-> TM221 (Modbus TCP),Modbus TCP,467.0,1028,16,1028.0,16.0
Middleware <-> TM221 (Modbus TCP),Modbus TCP,468.0,1028,16,1028.0,16.0
Middleware <-> TM221 (Modbus TCP),Modbus TCP,469.0,1028,16,1028.0,16.0
Middleware <-> TM221 (Modbus TCP),Modbus TCP,470.0,968,15,968.0,15.0
Middleware <-> TM221 (Modbus TCP),Modbus TCP,471.0,574,9,574.0,9.0
Middleware <-> TM221 (Modbus TCP),Modbus TCP,472.0,1028,16,1028.0,16.0
Middleware <-> TM221 (Modbus TCP),Modbus TCP,473.0,1028,16,1028.0,16.0
Middleware <-> TM221 (Modbus TCP),Modbus TCP,474.0,1028,16,1028.0,16.0
Middleware <-> TM221 (Modbus TCP),Modbus TCP,475.0,1028,16,1028.0,16.0
Middleware <-> TM221 (Modbus TCP),Modbus TCP,476.0,1028,16,1028.0,16.0
Middleware <-> TM221 (Modbus TCP),Modbus TCP,477.0,514,8,514.0,8.0
Middleware <-> TM221 (Modbus TCP),Modbus TCP,478.0,1028,16,1028.0,16.0
Middleware <-> TM221 (Modbus TCP),Modbus TCP,479.0,1028,16,1028.0,16.0
Middleware <-> TM221 (Modbus TCP),Modbus TCP,480.0,1028,16,1028.0,16.0
Middleware <-> TM221 (Modbus TCP),Modbus TCP,481.0,1028,16,1028.0,16.0
Middleware <-> TM221 (Modbus TCP),Modbus TCP,482.0,1028,16,1028.0,16.0
Middleware <-> TM221 (Modbus TCP),Modbus TCP,483.0,514,8,514.0,8.0
Middleware <-> TM221 (Modbus TCP),Modbus TCP,484.0,1028,16,1028.0,16.0
Middleware <-> TM221 (Modbus TCP),Modbus TCP,485.0,1028,16,1028.0,16.0
Middleware <-> TM221 (Modbus TCP),Modbus TCP,486.0,1028,16,1028.0,16.0
Middleware <-> TM221 (Modbus TCP),Modbus TCP,487.0,1028,16,1028.0,16.0
Middleware <-> TM221 (Modbus TCP),Modbus TCP,488.0,968,15,968.0,15.0
Middleware <-> TM221 (Modbus TCP),Modbus TCP,489.0,574,9,574.0,9.0
Middleware <-> TM221 (Modbus TCP),Modbus TCP,490.0,1028,16,1028.0,16.0
Middleware <-> TM221 (Modbus TCP),Modbus TCP,491.0,1028,16,1028.0,16.0
Middleware <-> TM221 (Modbus TCP),Modbus TCP,492.0,1028,16,1028.0,16.0
Middleware <-> TM221 (Modbus TCP),Modbus TCP,493.0,1028,16,1028.0,16.0
Middleware <-> TM221 (Modbus TCP),Modbus TCP,494.0,1028,16,1028.0,16.0
Middleware <-> TM221 (Modbus TCP),Modbus TCP,495.0,705,11,705.0,11.0
Middleware <-> TM221 (Modbus TCP),Modbus TCP,496.0,837,13,837.0,13.0
Middleware <-> TM221 (Modbus TCP),Modbus TCP,497.0,1028,16,1028.0,16.0
Middleware <-> TM221 (Modbus TCP),Modbus TCP,498.0,1028,16,1028.0,16.0
Middleware <-> TM221 (Modbus TCP),Modbus TCP,499.0,1028,16,1028.0,16.0
Middleware <-> TM221 (Modbus TCP),Modbus TCP,500.0,1028,16,1028.0,16.0
Middleware <-> TM221 (Modbus TCP),Modbus TCP,501.0,968,15,968.0,15.0
Middleware <-> TM221 (Modbus TCP),Modbus TCP,502.0,574,9,574.0,9.0
Middleware <-> TM221 (Modbus TCP),Modbus TCP,503.0,1028,16,1028.0,16.0
Middleware <-> TM221 (Modbus TCP),Modbus TCP,504.0,1028,16,1028.0,16.0
Middleware <-> TM221 (Modbus TCP),Modbus TCP,505.0,1028,16,1028.0,16.0
Middleware <-> TM221 (Modbus TCP),Modbus TCP,506.0,1028,16,1028.0,16.0
Middleware <-> TM221 (Modbus TCP),Modbus TCP,507.0,968,15,968.0,15.0
Middleware <-> TM221 (Modbus TCP),Modbus TCP,508.0,574,9,574.0,9.0
Middleware <-> TM221 (Modbus TCP),Modbus TCP,509.0,1028,16,1028.0,16.0
Middleware <-> TM221 (Modbus TCP),Modbus TCP,510.0,1028,16,1028.0,16.0
Middleware <-> TM221 (Modbus TCP),Modbus TCP,511.0,1028,16,1028.0,16.0
Middleware <-> TM221 (Modbus TCP),Modbus TCP,512.0,1028,16,1028.0,16.0
Middleware <-> TM221 (Modbus TCP),Modbus TCP,513.0,968,15,968.0,15.0
Middleware <-> TM221 (Modbus TCP),Modbus TCP,514.0,574,9,574.0,9.0
Middleware <-> TM221 (Modbus TCP),Modbus TCP,515.0,1028,16,1028.0,16.0
Middleware <-> TM221 (Modbus TCP),Modbus TCP,516.0,1028,16,1028.0,16.0
Middleware <-> TM221 (Modbus TCP),Modbus TCP,517.0,1028,16,1028.0,16.0
Middleware <-> TM221 (Modbus TCP),Modbus TCP,518.0,1028,16,1028.0,16.0
Middleware <-> TM221 (Modbus TCP),Modbus TCP,519.0,968,15,968.0,15.0
Middleware <-> TM221 (Modbus TCP),Modbus TCP,520.0,574,9,574.0,9.0
Middleware <-> TM221 (Modbus TCP),Modbus TCP,521.0,1028,16,1028.0,16.0
Middleware <-> TM221 (Modbus TCP),Modbus TCP,522.0,1028,16,1028.0,16.0
Middleware <-> TM221 (Modbus TCP),Modbus TCP,523.0,1028,16,1028.0,16.0
Middleware <-> TM221 (Modbus TCP),Modbus TCP,524.0,1028,16,1028.0,16.0
Middleware <-> TM221 (Modbus TCP),Modbus TCP,525.0,903,14,903.0,14.0
Middleware <-> TM221 (Modbus TCP),Modbus TCP,526.0,639,10,639.0,10.0
Middleware <-> TM221 (Modbus TCP),Modbus TCP,527.0,1028,16,1028.0,16.0
Middleware <-> TM221 (Modbus TCP),Modbus TCP,528.0,1028,16,1028.0,16.0
Middleware <-> TM221 (Modbus TCP),Modbus TCP,529.0,1028,16,1028.0,16.0
Middleware <-> TM221 (Modbus TCP),Modbus TCP,530.0,1028,16,1028.0,16.0
Middleware <-> TM221 (Modbus TCP),Modbus TCP,531.0,968,15,968.0,15.0
Middleware <-> TM221 (Modbus TCP),Modbus TCP,532.0,574,9,574.0,9.0
Middleware <-> TM221 (Modbus TCP),Modbus TCP,533.0,1028,16,1028.0,16.0
Middleware <-> TM221 (Modbus TCP),Modbus TCP,534.0,1028,16,1028.0,16.0
Middleware <-> TM221 (Modbus TCP),Modbus TCP,535.0,1028,16,1028.0,16.0
Middleware <-> TM221 (Modbus TCP),Modbus TCP,536.0,1028,16,1028.0,16.0
Middleware <-> TM221 (Modbus TCP),Modbus TCP,537.0,514,8,514.0,8.0
Middleware <-> TM221 (Modbus TCP),Modbus TCP,538.0,1028,16,1028.0,16.0
Middleware <-> TM221 (Modbus TCP),Modbus TCP,539.0,1028,16,1028.0,16.0
Middleware <-> TM221 (Modbus TCP),Modbus TCP,540.0,1028,16,1028.0,16.0
Middleware <-> TM221 (Modbus TCP),Modbus TCP,541.0,1028,16,1028.0,16.0
Middleware <-> TM221 (Modbus TCP),Modbus TCP,542.0,1028,16,1028.0,16.0
Middleware <-> TM221 (Modbus TCP),Modbus TCP,543.0,968,15,968.0,15.0
Middleware <-> TM221 (Modbus TCP),Modbus TCP,544.0,574,9,574.0,9.0
Middleware <-> TM221 (Modbus TCP),Modbus TCP,545.0,1028,16,1028.0,16.0
Middleware <-> TM221 (Modbus TCP),Modbus TCP,546.0,1028,16,1028.0,16.0
Middleware <-> TM221 (Modbus TCP),Modbus TCP,547.0,1028,16,1028.0,16.0
Middleware <-> TM221 (Modbus TCP),Modbus TCP,548.0,1028,16,1028.0,16.0
Middleware <-> TM221 (Modbus TCP),Modbus TCP,549.0,968,15,968.0,15.0
Middleware <-> TM221 (Modbus TCP),Modbus TCP,550.0,574,9,574.0,9.0
Middleware <-> TM221 (Modbus TCP),Modbus TCP,551.0,1028,16,1028.0,16.0
Middleware <-> TM221 (Modbus TCP),Modbus TCP,552.0,1028,16,1028.0,16.0
Middleware <-> TM221 (Modbus TCP),Modbus TCP,553.0,1028,16,1028.0,16.0
Middleware <-> TM221 (Modbus TCP),Modbus TCP,554.0,1028,16,1028.0,16.0
Middleware <-> TM221 (Modbus TCP),Modbus TCP,555.0,968,15,968.0,15.0
Middleware <-> TM221 (Modbus TCP),Modbus TCP,556.0,574,9,574.0,9.0
Middleware <-> TM221 (Modbus TCP),Modbus TCP,557.0,1028,16,1028.0,16.0
Middleware <-> TM221 (Modbus TCP),Modbus TCP,558.0,1028,16,1028.0,16.0
Middleware <-> TM221 (Modbus TCP),Modbus TCP,559.0,1028,16,1028.0,16.0
Middleware <-> TM221 (Modbus TCP),Modbus TCP,560.0,1028,16,1028.0,16.0
Middleware <-> TM221 (Modbus TCP),Modbus TCP,561.0,968,15,968.0,15.0
Middleware <-> TM221 (Modbus TCP),Modbus TCP,562.0,574,9,574.0,9.0
Middleware <-> TM221 (Modbus TCP),Modbus TCP,563.0,1028,16,1028.0,16.0
Middleware <-> TM221 (Modbus TCP),Modbus TCP,564.0,1028,16,1028.0,16.0
Middleware <-> TM221 (Modbus TCP),Modbus TCP,565.0,1028,16,1028.0,16.0
Middleware <-> TM221 (Modbus TCP),Modbus TCP,566.0,1028,16,1028.0,16.0
Middleware <-> TM221 (Modbus TCP),Modbus TCP,567.0,968,15,968.0,15.0
Middleware <-> TM221 (Modbus TCP),Modbus TCP,568.0,574,9,574.0,9.0
Middleware <-> TM221 (Modbus TCP),Modbus TCP,569.0,1028,16,1028.0,16.0
Middleware <-> TM221 (Modbus TCP),Modbus TCP,570.0,1028,16,1028.0,16.0
Middleware <-> TM221 (Modbus TCP),Modbus TCP,571.0,1028,16,1028.0,16.0
Middleware <-> TM221 (Modbus TCP),Modbus TCP,572.0,1028,16,1028.0,16.0
Middleware <-> TM221 (Modbus TCP),Modbus TCP,573.0,968,15,968.0,15.0
Middleware <-> TM221 (Modbus TCP),Modbus TCP,574.0,574,9,574.0,9.0
Middleware <-> TM221 (Modbus TCP),Modbus TCP,575.0,1028,16,1028.0,16.0
Middleware <-> TM221 (Modbus TCP),Modbus TCP,576.0,1028,16,1028.0,16.0
Middleware <-> TM221 (Modbus TCP),Modbus TCP,577.0,1028,16,1028.0,16.0
Middleware <-> TM221 (Modbus TCP),Modbus TCP,578.0,1028,16,1028.0,16.0
Middleware <-> TM221 (Modbus TCP),Modbus TCP,579.0,968,15,968.0,15.0
Middleware <-> TM221 (Modbus TCP),Modbus TCP,580.0,574,9,574.0,9.0
Middleware <-> TM221 (Modbus TCP),Modbus TCP,581.0,1028,16,1028.0,16.0
Middleware <-> TM221 (Modbus TCP),Modbus TCP,582.0,1028,16,1028.0,16.0
Middleware <-> TM221 (Modbus TCP),Modbus TCP,583.0,1028,16,1028.0,16.0
Middleware <-> TM221 (Modbus TCP),Modbus TCP,584.0,1028,16,1028.0,16.0
Middleware <-> TM221 (Modbus TCP),Modbus TCP,585.0,1028,16,1028.0,16.0
Middleware <-> TM221 (Modbus TCP),Modbus TCP,586.0,514,8,514.0,8.0
Middleware <-> TM221 (Modbus TCP),Modbus TCP,587.0,1028,16,1028.0,16.0
Middleware <-> TM221 (Modbus TCP),Modbus TCP,588.0,1028,16,1028.0,16.0
Middleware <-> TM221 (Modbus TCP),Modbus TCP,589.0,1028,16,1028.0,16.0
Middleware <-> TM221 (Modbus TCP),Modbus TCP,590.0,1028,16,1028.0,16.0
Middleware <-> TM221 (Modbus TCP),Modbus TCP,591.0,1028,16,1028.0,16.0
Middleware <-> TM221 (Modbus TCP),Modbus TCP,592.0,514,8,514.0,8.0
Middleware <-> TM221 (Modbus TCP),Modbus TCP,593.0,1028,16,1028.0,16.0
Middleware <-> TM221 (Modbus TCP),Modbus TCP,594.0,1028,16,1028.0,16.0
Middleware <-> TM221 (Modbus TCP),Modbus TCP,595.0,1028,16,1028.0,16.0
Middleware <-> TM221 (Modbus TCP),Modbus TCP,596.0,1028,16,1028.0,16.0
Middleware <-> TM221 (Modbus TCP),Modbus TCP,597.0,1028,16,1028.0,16.0
Middleware <-> TM221 (Modbus TCP),Modbus TCP,598.0,514,8,514.0,8.0
Middleware <-> TM221 (Modbus TCP),Modbus TCP,599.0,1028,16,1028.0,16.0
S7-1200 <-> Micro820 (Modbus TCP),Modbus TCP,11.0,3132,48,3132.0,48.0
S7-1200 <-> Micro820 (Modbus TCP),Modbus TCP,12.0,8842,135,8842.0,135.0
S7-1200 <-> Micro820 (Modbus TCP),Modbus TCP,13.0,8253,126,8253.0,126.0
S7-1200 <-> Micro820 (Modbus TCP),Modbus TCP,14.0,8450,129,8450.0,129.0
S7-1200 <-> Micro820 (Modbus TCP),Modbus TCP,15.0,8908,136,8908.0,136.0
S7-1200 <-> Micro820 (Modbus TCP),Modbus TCP,16.0,8973,137,8973.0,137.0
S7-1200 <-> Micro820 (Modbus TCP),Modbus TCP,17.0,8908,136,8908.0,136.0
S7-1200 <-> Micro820 (Modbus TCP),Modbus TCP,18.0,9301,142,9301.0,142.0
S7-1200 <-> Micro820 (Modbus TCP),Modbus TCP,19.0,8646,132,8646.0,132.0
S7-1200 <-> Micro820 (Modbus TCP),Modbus TCP,20.0,8646,132,8646.0,132.0
S7-1200 <-> Micro820 (Modbus TCP),Modbus TCP,21.0,8777,134,8777.0,134.0
S7-1200 <-> Micro820 (Modbus TCP),Modbus TCP,22.0,8515,130,8515.0,130.0
S7-1200 <-> Micro820 (Modbus TCP),Modbus TCP,23.0,8646,132,8646.0,132.0
S7-1200 <-> Micro820 (Modbus TCP),Modbus TCP,24.0,9170,140,9170.0,140.0
S7-1200 <-> Micro820 (Modbus TCP),Modbus TCP,25.0,8646,132,8646.0,132.0
S7-1200 <-> Micro820 (Modbus TCP),Modbus TCP,26.0,8777,134,8777.0,134.0
S7-1200 <-> Micro820 (Modbus TCP),Modbus TCP,27.0,8908,136,8908.0,136.0
S7-1200 <-> Micro820 (Modbus TCP),Modbus TCP,28.0,9039,138,9039.0,138.0
S7-1200 <-> Micro820 (Modbus TCP),Modbus TCP,29.0,8319,127,8319.0,127.0
S7-1200 <-> Micro820 (Modbus TCP),Modbus TCP,30.0,8973,137,8973.0,137.0
S7-1200 <-> Micro820 (Modbus TCP),Modbus TCP,31.0,8450,129,8450.0,129.0
S7-1200 <-> Micro820 (Modbus TCP),Modbus TCP,32.0,8187,125,8187.0,125.0
S7-1200 <-> Micro820 (Modbus TCP),Modbus TCP,33.0,8843,135,8843.0,135.0
S7-1200 <-> Micro820 (Modbus TCP),Modbus TCP,34.0,8449,129,8449.0,129.0
S7-1200 <-> Micro820 (Modbus TCP),Modbus TCP,35.0,9301,142,9301.0,142.0
S7-1200 <-> Micro820 (Modbus TCP),Modbus TCP,36.0,8777,134,8777.0,134.0
S7-1200 <-> Micro820 (Modbus TCP),Modbus TCP,37.0,9301,142,9301.0,142.0
S7-1200 <-> Micro820 (Modbus TCP),Modbus TCP,38.0,9039,138,9039.0,138.0
S7-1200 <-> Micro820 (Modbus TCP),Modbus TCP,39.0,8975,137,8975.0,137.0
S7-1200 <-> Micro820 (Modbus TCP),Modbus TCP,40.0,8842,135,8842.0,135.0
S7-1200 <-> Micro820 (Modbus TCP),Modbus TCP,41.0,8384,128,8384.0,128.0
S7-1200 <-> Micro820 (Modbus TCP),Modbus TCP,42.0,8384,128,8384.0,128.0
S7-1200 <-> Micro820 (Modbus TCP),Modbus TCP,43.0,8777,134,8777.0,134.0
S7-1200 <-> Micro820 (Modbus TCP),Modbus TCP,44.0,8385,128,8385.0,128.0
S7-1200 <-> Micro820 (Modbus TCP),Modbus TCP,45.0,8515,130,8515.0,130.0
S7-1200 <-> Micro820 (Modbus TCP),Modbus TCP,46.0,8515,130,8515.0,130.0
S7-1200 <-> Micro820 (Modbus TCP),Modbus TCP,47.0,8515,130,8515.0,130.0
S7-1200 <-> Micro820 (Modbus TCP),Modbus TCP,48.0,8843,135,8843.0,135.0
S7-1200 <-> Micro820 (Modbus TCP),Modbus TCP,49.0,8842,135,8842.0,135.0
S7-1200 <-> Micro820 (Modbus TCP),Modbus TCP,50.0,8975,137,8975.0,137.0
S7-1200 <-> Micro820 (Modbus TCP),Modbus TCP,51.0,8842,135,8842.0,135.0
S7-1200 <-> Micro820 (Modbus TCP),Modbus TCP,52.0,8450,129,8450.0,129.0
S7-1200 <-> Micro820 (Modbus TCP),Modbus TCP,53.0,9039,138,9039.0,138.0
S7-1200 <-> Micro820 (Modbus TCP),Modbus TCP,54.0,9104,139,9104.0,139.0
S7-1200 <-> Micro820 (Modbus TCP),Modbus TCP,55.0,8385,128,8385.0,128.0
S7-1200 <-> Micro820 (Modbus TCP),Modbus TCP,56.0,8384,128,8384.0,128.0
S7-1200 <-> Micro820 (Modbus TCP),Modbus TCP,57.0,8384,128,8384.0,128.0
S7-1200 <-> Micro820 (Modbus TCP),Modbus TCP,58.0,8384,128,8384.0,128.0
S7-1200 <-> Micro820 (Modbus TCP),Modbus TCP,59.0,8843,135,8843.0,135.0
S7-1200 <-> Micro820 (Modbus TCP),Modbus TCP,60.0,8842,135,8842.0,135.0
S7-1200 <-> Micro820 (Modbus TCP),Modbus TCP,61.0,8908,136,8908.0,136.0
S7-1200 <-> Micro820 (Modbus TCP),Modbus TCP,62.0,8909,136,8909.0,136.0
S7-1200 <-> Micro820 (Modbus TCP),Modbus TCP,63.0,8450,129,8450.0,129.0
S7-1200 <-> Micro820 (Modbus TCP),Modbus TCP,64.0,8908,136,8908.0,136.0
S7-1200 <-> Micro820 (Modbus TCP),Modbus TCP,65.0,8973,137,8973.0,137.0
S7-1200 <-> Micro820 (Modbus TCP),Modbus TCP,66.0,8909,136,8909.0,136.0
S7-1200 <-> Micro820 (Modbus TCP),Modbus TCP,67.0,8908,136,8908.0,136.0
S7-1200 <-> Micro820 (Modbus TCP),Modbus TCP,68.0,8450,129,8450.0,129.0
S7-1200 <-> Micro820 (Modbus TCP),Modbus TCP,69.0,8842,135,8842.0,135.0
S7-1200 <-> Micro820 (Modbus TCP),Modbus TCP,70.0,8515,130,8515.0,130.0
S7-1200 <-> Micro820 (Modbus TCP),Modbus TCP,71.0,8777,134,8777.0,134.0
S7-1200 <-> Micro820 (Modbus TCP),Modbus TCP,72.0,9039,138,9039.0,138.0
S7-1200 <-> Micro820 (Modbus TCP),Modbus TCP,73.0,8713,133,8713.0,133.0
S7-1200 <-> Micro820 (Modbus TCP),Modbus TCP,74.0,8449,129,8449.0,129.0
S7-1200 <-> Micro820 (Modbus TCP),Modbus TCP,75.0,8384,128,8384.0,128.0
S7-1200 <-> Micro820 (Modbus TCP),Modbus TCP,76.0,8450,129,8450.0,129.0
S7-1200 <-> Micro820 (Modbus TCP),Modbus TCP,77.0,9366,143,9366.0,143.0
S7-1200 <-> Micro820 (Modbus TCP),Modbus TCP,78.0,8778,134,8778.0,134.0
S7-1200 <-> Micro820 (Modbus TCP),Modbus TCP,79.0,9039,138,9039.0,138.0
S7-1200 <-> Micro820 (Modbus TCP),Modbus TCP,80.0,8581,131,8581.0,131.0
S7-1200 <-> Micro820 (Modbus TCP),Modbus TCP,81.0,8711,133,8711.0,133.0
S7-1200 <-> Micro820 (Modbus TCP),Modbus TCP,82.0,9039,138,9039.0,138.0
S7-1200 <-> Micro820 (Modbus TCP),Modbus TCP,83.0,8908,136,8908.0,136.0
S7-1200 <-> Micro820 (Modbus TCP),Modbus TCP,84.0,8320,127,8320.0,127.0
S7-1200 <-> Micro820 (Modbus TCP),Modbus TCP,85.0,8842,135,8842.0,135.0
S7-1200 <-> Micro820 (Modbus TCP),Modbus TCP,86.0,8515,130,8515.0,130.0
S7-1200 <-> Micro820 (Modbus TCP),Modbus TCP,87.0,8319,127,8319.0,127.0
S7-1200 <-> Micro820 (Modbus TCP),Modbus TCP,88.0,8842,135,8842.0,135.0
S7-1200 <-> Micro820 (Modbus TCP),Modbus TCP,89.0,8647,132,8647.0,132.0
S7-1200 <-> Micro820 (Modbus TCP),Modbus TCP,90.0,9170,140,9170.0,140.0
S7-1200 <-> Micro820 (Modbus TCP),Modbus TCP,91.0,9367,143,9367.0,143.0
S7-1200 <-> Micro820 (Modbus TCP),Modbus TCP,92.0,8449,129,8449.0,129.0
S7-1200 <-> Micro820 (Modbus TCP),Modbus TCP,93.0,8843,135,8843.0,135.0
S7-1200 <-> Micro820 (Modbus TCP),Modbus TCP,94.0,8842,135,8842.0,135.0
S7-1200 <-> Micro820 (Modbus TCP),Modbus TCP,95.0,8778,134,8778.0,134.0
S7-1200 <-> Micro820 (Modbus TCP),Modbus TCP,96.0,8384,128,8384.0,128.0
S7-1200 <-> Micro820 (Modbus TCP),Modbus TCP,97.0,8515,130,8515.0,130.0
S7-1200 <-> Micro820 (Modbus TCP),Modbus TCP,98.0,8384,128,8384.0,128.0
S7-1200 <-> Micro820 (Modbus TCP),Modbus TCP,99.0,8384,128,8384.0,128.0
S7-1200 <-> Micro820 (Modbus TCP),Modbus TCP,100.0,9040,138,9040.0,138.0
S7-1200 <-> Micro820 (Modbus TCP),Modbus TCP,101.0,8515,130,8515.0,130.0
S7-1200 <-> Micro820 (Modbus TCP),Modbus TCP,102.0,9301,142,9301.0,142.0
S7-1200 <-> Micro820 (Modbus TCP),Modbus TCP,103.0,8777,134,8777.0,134.0
S7-1200 <-> Micro820 (Modbus TCP),Modbus TCP,104.0,8974,137,8974.0,137.0
S7-1200 <-> Micro820 (Modbus TCP),Modbus TCP,105.0,8973,137,8973.0,137.0
S7-1200 <-> Micro820 (Modbus TCP),Modbus TCP,106.0,8844,135,8844.0,135.0
S7-1200 <-> Micro820 (Modbus TCP),Modbus TCP,107.0,8842,135,8842.0,135.0
S7-1200 <-> Micro820 (Modbus TCP),Modbus TCP,108.0,8515,130,8515.0,130.0
S7-1200 <-> Micro820 (Modbus TCP),Modbus TCP,109.0,8384,128,8384.0,128.0
S7-1200 <-> Micro820 (Modbus TCP),Modbus TCP,110.0,8908,136,8908.0,136.0
S7-1200 <-> Micro820 (Modbus TCP),Modbus TCP,111.0,8385,128,8385.0,128.0
S7-1200 <-> Micro820 (Modbus TCP),Modbus TCP,112.0,8384,128,8384.0,128.0
S7-1200 <-> Micro820 (Modbus TCP),Modbus TCP,113.0,8253,126,8253.0,126.0
S7-1200 <-> Micro820 (Modbus TCP),Modbus TCP,114.0,8384,128,8384.0,128.0
S7-1200 <-> Micro820 (Modbus TCP),Modbus TCP,115.0,9039,138,9039.0,138.0
S7-1200 <-> Micro820 (Modbus TCP),Modbus TCP,116.0,8974,137,8974.0,137.0
S7-1200 <-> Micro820 (Modbus TCP),Modbus TCP,117.0,8842,135,8842.0,135.0
S7-1200 <-> Micro820 (Modbus TCP),Modbus TCP,118.0,8778,134,8778.0,134.0
S7-1200 <-> Micro820 (Modbus TCP),Modbus TCP,119.0,8908,136,8908.0,136.0
S7-1200 <-> Micro820 (Modbus TCP),Modbus TCP,120.0,8777,134,8777.0,134.0
S7-1200 <-> Micro820 (Modbus TCP),Modbus TCP,121.0,8843,135,8843.0,135.0
S7-1200 <-> Micro820 (Modbus TCP),Modbus TCP,122.0,8385,128,8385.0,128.0
S7-1200 <-> Micro820 (Modbus TCP),Modbus TCP,123.0,8449,129,8449.0,129.0
S7-1200 <-> Micro820 (Modbus TCP),Modbus TCP,124.0,8515,130,8515.0,130.0
S7-1200 <-> Micro820 (Modbus TCP),Modbus TCP,125.0,8319,127,8319.0,127.0
S7-1200 <-> Micro820 (Modbus TCP),Modbus TCP,126.0,8842,135,8842.0,135.0
S7-1200 <-> Micro820 (Modbus TCP),Modbus TCP,127.0,8843,135,8843.0,135.0
S7-1200 <-> Micro820 (Modbus TCP),Modbus TCP,128.0,8908,136,8908.0,136.0
S7-1200 <-> Micro820 (Modbus TCP),Modbus TCP,129.0,8843,135,8843.0,135.0
S7-1200 <-> Micro820 (Modbus TCP),Modbus TCP,130.0,8450,129,8450.0,129.0
S7-1200 <-> Micro820 (Modbus TCP),Modbus TCP,131.0,9366,143,9366.0,143.0
S7-1200 <-> Micro820 (Modbus TCP),Modbus TCP,132.0,8777,134,8777.0,134.0
S7-1200 <-> Micro820 (Modbus TCP),Modbus TCP,133.0,8385,128,8385.0,128.0
S7-1200 <-> Micro820 (Modbus TCP),Modbus TCP,134.0,8777,134,8777.0,134.0
S7-1200 <-> Micro820 (Modbus TCP),Modbus TCP,135.0,8384,128,8384.0,128.0
S7-1200 <-> Micro820 (Modbus TCP),Modbus TCP,136.0,8908,136,8908.0,136.0
S7-1200 <-> Micro820 (Modbus TCP),Modbus TCP,137.0,8384,128,8384.0,128.0
S7-1200 <-> Micro820 (Modbus TCP),Modbus TCP,138.0,8908,136,8908.0,136.0
S7-1200 <-> Micro820 (Modbus TCP),Modbus TCP,139.0,8712,133,8712.0,133.0
S7-1200 <-> Micro820 (Modbus TCP),Modbus TCP,140.0,8319,127,8319.0,127.0
S7-1200 <-> Micro820 (Modbus TCP),Modbus TCP,141.0,8384,128,8384.0,128.0
S7-1200 <-> Micro820 (Modbus TCP),Modbus TCP,142.0,8384,128,8384.0,128.0
S7-1200 <-> Micro820 (Modbus TCP),Modbus TCP,143.0,8777,134,8777.0,134.0
S7-1200 <-> Micro820 (Modbus TCP),Modbus TCP,144.0,9302,142,9302.0,142.0
S7-1200 <-> Micro820 (Modbus TCP),Modbus TCP,145.0,8319,127,8319.0,127.0
S7-1200 <-> Micro820 (Modbus TCP),Modbus TCP,146.0,9039,138,9039.0,138.0
S7-1200 <-> Micro820 (Modbus TCP),Modbus TCP,147.0,8449,129,8449.0,129.0
S7-1200 <-> Micro820 (Modbus TCP),Modbus TCP,148.0,8908,136,8908.0,136.0
S7-1200 <-> Micro820 (Modbus TCP),Modbus TCP,149.0,8843,135,8843.0,135.0
S7-1200 <-> Micro820 (Modbus TCP),Modbus TCP,150.0,8842,135,8842.0,135.0
S7-1200 <-> Micro820 (Modbus TCP),Modbus TCP,151.0,8385,128,8385.0,128.0
S7-1200 <-> Micro820 (Modbus TCP),Modbus TCP,152.0,8777,134,8777.0,134.0
S7-1200 <-> Micro820 (Modbus TCP),Modbus TCP,153.0,8515,130,8515.0,130.0
S7-1200 <-> Micro820 (Modbus TCP),Modbus TCP,154.0,8777,134,8777.0,134.0
S7-1200 <-> Micro820 (Modbus TCP),Modbus TCP,155.0,9170,140,9170.0,140.0
S7-1200 <-> Micro820 (Modbus TCP),Modbus TCP,156.0,8909,136,8909.0,136.0
S7-1200 <-> Micro820 (Modbus TCP),Modbus TCP,157.0,8777,134,8777.0,134.0
S7-1200 <-> Micro820 (Modbus TCP),Modbus TCP,158.0,9039,138,9039.0,138.0
S7-1200 <-> Micro820 (Modbus TCP),Modbus TCP,159.0,8384,128,8384.0,128.0
S7-1200 <-> Micro820 (Modbus TCP),Modbus TCP,160.0,9039,138,9039.0,138.0
S7-1200 <-> Micro820 (Modbus TCP),Modbus TCP,161.0,8908,136,8908.0,136.0
S7-1200 <-> Micro820 (Modbus TCP),Modbus TCP,162.0,9040,138,9040.0,138.0
S7-1200 <-> Micro820 (Modbus TCP),Modbus TCP,163.0,8777,134,8777.0,134.0
S7-1200 <-> Micro820 (Modbus TCP),Modbus TCP,164.0,8384,128,8384.0,128.0
S7-1200 <-> Micro820 (Modbus TCP),Modbus TCP,165.0,8450,129,8450.0,129.0
S7-1200 <-> Micro820 (Modbus TCP),Modbus TCP,166.0,8842,135,8842.0,135.0
S7-1200 <-> Micro820 (Modbus TCP),Modbus TCP,167.0,8909,136,8909.0,136.0
S7-1200 <-> Micro820 (Modbus TCP),Modbus TCP,168.0,8777,134,8777.0,134.0
S7-1200 <-> Micro820 (Modbus TCP),Modbus TCP,169.0,8384,128,8384.0,128.0
S7-1200 <-> Micro820 (Modbus TCP),Modbus TCP,170.0,8253,126,8253.0,126.0
S7-1200 <-> Micro820 (Modbus TCP),Modbus TCP,171.0,9039,138,9039.0,138.0
S7-1200 <-> Micro820 (Modbus TCP),Modbus TCP,172.0,9039,138,9039.0,138.0
S7-1200 <-> Micro820 (Modbus TCP),Modbus TCP,173.0,8909,136,8909.0,136.0
S7-1200 <-> Micro820 (Modbus TCP),Modbus TCP,174.0,8712,133,8712.0,133.0
S7-1200 <-> Micro820 (Modbus TCP),Modbus TCP,175.0,8318,127,8318.0,127.0
S7-1200 <-> Micro820 (Modbus TCP),Modbus TCP,176.0,8384,128,8384.0,128.0
S7-1200 <-> Micro820 (Modbus TCP),Modbus TCP,177.0,8908,136,8908.0,136.0
S7-1200 <-> Micro820 (Modbus TCP),Modbus TCP,178.0,8385,128,8385.0,128.0
S7-1200 <-> Micro820 (Modbus TCP),Modbus TCP,179.0,8384,128,8384.0,128.0
S7-1200 <-> Micro820 (Modbus TCP),Modbus TCP,180.0,8384,128,8384.0,128.0
S7-1200 <-> Micro820 (Modbus TCP),Modbus TCP,181.0,8515,130,8515.0,130.0
S7-1200 <-> Micro820 (Modbus TCP),Modbus TCP,182.0,8908,136,8908.0,136.0
S7-1200 <-> Micro820 (Modbus TCP),Modbus TCP,183.0,9301,142,9301.0,142.0
S7-1200 <-> Micro820 (Modbus TCP),Modbus TCP,184.0,9301,142,9301.0,142.0
S7-1200 <-> Micro820 (Modbus TCP),Modbus TCP,185.0,9040,138,9040.0,138.0
S7-1200 <-> Micro820 (Modbus TCP),Modbus TCP,186.0,8450,129,8450.0,129.0
S7-1200 <-> Micro820 (Modbus TCP),Modbus TCP,187.0,8515,130,8515.0,130.0
S7-1200 <-> Micro820 (Modbus TCP),Modbus TCP,188.0,8973,137,8973.0,137.0
S7-1200 <-> Micro820 (Modbus TCP),Modbus TCP,189.0,8320,127,8320.0,127.0
S7-1200 <-> Micro820 (Modbus TCP),Modbus TCP,190.0,8449,129,8449.0,129.0
S7-1200 <-> Micro820 (Modbus TCP),Modbus TCP,191.0,8319,127,8319.0,127.0
S7-1200 <-> Micro820 (Modbus TCP),Modbus TCP,192.0,8384,128,8384.0,128.0
S7-1200 <-> Micro820 (Modbus TCP),Modbus TCP,193.0,8842,135,8842.0,135.0
S7-1200 <-> Micro820 (Modbus TCP),Modbus TCP,194.0,8908,136,8908.0,136.0
S7-1200 <-> Micro820 (Modbus TCP),Modbus TCP,195.0,9039,138,9039.0,138.0
S7-1200 <-> Micro820 (Modbus TCP),Modbus TCP,196.0,8778,134,8778.0,134.0
S7-1200 <-> Micro820 (Modbus TCP),Modbus TCP,197.0,8777,134,8777.0,134.0
S7-1200 <-> Micro820 (Modbus TCP),Modbus TCP,198.0,9432,144,9432.0,144.0
S7-1200 <-> Micro820 (Modbus TCP),Modbus TCP,199.0,8450,129,8450.0,129.0
S7-1200 <-> Micro820 (Modbus TCP),Modbus TCP,200.0,8319,127,8319.0,127.0
S7-1200 <-> Micro820 (Modbus TCP),Modbus TCP,201.0,8646,132,8646.0,132.0
S7-1200 <-> Micro820 (Modbus TCP),Modbus TCP,202.0,8384,128,8384.0,128.0
S7-1200 <-> Micro820 (Modbus TCP),Modbus TCP,203.0,8450,129,8450.0,129.0
S7-1200 <-> Micro820 (Modbus TCP),Modbus TCP,204.0,8711,133,8711.0,133.0
S7-1200 <-> Micro820 (Modbus TCP),Modbus TCP,205.0,8777,134,8777.0,134.0
S7-1200 <-> Micro820 (Modbus TCP),Modbus TCP,206.0,9039,138,9039.0,138.0
S7-1200 <-> Micro820 (Modbus TCP),Modbus TCP,207.0,8451,129,8451.0,129.0
S7-1200 <-> Micro820 (Modbus TCP),Modbus TCP,208.0,8908,136,8908.0,136.0
S7-1200 <-> Micro820 (Modbus TCP),Modbus TCP,209.0,8842,135,8842.0,135.0
S7-1200 <-> Micro820 (Modbus TCP),Modbus TCP,210.0,9039,138,9039.0,138.0
S7-1200 <-> Micro820 (Modbus TCP),Modbus TCP,211.0,8844,135,8844.0,135.0
S7-1200 <-> Micro820 (Modbus TCP),Modbus TCP,212.0,8449,129,8449.0,129.0
S7-1200 <-> Micro820 (Modbus TCP),Modbus TCP,213.0,8777,134,8777.0,134.0
S7-1200 <-> Micro820 (Modbus TCP),Modbus TCP,214.0,8384,128,8384.0,128.0
S7-1200 <-> Micro820 (Modbus TCP),Modbus TCP,215.0,9039,138,9039.0,138.0
S7-1200 <-> Micro820 (Modbus TCP),Modbus TCP,216.0,9039,138,9039.0,138.0
S7-1200 <-> Micro820 (Modbus TCP),Modbus TCP,217.0,8646,132,8646.0,132.0
S7-1200 <-> Micro820 (Modbus TCP),Modbus TCP,218.0,8385,128,8385.0,128.0
S7-1200 <-> Micro820 (Modbus TCP),Modbus TCP,219.0,8450,129,8450.0,129.0
S7-1200 <-> Micro820 (Modbus TCP),Modbus TCP,220.0,8449,129,8449.0,129.0
S7-1200 <-> Micro820 (Modbus TCP),Modbus TCP,221.0,8777,134,8777.0,134.0
S7-1200 <-> Micro820 (Modbus TCP),Modbus TCP,222.0,9301,142,9301.0,142.0
S7-1200 <-> Micro820 (Modbus TCP),Modbus TCP,223.0,8909,136,8909.0,136.0
S7-1200 <-> Micro820 (Modbus TCP),Modbus TCP,224.0,8450,129,8450.0,129.0
S7-1200 <-> Micro820 (Modbus TCP),Modbus TCP,225.0,8842,135,8842.0,135.0
S7-1200 <-> Micro820 (Modbus TCP),Modbus TCP,226.0,8515,130,8515.0,130.0
S7-1200 <-> Micro820 (Modbus TCP),Modbus TCP,227.0,8908,136,8908.0,136.0
S7-1200 <-> Micro820 (Modbus TCP),Modbus TCP,228.0,8843,135,8843.0,135.0
S7-1200 <-> Micro820 (Modbus TCP),Modbus TCP,229.0,8778,134,8778.0,134.0
S7-1200 <-> Micro820 (Modbus TCP),Modbus TCP,230.0,8449,129,8449.0,129.0
S7-1200 <-> Micro820 (Modbus TCP),Modbus TCP,231.0,8319,127,8319.0,127.0
S7-1200 <-> Micro820 (Modbus TCP),Modbus TCP,232.0,8449,129,8449.0,129.0
S7-1200 <-> Micro820 (Modbus TCP),Modbus TCP,233.0,8515,130,8515.0,130.0
S7-1200 <-> Micro820 (Modbus TCP),Modbus TCP,234.0,9564,146,9564.0,146.0
S7-1200 <-> Micro820 (Modbus TCP),Modbus TCP,235.0,8777,134,8777.0,134.0
S7-1200 <-> Micro820 (Modbus TCP),Modbus TCP,236.0,9039,138,9039.0,138.0
S7-1200 <-> Micro820 (Modbus TCP),Modbus TCP,237.0,8379,128,8379.0,128.0
S7-1200 <-> Micro820 (Modbus TCP),Modbus TCP,238.0,9039,138,9039.0,138.0
S7-1200 <-> Micro820 (Modbus TCP),Modbus TCP,239.0,8842,135,8842.0,135.0
S7-1200 <-> Micro820 (Modbus TCP),Modbus TCP,240.0,8778,134,8778.0,134.0
S7-1200 <-> Micro820 (Modbus TCP),Modbus TCP,241.0,8712,133,8712.0,133.0
S7-1200 <-> Micro820 (Modbus TCP),Modbus TCP,242.0,8384,128,8384.0,128.0
S7-1200 <-> Micro820 (Modbus TCP),Modbus TCP,243.0,8318,127,8318.0,127.0
S7-1200 <-> Micro820 (Modbus TCP),Modbus TCP,244.0,8515,130,8515.0,130.0
S7-1200 <-> Micro820 (Modbus TCP),Modbus TCP,245.0,8909,136,8909.0,136.0
S7-1200 <-> Micro820 (Modbus TCP),Modbus TCP,246.0,8908,136,8908.0,136.0
S7-1200 <-> Micro820 (Modbus TCP),Modbus TCP,247.0,8777,134,8777.0,134.0
S7-1200 <-> Micro820 (Modbus TCP),Modbus TCP,248.0,8384,128,8384.0,128.0
S7-1200 <-> Micro820 (Modbus TCP),Modbus TCP,249.0,8908,136,8908.0,136.0
S7-1200 <-> Micro820 (Modbus TCP),Modbus TCP,250.0,9039,138,9039.0,138.0
S7-1200 <-> Micro820 (Modbus TCP),Modbus TCP,251.0,8909,136,8909.0,136.0
S7-1200 <-> Micro820 (Modbus TCP),Modbus TCP,252.0,8843,135,8843.0,135.0
S7-1200 <-> Micro820 (Modbus TCP),Modbus TCP,253.0,8384,128,8384.0,128.0
S7-1200 <-> Micro820 (Modbus TCP),Modbus TCP,254.0,8449,129,8449.0,129.0
S7-1200 <-> Micro820 (Modbus TCP),Modbus TCP,255.0,8843,135,8843.0,135.0
S7-1200 <-> Micro820 (Modbus TCP),Modbus TCP,256.0,8254,126,8254.0,126.0
S7-1200 <-> Micro820 (Modbus TCP),Modbus TCP,257.0,8253,126,8253.0,126.0
S7-1200 <-> Micro820 (Modbus TCP),Modbus TCP,258.0,8842,135,8842.0,135.0
S7-1200 <-> Micro820 (Modbus TCP),Modbus TCP,259.0,8843,135,8843.0,135.0
S7-1200 <-> Micro820 (Modbus TCP),Modbus TCP,260.0,8908,136,8908.0,136.0
S7-1200 <-> Micro820 (Modbus TCP),Modbus TCP,261.0,8842,135,8842.0,135.0
S7-1200 <-> Micro820 (Modbus TCP),Modbus TCP,262.0,9039,138,9039.0,138.0
S7-1200 <-> Micro820 (Modbus TCP),Modbus TCP,263.0,8844,135,8844.0,135.0
S7-1200 <-> Micro820 (Modbus TCP),Modbus TCP,264.0,8384,128,8384.0,128.0
S7-1200 <-> Micro820 (Modbus TCP),Modbus TCP,265.0,8384,128,8384.0,128.0
S7-1200 <-> Micro820 (Modbus TCP),Modbus TCP,266.0,8908,136,8908.0,136.0
S7-1200 <-> Micro820 (Modbus TCP),Modbus TCP,267.0,8385,128,8385.0,128.0
S7-1200 <-> Micro820 (Modbus TCP),Modbus TCP,268.0,8318,127,8318.0,127.0
S7-1200 <-> Micro820 (Modbus TCP),Modbus TCP,269.0,8450,129,8450.0,129.0
S7-1200 <-> Micro820 (Modbus TCP),Modbus TCP,270.0,9235,141,9235.0,141.0
S7-1200 <-> Micro820 (Modbus TCP),Modbus TCP,271.0,9432,144,9432.0,144.0
S7-1200 <-> Micro820 (Modbus TCP),Modbus TCP,272.0,8974,137,8974.0,137.0
S7-1200 <-> Micro820 (Modbus TCP),Modbus TCP,273.0,8842,135,8842.0,135.0
S7-1200 <-> Micro820 (Modbus TCP),Modbus TCP,274.0,8385,128,8385.0,128.0
S7-1200 <-> Micro820 (Modbus TCP),Modbus TCP,275.0,8384,128,8384.0,128.0
S7-1200 <-> Micro820 (Modbus TCP),Modbus TCP,276.0,8843,135,8843.0,135.0
S7-1200 <-> Micro820 (Modbus TCP),Modbus TCP,277.0,8449,129,8449.0,129.0
S7-1200 <-> Micro820 (Modbus TCP),Modbus TCP,278.0,8385,128,8385.0,128.0
S7-1200 <-> Micro820 (Modbus TCP),Modbus TCP,279.0,8253,126,8253.0,126.0
S7-1200 <-> Micro820 (Modbus TCP),Modbus TCP,280.0,8384,128,8384.0,128.0
S7-1200 <-> Micro820 (Modbus TCP),Modbus TCP,281.0,8843,135,8843.0,135.0
S7-1200 <-> Micro820 (Modbus TCP),Modbus TCP,282.0,9104,139,9104.0,139.0
S7-1200 <-> Micro820 (Modbus TCP),Modbus TCP,283.0,9694,148,9694.0,148.0
S7-1200 <-> Micro820 (Modbus TCP),Modbus TCP,284.0,8843,135,8843.0,135.0
S7-1200 <-> Micro820 (Modbus TCP),Modbus TCP,285.0,8450,129,8450.0,129.0
S7-1200 <-> Micro820 (Modbus TCP),Modbus TCP,286.0,9105,139,9105.0,139.0
S7-1200 <-> Micro820 (Modbus TCP),Modbus TCP,287.0,8515,130,8515.0,130.0
S7-1200 <-> Micro820 (Modbus TCP),Modbus TCP,288.0,8711,133,8711.0,133.0
S7-1200 <-> Micro820 (Modbus TCP),Modbus TCP,289.0,8516,130,8516.0,130.0
S7-1200 <-> Micro820 (Modbus TCP),Modbus TCP,290.0,8908,136,8908.0,136.0
S7-1200 <-> Micro820 (Modbus TCP),Modbus TCP,291.0,8384,128,8384.0,128.0
S7-1200 <-> Micro820 (Modbus TCP),Modbus TCP,292.0,8974,137,8974.0,137.0
S7-1200 <-> Micro820 (Modbus TCP),Modbus TCP,293.0,8318,127,8318.0,127.0
S7-1200 <-> Micro820 (Modbus TCP),Modbus TCP,294.0,8908,136,8908.0,136.0
S7-1200 <-> Micro820 (Modbus TCP),Modbus TCP,295.0,8974,137,8974.0,137.0
S7-1200 <-> Micro820 (Modbus TCP),Modbus TCP,296.0,8778,134,8778.0,134.0
S7-1200 <-> Micro820 (Modbus TCP),Modbus TCP,297.0,8711,133,8711.0,133.0
S7-1200 <-> Micro820 (Modbus TCP),Modbus TCP,298.0,8515,130,8515.0,130.0
S7-1200 <-> Micro820 (Modbus TCP),Modbus TCP,299.0,8515,130,8515.0,130.0
S7-1200 <-> Micro820 (Modbus TCP),Modbus TCP,300.0,8647,132,8647.0,132.0
S7-1200 <-> Micro820 (Modbus TCP),Modbus TCP,301.0,9039,138,9039.0,138.0
S7-1200 <-> Micro820 (Modbus TCP),Modbus TCP,302.0,8384,128,8384.0,128.0
S7-1200 <-> Micro820 (Modbus TCP),Modbus TCP,303.0,9039,138,9039.0,138.0
S7-1200 <-> Micro820 (Modbus TCP),Modbus TCP,304.0,8384,128,8384.0,128.0
S7-1200 <-> Micro820 (Modbus TCP),Modbus TCP,305.0,9039,138,9039.0,138.0
S7-1200 <-> Micro820 (Modbus TCP),Modbus TCP,306.0,8777,134,8777.0,134.0
S7-1200 <-> Micro820 (Modbus TCP),Modbus TCP,307.0,8778,134,8778.0,134.0
S7-1200 <-> Micro820 (Modbus TCP),Modbus TCP,308.0,8384,128,8384.0,128.0
S7-1200 <-> Micro820 (Modbus TCP),Modbus TCP,309.0,8712,133,8712.0,133.0
S7-1200 <-> Micro820 (Modbus TCP),Modbus TCP,310.0,8318,127,8318.0,127.0
S7-1200 <-> Micro820 (Modbus TCP),Modbus TCP,311.0,8384,128,8384.0,128.0
S7-1200 <-> Micro820 (Modbus TCP),Modbus TCP,312.0,8909,136,8909.0,136.0
S7-1200 <-> Micro820 (Modbus TCP),Modbus TCP,313.0,9039,138,9039.0,138.0
S7-1200 <-> Micro820 (Modbus TCP),Modbus TCP,314.0,9105,139,9105.0,139.0
S7-1200 <-> Micro820 (Modbus TCP),Modbus TCP,315.0,8384,128,8384.0,128.0
S7-1200 <-> Micro820 (Modbus TCP),Modbus TCP,316.0,8973,137,8973.0,137.0
S7-1200 <-> Micro820 (Modbus TCP),Modbus TCP,317.0,8777,134,8777.0,134.0
S7-1200 <-> Micro820 (Modbus TCP),Modbus TCP,318.0,8909,136,8909.0,136.0
S7-1200 <-> Micro820 (Modbus TCP),Modbus TCP,319.0,8515,130,8515.0,130.0
S7-1200 <-> Micro820 (Modbus TCP),Modbus TCP,320.0,9039,138,9039.0,138.0
S7-1200 <-> Micro820 (Modbus TCP),Modbus TCP,321.0,8384,128,8384.0,128.0
S7-1200 <-> Micro820 (Modbus TCP),Modbus TCP,322.0,8384,128,8384.0,128.0
S7-1200 <-> Micro820 (Modbus TCP),Modbus TCP,323.0,8844,135,8844.0,135.0
S7-1200 <-> Micro820 (Modbus TCP),Modbus TCP,324.0,8318,127,8318.0,127.0
S7-1200 <-> Micro820 (Modbus TCP),Modbus TCP,325.0,9694,148,9694.0,148.0
S7-1200 <-> Micro820 (Modbus TCP),Modbus TCP,326.0,8646,132,8646.0,132.0
S7-1200 <-> Micro820 (Modbus TCP),Modbus TCP,327.0,8974,137,8974.0,137.0
S7-1200 <-> Micro820 (Modbus TCP),Modbus TCP,328.0,8842,135,8842.0,135.0
S7-1200 <-> Micro820 (Modbus TCP),Modbus TCP,329.0,8844,135,8844.0,135.0
S7-1200 <-> Micro820 (Modbus TCP),Modbus TCP,330.0,8842,135,8842.0,135.0
S7-1200 <-> Micro820 (Modbus TCP),Modbus TCP,331.0,8450,129,8450.0,129.0
S7-1200 <-> Micro820 (Modbus TCP),Modbus TCP,332.0,8449,129,8449.0,129.0
S7-1200 <-> Micro820 (Modbus TCP),Modbus TCP,333.0,8974,137,8974.0,137.0
S7-1200 <-> Micro820 (Modbus TCP),Modbus TCP,334.0,8450,129,8450.0,129.0
S7-1200 <-> Micro820 (Modbus TCP),Modbus TCP,335.0,8319,127,8319.0,127.0
S7-1200 <-> Micro820 (Modbus TCP),Modbus TCP,336.0,8449,129,8449.0,129.0
S7-1200 <-> Micro820 (Modbus TCP),Modbus TCP,337.0,9039,138,9039.0,138.0
S7-1200 <-> Micro820 (Modbus TCP),Modbus TCP,338.0,9301,142,9301.0,142.0
S7-1200 <-> Micro820 (Modbus TCP),Modbus TCP,339.0,8843,135,8843.0,135.0
S7-1200 <-> Micro820 (Modbus TCP),Modbus TCP,340.0,8974,137,8974.0,137.0
S7-1200 <-> Micro820 (Modbus TCP),Modbus TCP,341.0,8908,136,8908.0,136.0
S7-1200 <-> Micro820 (Modbus TCP),Modbus TCP,342.0,8384,128,8384.0,128.0
S7-1200 <-> Micro820 (Modbus TCP),Modbus TCP,343.0,8384,128,8384.0,128.0
S7-1200 <-> Micro820 (Modbus TCP),Modbus TCP,344.0,8384,128,8384.0,128.0
S7-1200 <-> Micro820 (Modbus TCP),Modbus TCP,345.0,8385,128,8385.0,128.0
S7-1200 <-> Micro820 (Modbus TCP),Modbus TCP,346.0,8384,128,8384.0,128.0
S7-1200 <-> Micro820 (Modbus TCP),Modbus TCP,347.0,8515,130,8515.0,130.0
S7-1200 <-> Micro820 (Modbus TCP),Modbus TCP,348.0,8777,134,8777.0,134.0
S7-1200 <-> Micro820 (Modbus TCP),Modbus TCP,349.0,9301,142,9301.0,142.0
S7-1200 <-> Micro820 (Modbus TCP),Modbus TCP,350.0,9367,143,9367.0,143.0
S7-1200 <-> Micro820 (Modbus TCP),Modbus TCP,351.0,8973,137,8973.0,137.0
S7-1200 <-> Micro820 (Modbus TCP),Modbus TCP,352.0,8385,128,8385.0,128.0
S7-1200 <-> Micro820 (Modbus TCP),Modbus TCP,353.0,8319,127,8319.0,127.0
S7-1200 <-> Micro820 (Modbus TCP),Modbus TCP,354.0,8777,134,8777.0,134.0
S7-1200 <-> Micro820 (Modbus TCP),Modbus TCP,355.0,8580,131,8580.0,131.0
S7-1200 <-> Micro820 (Modbus TCP),Modbus TCP,356.0,8385,128,8385.0,128.0
S7-1200 <-> Micro820 (Modbus TCP),Modbus TCP,357.0,8646,132,8646.0,132.0
S7-1200 <-> Micro820 (Modbus TCP),Modbus TCP,358.0,8319,127,8319.0,127.0
S7-1200 <-> Micro820 (Modbus TCP),Modbus TCP,359.0,8449,129,8449.0,129.0
S7-1200 <-> Micro820 (Modbus TCP),Modbus TCP,360.0,9039,138,9039.0,138.0
S7-1200 <-> Micro820 (Modbus TCP),Modbus TCP,361.0,8908,136,8908.0,136.0
S7-1200 <-> Micro820 (Modbus TCP),Modbus TCP,362.0,9694,148,9694.0,148.0
S7-1200 <-> Micro820 (Modbus TCP),Modbus TCP,363.0,8909,136,8909.0,136.0
S7-1200 <-> Micro820 (Modbus TCP),Modbus TCP,364.0,8384,128,8384.0,128.0
S7-1200 <-> Micro820 (Modbus TCP),Modbus TCP,365.0,8515,130,8515.0,130.0
S7-1200 <-> Micro820 (Modbus TCP),Modbus TCP,366.0,8908,136,8908.0,136.0
S7-1200 <-> Micro820 (Modbus TCP),Modbus TCP,367.0,8385,128,8385.0,128.0
S7-1200 <-> Micro820 (Modbus TCP),Modbus TCP,368.0,8515,130,8515.0,130.0
S7-1200 <-> Micro820 (Modbus TCP),Modbus TCP,369.0,8515,130,8515.0,130.0
S7-1200 <-> Micro820 (Modbus TCP),Modbus TCP,370.0,8384,128,8384.0,128.0
S7-1200 <-> Micro820 (Modbus TCP),Modbus TCP,371.0,8777,134,8777.0,134.0
S7-1200 <-> Micro820 (Modbus TCP),Modbus TCP,372.0,8908,136,8908.0,136.0
S7-1200 <-> Micro820 (Modbus TCP),Modbus TCP,373.0,8843,135,8843.0,135.0
S7-1200 <-> Micro820 (Modbus TCP),Modbus TCP,374.0,8843,135,8843.0,135.0
S7-1200 <-> Micro820 (Modbus TCP),Modbus TCP,375.0,9301,142,9301.0,142.0
S7-1200 <-> Micro820 (Modbus TCP),Modbus TCP,376.0,8908,136,8908.0,136.0
S7-1200 <-> Micro820 (Modbus TCP),Modbus TCP,377.0,8384,128,8384.0,128.0
S7-1200 <-> Micro820 (Modbus TCP),Modbus TCP,378.0,8451,129,8451.0,129.0
S7-1200 <-> Micro820 (Modbus TCP),Modbus TCP,379.0,8842,135,8842.0,135.0
S7-1200 <-> Micro820 (Modbus TCP),Modbus TCP,380.0,8515,130,8515.0,130.0
S7-1200 <-> Micro820 (Modbus TCP),Modbus TCP,381.0,8908,136,8908.0,136.0
S7-1200 <-> Micro820 (Modbus TCP),Modbus TCP,382.0,8515,130,8515.0,130.0
S7-1200 <-> Micro820 (Modbus TCP),Modbus TCP,383.0,8777,134,8777.0,134.0
S7-1200 <-> Micro820 (Modbus TCP),Modbus TCP,384.0,9039,138,9039.0,138.0
S7-1200 <-> Micro820 (Modbus TCP),Modbus TCP,385.0,8909,136,8909.0,136.0
S7-1200 <-> Micro820 (Modbus TCP),Modbus TCP,386.0,8646,132,8646.0,132.0
S7-1200 <-> Micro820 (Modbus TCP),Modbus TCP,387.0,9432,144,9432.0,144.0
S7-1200 <-> Micro820 (Modbus TCP),Modbus TCP,388.0,8777,134,8777.0,134.0
S7-1200 <-> Micro820 (Modbus TCP),Modbus TCP,389.0,8385,128,8385.0,128.0
S7-1200 <-> Micro820 (Modbus TCP),Modbus TCP,390.0,8908,136,8908.0,136.0
S7-1200 <-> Micro820 (Modbus TCP),Modbus TCP,391.0,8450,129,8450.0,129.0
S7-1200 <-> Micro820 (Modbus TCP),Modbus TCP,392.0,8973,137,8973.0,137.0
S7-1200 <-> Micro820 (Modbus TCP),Modbus TCP,393.0,8450,129,8450.0,129.0
S7-1200 <-> Micro820 (Modbus TCP),Modbus TCP,394.0,8908,136,8908.0,136.0
S7-1200 <-> Micro820 (Modbus TCP),Modbus TCP,395.0,8973,137,8973.0,137.0
S7-1200 <-> Micro820 (Modbus TCP),Modbus TCP,396.0,8778,134,8778.0,134.0
S7-1200 <-> Micro820 (Modbus TCP),Modbus TCP,397.0,8581,131,8581.0,131.0
S7-1200 <-> Micro820 (Modbus TCP),Modbus TCP,398.0,8646,132,8646.0,132.0
S7-1200 <-> Micro820 (Modbus TCP),Modbus TCP,399.0,8711,133,8711.0,133.0
S7-1200 <-> Micro820 (Modbus TCP),Modbus TCP,400.0,8712,133,8712.0,133.0
S7-1200 <-> Micro820 (Modbus TCP),Modbus TCP,401.0,8974,137,8974.0,137.0
S7-1200 <-> Micro820 (Modbus TCP),Modbus TCP,402.0,8515,130,8515.0,130.0
S7-1200 <-> Micro820 (Modbus TCP),Modbus TCP,403.0,8908,136,8908.0,136.0
S7-1200 <-> Micro820 (Modbus TCP),Modbus TCP,404.0,8384,128,8384.0,128.0
S7-1200 <-> Micro820 (Modbus TCP),Modbus TCP,405.0,8777,134,8777.0,134.0
S7-1200 <-> Micro820 (Modbus TCP),Modbus TCP,406.0,8777,134,8777.0,134.0
S7-1200 <-> Micro820 (Modbus TCP),Modbus TCP,407.0,8778,134,8778.0,134.0
S7-1200 <-> Micro820 (Modbus TCP),Modbus TCP,408.0,8384,128,8384.0,128.0
S7-1200 <-> Micro820 (Modbus TCP),Modbus TCP,409.0,8384,128,8384.0,128.0
S7-1200 <-> Micro820 (Modbus TCP),Modbus TCP,410.0,8515,130,8515.0,130.0
S7-1200 <-> Micro820 (Modbus TCP),Modbus TCP,411.0,9563,146,9563.0,146.0
S7-1200 <-> Micro820 (Modbus TCP),Modbus TCP,412.0,8778,134,8778.0,134.0
S7-1200 <-> Micro820 (Modbus TCP),Modbus TCP,413.0,8908,136,8908.0,136.0
S7-1200 <-> Micro820 (Modbus TCP),Modbus TCP,414.0,8515,130,8515.0,130.0
S7-1200 <-> Micro820 (Modbus TCP),Modbus TCP,415.0,8908,136,8908.0,136.0
S7-1200 <-> Micro820 (Modbus TCP),Modbus TCP,416.0,8974,137,8974.0,137.0
S7-1200 <-> Micro820 (Modbus TCP),Modbus TCP,417.0,8842,135,8842.0,135.0
S7-1200 <-> Micro820 (Modbus TCP),Modbus TCP,418.0,8254,126,8254.0,126.0
S7-1200 <-> Micro820 (Modbus TCP),Modbus TCP,419.0,9039,138,9039.0,138.0
S7-1200 <-> Micro820 (Modbus TCP),Modbus TCP,420.0,8253,126,8253.0,126.0
S7-1200 <-> Micro820 (Modbus TCP),Modbus TCP,421.0,8581,131,8581.0,131.0
S7-1200 <-> Micro820 (Modbus TCP),Modbus TCP,422.0,8908,136,8908.0,136.0
S7-1200 <-> Micro820 (Modbus TCP),Modbus TCP,423.0,9367,143,9367.0,143.0
S7-1200 <-> Micro820 (Modbus TCP),Modbus TCP,424.0,8843,135,8843.0,135.0
S7-1200 <-> Micro820 (Modbus TCP),Modbus TCP,425.0,8711,133,8711.0,133.0
S7-1200 <-> Micro820 (Modbus TCP),Modbus TCP,426.0,8581,131,8581.0,131.0
S7-1200 <-> Micro820 (Modbus TCP),Modbus TCP,427.0,8973,137,8973.0,137.0
S7-1200 <-> Micro820 (Modbus TCP),Modbus TCP,428.0,8908,136,8908.0,136.0
S7-1200 <-> Micro820 (Modbus TCP),Modbus TCP,429.0,8909,136,8909.0,136.0
S7-1200 <-> Micro820 (Modbus TCP),Modbus TCP,430.0,8646,132,8646.0,132.0
S7-1200 <-> Micro820 (Modbus TCP),Modbus TCP,431.0,8319,127,8319.0,127.0
S7-1200 <-> Micro820 (Modbus TCP),Modbus TCP,432.0,8384,128,8384.0,128.0
S7-1200 <-> Micro820 (Modbus TCP),Modbus TCP,433.0,8842,135,8842.0,135.0
S7-1200 <-> Micro820 (Modbus TCP),Modbus TCP,434.0,8647,132,8647.0,132.0
S7-1200 <-> Micro820 (Modbus TCP),Modbus TCP,435.0,9039,138,9039.0,138.0
S7-1200 <-> Micro820 (Modbus TCP),Modbus TCP,436.0,8515,130,8515.0,130.0
S7-1200 <-> Micro820 (Modbus TCP),Modbus TCP,437.0,8515,130,8515.0,130.0
S7-1200 <-> Micro820 (Modbus TCP),Modbus TCP,438.0,9039,138,9039.0,138.0
S7-1200 <-> Micro820 (Modbus TCP),Modbus TCP,439.0,8908,136,8908.0,136.0
S7-1200 <-> Micro820 (Modbus TCP),Modbus TCP,440.0,8778,134,8778.0,134.0
S7-1200 <-> Micro820 (Modbus TCP),Modbus TCP,441.0,8974,137,8974.0,137.0
S7-1200 <-> Micro820 (Modbus TCP),Modbus TCP,442.0,8449,129,8449.0,129.0
S7-1200 <-> Micro820 (Modbus TCP),Modbus TCP,443.0,8384,128,8384.0,128.0
S7-1200 <-> Micro820 (Modbus TCP),Modbus TCP,444.0,8777,134,8777.0,134.0
S7-1200 <-> Micro820 (Modbus TCP),Modbus TCP,445.0,8385,128,8385.0,128.0
S7-1200 <-> Micro820 (Modbus TCP),Modbus TCP,446.0,8777,134,8777.0,134.0
S7-1200 <-> Micro820 (Modbus TCP),Modbus TCP,447.0,8777,134,8777.0,134.0
S7-1200 <-> Micro820 (Modbus TCP),Modbus TCP,448.0,8646,132,8646.0,132.0
S7-1200 <-> Micro820 (Modbus TCP),Modbus TCP,449.0,8843,135,8843.0,135.0
S7-1200 <-> Micro820 (Modbus TCP),Modbus TCP,450.0,8908,136,8908.0,136.0
S7-1200 <-> Micro820 (Modbus TCP),Modbus TCP,451.0,8974,137,8974.0,137.0
S7-1200 <-> Micro820 (Modbus TCP),Modbus TCP,452.0,8843,135,8843.0,135.0
S7-1200 <-> Micro820 (Modbus TCP),Modbus TCP,453.0,8515,130,8515.0,130.0
S7-1200 <-> Micro820 (Modbus TCP),Modbus TCP,454.0,8318,127,8318.0,127.0
S7-1200 <-> Micro820 (Modbus TCP),Modbus TCP,455.0,8908,136,8908.0,136.0
S7-1200 <-> Micro820 (Modbus TCP),Modbus TCP,456.0,8385,128,8385.0,128.0
S7-1200 <-> Micro820 (Modbus TCP),Modbus TCP,457.0,8384,128,8384.0,128.0
S7-1200 <-> Micro820 (Modbus TCP),Modbus TCP,458.0,8384,128,8384.0,128.0
S7-1200 <-> Micro820 (Modbus TCP),Modbus TCP,459.0,8908,136,8908.0,136.0
S7-1200 <-> Micro820 (Modbus TCP),Modbus TCP,460.0,9432,144,9432.0,144.0
S7-1200 <-> Micro820 (Modbus TCP),Modbus TCP,461.0,9039,138,9039.0,138.0
S7-1200 <-> Micro820 (Modbus TCP),Modbus TCP,462.0,8908,136,8908.0,136.0
S7-1200 <-> Micro820 (Modbus TCP),Modbus TCP,463.0,8778,134,8778.0,134.0
S7-1200 <-> Micro820 (Modbus TCP),Modbus TCP,464.0,8384,128,8384.0,128.0
S7-1200 <-> Micro820 (Modbus TCP),Modbus TCP,465.0,8319,127,8319.0,127.0
S7-1200 <-> Micro820 (Modbus TCP),Modbus TCP,466.0,9104,139,9104.0,139.0
S7-1200 <-> Micro820 (Modbus TCP),Modbus TCP,467.0,8320,127,8320.0,127.0
S7-1200 <-> Micro820 (Modbus TCP),Modbus TCP,468.0,8449,129,8449.0,129.0
S7-1200 <-> Micro820 (Modbus TCP),Modbus TCP,469.0,8384,128,8384.0,128.0
S7-1200 <-> Micro820 (Modbus TCP),Modbus TCP,470.0,8515,130,8515.0,130.0
S7-1200 <-> Micro820 (Modbus TCP),Modbus TCP,471.0,9432,144,9432.0,144.0
S7-1200 <-> Micro820 (Modbus TCP),Modbus TCP,472.0,9170,140,9170.0,140.0
S7-1200 <-> Micro820 (Modbus TCP),Modbus TCP,473.0,9039,138,9039.0,138.0
S7-1200 <-> Micro820 (Modbus TCP),Modbus TCP,474.0,8909,136,8909.0,136.0
S7-1200 <-> Micro820 (Modbus TCP),Modbus TCP,475.0,8319,127,8319.0,127.0
S7-1200 <-> Micro820 (Modbus TCP),Modbus TCP,476.0,8449,129,8449.0,129.0
S7-1200 <-> Micro820 (Modbus TCP),Modbus TCP,477.0,8843,135,8843.0,135.0
S7-1200 <-> Micro820 (Modbus TCP),Modbus TCP,478.0,8450,129,8450.0,129.0
S7-1200 <-> Micro820 (Modbus TCP),Modbus TCP,479.0,8253,126,8253.0,126.0
S7-1200 <-> Micro820 (Modbus TCP),Modbus TCP,480.0,8450,129,8450.0,129.0
S7-1200 <-> Micro820 (Modbus TCP),Modbus TCP,481.0,8973,137,8973.0,137.0
S7-1200 <-> Micro820 (Modbus TCP),Modbus TCP,482.0,8974,137,8974.0,137.0
S7-1200 <-> Micro820 (Modbus TCP),Modbus TCP,483.0,9497,145,9497.0,145.0
S7-1200 <-> Micro820 (Modbus TCP),Modbus TCP,484.0,9432,144,9432.0,144.0
S7-1200 <-> Micro820 (Modbus TCP),Modbus TCP,485.0,8320,127,8320.0,127.0
S7-1200 <-> Micro820 (Modbus TCP),Modbus TCP,486.0,9039,138,9039.0,138.0
S7-1200 <-> Micro820 (Modbus TCP),Modbus TCP,487.0,8449,129,8449.0,129.0
S7-1200 <-> Micro820 (Modbus TCP),Modbus TCP,488.0,8384,128,8384.0,128.0
S7-1200 <-> Micro820 (Modbus TCP),Modbus TCP,489.0,8909,136,8909.0,136.0
S7-1200 <-> Micro820 (Modbus TCP),Modbus TCP,490.0,8319,127,8319.0,127.0
S7-1200 <-> Micro820 (Modbus TCP),Modbus TCP,491.0,8973,137,8973.0,137.0
S7-1200 <-> Micro820 (Modbus TCP),Modbus TCP,492.0,8384,128,8384.0,128.0
S7-1200 <-> Micro820 (Modbus TCP),Modbus TCP,493.0,8843,135,8843.0,135.0
S7-1200 <-> Micro820 (Modbus TCP),Modbus TCP,494.0,8842,135,8842.0,135.0
S7-1200 <-> Micro820 (Modbus TCP),Modbus TCP,495.0,8974,137,8974.0,137.0
S7-1200 <-> Micro820 (Modbus TCP),Modbus TCP,496.0,9105,139,9105.0,139.0
S7-1200 <-> Micro820 (Modbus TCP),Modbus TCP,497.0,8843,135,8843.0,135.0
S7-1200 <-> Micro820 (Modbus TCP),Modbus TCP,498.0,8711,133,8711.0,133.0
S7-1200 <-> Micro820 (Modbus TCP),Modbus TCP,499.0,8646,132,8646.0,132.0
S7-1200 <-> Micro820 (Modbus TCP),Modbus TCP,500.0,8516,130,8516.0,130.0
S7-1200 <-> Micro820 (Modbus TCP),Modbus TCP,501.0,9170,140,9170.0,140.0
S7-1200 <-> Micro820 (Modbus TCP),Modbus TCP,502.0,8450,129,8450.0,129.0
S7-1200 <-> Micro820 (Modbus TCP),Modbus TCP,503.0,8908,136,8908.0,136.0
S7-1200 <-> Micro820 (Modbus TCP),Modbus TCP,504.0,8318,127,8318.0,127.0
S7-1200 <-> Micro820 (Modbus TCP),Modbus TCP,505.0,8843,135,8843.0,135.0
S7-1200 <-> Micro820 (Modbus TCP),Modbus TCP,506.0,8973,137,8973.0,137.0
S7-1200 <-> Micro820 (Modbus TCP),Modbus TCP,507.0,8778,134,8778.0,134.0
S7-1200 <-> Micro820 (Modbus TCP),Modbus TCP,508.0,8253,126,8253.0,126.0
S7-1200 <-> Micro820 (Modbus TCP),Modbus TCP,509.0,8384,128,8384.0,128.0
S7-1200 <-> Micro820 (Modbus TCP),Modbus TCP,510.0,8515,130,8515.0,130.0
S7-1200 <-> Micro820 (Modbus TCP),Modbus TCP,511.0,8319,127,8319.0,127.0
S7-1200 <-> Micro820 (Modbus TCP),Modbus TCP,512.0,8974,137,8974.0,137.0
S7-1200 <-> Micro820 (Modbus TCP),Modbus TCP,513.0,8908,136,8908.0,136.0
S7-1200 <-> Micro820 (Modbus TCP),Modbus TCP,514.0,9170,140,9170.0,140.0
S7-1200 <-> Micro820 (Modbus TCP),Modbus TCP,515.0,8384,128,8384.0,128.0
S7-1200 <-> Micro820 (Modbus TCP),Modbus TCP,516.0,9039,138,9039.0,138.0
S7-1200 <-> Micro820 (Modbus TCP),Modbus TCP,517.0,8843,135,8843.0,135.0
S7-1200 <-> Micro820 (Modbus TCP),Modbus TCP,518.0,8843,135,8843.0,135.0
S7-1200 <-> Micro820 (Modbus TCP),Modbus TCP,519.0,8319,127,8319.0,127.0
S7-1200 <-> Micro820 (Modbus TCP),Modbus TCP,520.0,8842,135,8842.0,135.0
S7-1200 <-> Micro820 (Modbus TCP),Modbus TCP,521.0,8253,126,8253.0,126.0
S7-1200 <-> Micro820 (Modbus TCP),Modbus TCP,522.0,8515,130,8515.0,130.0
S7-1200 <-> Micro820 (Modbus TCP),Modbus TCP,523.0,8844,135,8844.0,135.0
S7-1200 <-> Micro820 (Modbus TCP),Modbus TCP,524.0,8580,131,8580.0,131.0
S7-1200 <-> Micro820 (Modbus TCP),Modbus TCP,525.0,9694,148,9694.0,148.0
S7-1200 <-> Micro820 (Modbus TCP),Modbus TCP,526.0,8450,129,8450.0,129.0
S7-1200 <-> Micro820 (Modbus TCP),Modbus TCP,527.0,8973,137,8973.0,137.0
S7-1200 <-> Micro820 (Modbus TCP),Modbus TCP,528.0,8843,135,8843.0,135.0
S7-1200 <-> Micro820 (Modbus TCP),Modbus TCP,529.0,8909,136,8909.0,136.0
S7-1200 <-> Micro820 (Modbus TCP),Modbus TCP,530.0,8318,127,8318.0,127.0
S7-1200 <-> Micro820 (Modbus TCP),Modbus TCP,531.0,8450,129,8450.0,129.0
S7-1200 <-> Micro820 (Modbus TCP),Modbus TCP,532.0,7663,117,7663.0,117.0
S7-1200 <-> Micro820 (Modbus TCP),Modbus TCP,533.0,8384,128,8384.0,128.0
S7-1200 <-> Micro820 (Modbus TCP),Modbus TCP,534.0,8385,128,8385.0,128.0
S7-1200 <-> Micro820 (Modbus TCP),Modbus TCP,535.0,8515,130,8515.0,130.0
S7-1200 <-> Micro820 (Modbus TCP),Modbus TCP,536.0,8646,132,8646.0,132.0
S7-1200 <-> Micro820 (Modbus TCP),Modbus TCP,537.0,9170,140,9170.0,140.0
S7-1200 <-> Micro820 (Modbus TCP),Modbus TCP,538.0,8777,134,8777.0,134.0
S7-1200 <-> Micro820 (Modbus TCP),Modbus TCP,539.0,8908,136,8908.0,136.0
S7-1200 <-> Micro820 (Modbus TCP),Modbus TCP,540.0,8778,134,8778.0,134.0
S7-1200 <-> Micro820 (Modbus TCP),Modbus TCP,541.0,8450,129,8450.0,129.0
S7-1200 <-> Micro820 (Modbus TCP),Modbus TCP,542.0,8384,128,8384.0,128.0
S7-1200 <-> Micro820 (Modbus TCP),Modbus TCP,543.0,8449,129,8449.0,129.0
S7-1200 <-> Micro820 (Modbus TCP),Modbus TCP,544.0,8450,129,8450.0,129.0
S7-1200 <-> Micro820 (Modbus TCP),Modbus TCP,545.0,8450,129,8450.0,129.0
S7-1200 <-> Micro820 (Modbus TCP),Modbus TCP,546.0,8319,127,8319.0,127.0
S7-1200 <-> Micro820 (Modbus TCP),Modbus TCP,547.0,8449,129,8449.0,129.0
S7-1200 <-> Micro820 (Modbus TCP),Modbus TCP,548.0,9039,138,9039.0,138.0
S7-1200 <-> Micro820 (Modbus TCP),Modbus TCP,549.0,9825,150,9825.0,150.0
S7-1200 <-> Micro820 (Modbus TCP),Modbus TCP,550.0,8777,134,8777.0,134.0
S7-1200 <-> Micro820 (Modbus TCP),Modbus TCP,551.0,8909,136,8909.0,136.0
S7-1200 <-> Micro820 (Modbus TCP),Modbus TCP,552.0,8253,126,8253.0,126.0
S7-1200 <-> Micro820 (Modbus TCP),Modbus TCP,553.0,8515,130,8515.0,130.0
S7-1200 <-> Micro820 (Modbus TCP),Modbus TCP,554.0,8843,135,8843.0,135.0
S7-1200 <-> Micro820 (Modbus TCP),Modbus TCP,555.0,8515,130,8515.0,130.0
S7-1200 <-> Micro820 (Modbus TCP),Modbus TCP,556.0,8450,129,8450.0,129.0
S7-1200 <-> Micro820 (Modbus TCP),Modbus TCP,557.0,8384,128,8384.0,128.0
S7-1200 <-> Micro820 (Modbus TCP),Modbus TCP,558.0,8253,126,8253.0,126.0
S7-1200 <-> Micro820 (Modbus TCP),Modbus TCP,559.0,8777,134,8777.0,134.0
S7-1200 <-> Micro820 (Modbus TCP),Modbus TCP,560.0,9039,138,9039.0,138.0
S7-1200 <-> Micro820 (Modbus TCP),Modbus TCP,561.0,9694,148,9694.0,148.0
S7-1200 <-> Micro820 (Modbus TCP),Modbus TCP,562.0,9040,138,9040.0,138.0
S7-1200 <-> Micro820 (Modbus TCP),Modbus TCP,563.0,8450,129,8450.0,129.0
S7-1200 <-> Micro820 (Modbus TCP),Modbus TCP,564.0,8449,129,8449.0,129.0
S7-1200 <-> Micro820 (Modbus TCP),Modbus TCP,565.0,8515,130,8515.0,130.0
S7-1200 <-> Micro820 (Modbus TCP),Modbus TCP,566.0,8974,137,8974.0,137.0
S7-1200 <-> Micro820 (Modbus TCP),Modbus TCP,567.0,8450,129,8450.0,129.0
S7-1200 <-> Micro820 (Modbus TCP),Modbus TCP,568.0,8319,127,8319.0,127.0
S7-1200 <-> Micro820 (Modbus TCP),Modbus TCP,569.0,8318,127,8318.0,127.0
S7-1200 <-> Micro820 (Modbus TCP),Modbus TCP,570.0,8515,130,8515.0,130.0
S7-1200 <-> Micro820 (Modbus TCP),Modbus TCP,571.0,8908,136,8908.0,136.0
S7-1200 <-> Micro820 (Modbus TCP),Modbus TCP,572.0,8974,137,8974.0,137.0
S7-1200 <-> Micro820 (Modbus TCP),Modbus TCP,573.0,9235,141,9235.0,141.0
S7-1200 <-> Micro820 (Modbus TCP),Modbus TCP,574.0,9302,142,9302.0,142.0
S7-1200 <-> Micro820 (Modbus TCP),Modbus TCP,575.0,8581,131,8581.0,131.0
S7-1200 <-> Micro820 (Modbus TCP),Modbus TCP,576.0,8449,129,8449.0,129.0
S7-1200 <-> Micro820 (Modbus TCP),Modbus TCP,577.0,8712,133,8712.0,133.0
S7-1200 <-> Micro820 (Modbus TCP),Modbus TCP,578.0,8319,127,8319.0,127.0
S7-1200 <-> Micro820 (Modbus TCP),Modbus TCP,579.0,8515,130,8515.0,130.0
S7-1200 <-> Micro820 (Modbus TCP),Modbus TCP,580.0,8384,128,8384.0,128.0
S7-1200 <-> Micro820 (Modbus TCP),Modbus TCP,581.0,8450,129,8450.0,129.0
S7-1200 <-> Micro820 (Modbus TCP),Modbus TCP,582.0,8842,135,8842.0,135.0
S7-1200 <-> Micro820 (Modbus TCP),Modbus TCP,583.0,8777,134,8777.0,134.0
S7-1200 <-> Micro820 (Modbus TCP),Modbus TCP,584.0,8843,135,8843.0,135.0
S7-1200 <-> Micro820 (Modbus TCP),Modbus TCP,585.0,8974,137,8974.0,137.0
S7-1200 <-> Micro820 (Modbus TCP),Modbus TCP,586.0,8908,136,8908.0,136.0
S7-1200 <-> Micro820 (Modbus TCP),Modbus TCP,587.0,8974,137,8974.0,137.0
S7-1200 <-> Micro820 (Modbus TCP),Modbus TCP,588.0,8777,134,8777.0,134.0
S7-1200 <-> Micro820 (Modbus TCP),Modbus TCP,589.0,8516,130,8516.0,130.0
S7-1200 <-> Micro820 (Modbus TCP),Modbus TCP,590.0,8449,129,8449.0,129.0
S7-1200 <-> Micro820 (Modbus TCP),Modbus TCP,591.0,8319,127,8319.0,127.0
S7-1200 <-> Micro820 (Modbus TCP),Modbus TCP,592.0,8318,127,8318.0,127.0
S7-1200 <-> Micro820 (Modbus TCP),Modbus TCP,593.0,8712,133,8712.0,133.0
S7-1200 <-> Micro820 (Modbus TCP),Modbus TCP,594.0,8842,135,8842.0,135.0
S7-1200 <-> Micro820 (Modbus TCP),Modbus TCP,595.0,8908,136,8908.0,136.0
S7-1200 <-> Micro820 (Modbus TCP),Modbus TCP,596.0,8778,134,8778.0,134.0
S7-1200 <-> Micro820 (Modbus TCP),Modbus TCP,597.0,8450,129,8450.0,129.0
S7-1200 <-> Micro820 (Modbus TCP),Modbus TCP,598.0,8973,137,8973.0,137.0
S7-1200 <-> Micro820 (Modbus TCP),Modbus TCP,599.0,8646,132,8646.0,132.0
TM221 <-> Micro820 (Modbus TCP),Modbus TCP,0.0,1335,20,1335.0,20.0
TM221 <-> Micro820 (Modbus TCP),Modbus TCP,1.0,1335,20,1335.0,20.0
TM221 <-> Micro820 (Modbus TCP),Modbus TCP,2.0,1335,20,1335.0,20.0
TM221 <-> Micro820 (Modbus TCP),Modbus TCP,3.0,1335,20,1335.0,20.0
TM221 <-> Micro820 (Modbus TCP),Modbus TCP,4.0,1335,20,1335.0,20.0
TM221 <-> Micro820 (Modbus TCP),Modbus TCP,5.0,1335,20,1335.0,20.0
TM221 <-> Micro820 (Modbus TCP),Modbus TCP,6.0,1335,20,1335.0,20.0
TM221 <-> Micro820 (Modbus TCP),Modbus TCP,7.0,1335,20,1335.0,20.0
TM221 <-> Micro820 (Modbus TCP),Modbus TCP,8.0,1335,20,1335.0,20.0
TM221 <-> Micro820 (Modbus TCP),Modbus TCP,9.0,1335,20,1335.0,20.0
TM221 <-> Micro820 (Modbus TCP),Modbus TCP,10.0,1335,20,1335.0,20.0
TM221 <-> Micro820 (Modbus TCP),Modbus TCP,11.0,1335,20,1335.0,20.0
TM221 <-> Micro820 (Modbus TCP),Modbus TCP,12.0,1335,20,1335.0,20.0
TM221 <-> Micro820 (Modbus TCP),Modbus TCP,13.0,1335,20,1335.0,20.0
TM221 <-> Micro820 (Modbus TCP),Modbus TCP,14.0,1335,20,1335.0,20.0
TM221 <-> Micro820 (Modbus TCP),Modbus TCP,15.0,1335,20,1335.0,20.0
TM221 <-> Micro820 (Modbus TCP),Modbus TCP,16.0,1335,20,1335.0,20.0
TM221 <-> Micro820 (Modbus TCP),Modbus TCP,17.0,1335,20,1335.0,20.0
TM221 <-> Micro820 (Modbus TCP),Modbus TCP,18.0,1335,20,1335.0,20.0
TM221 <-> Micro820 (Modbus TCP),Modbus TCP,19.0,1335,20,1335.0,20.0
TM221 <-> Micro820 (Modbus TCP),Modbus TCP,20.0,1335,20,1335.0,20.0
TM221 <-> Micro820 (Modbus TCP),Modbus TCP,21.0,1335,20,1335.0,20.0
TM221 <-> Micro820 (Modbus TCP),Modbus TCP,22.0,1335,20,1335.0,20.0
TM221 <-> Micro820 (Modbus TCP),Modbus TCP,23.0,1335,20,1335.0,20.0
TM221 <-> Micro820 (Modbus TCP),Modbus TCP,24.0,1335,20,1335.0,20.0
TM221 <-> Micro820 (Modbus TCP),Modbus TCP,25.0,1335,20,1335.0,20.0
TM221 <-> Micro820 (Modbus TCP),Modbus TCP,26.0,1335,20,1335.0,20.0
TM221 <-> Micro820 (Modbus TCP),Modbus TCP,27.0,1335,20,1335.0,20.0
TM221 <-> Micro820 (Modbus TCP),Modbus TCP,28.0,1335,20,1335.0,20.0
TM221 <-> Micro820 (Modbus TCP),Modbus TCP,29.0,1335,20,1335.0,20.0
TM221 <-> Micro820 (Modbus TCP),Modbus TCP,30.0,1335,20,1335.0,20.0
TM221 <-> Micro820 (Modbus TCP),Modbus TCP,31.0,1335,20,1335.0,20.0
TM221 <-> Micro820 (Modbus TCP),Modbus TCP,32.0,1335,20,1335.0,20.0
TM221 <-> Micro820 (Modbus TCP),Modbus TCP,33.0,1335,20,1335.0,20.0
TM221 <-> Micro820 (Modbus TCP),Modbus TCP,34.0,1335,20,1335.0,20.0
TM221 <-> Micro820 (Modbus TCP),Modbus TCP,35.0,1335,20,1335.0,20.0
TM221 <-> Micro820 (Modbus TCP),Modbus TCP,36.0,1335,20,1335.0,20.0
TM221 <-> Micro820 (Modbus TCP),Modbus TCP,37.0,1335,20,1335.0,20.0
TM221 <-> Micro820 (Modbus TCP),Modbus TCP,38.0,1335,20,1335.0,20.0
TM221 <-> Micro820 (Modbus TCP),Modbus TCP,39.0,1335,20,1335.0,20.0
TM221 <-> Micro820 (Modbus TCP),Modbus TCP,40.0,1335,20,1335.0,20.0
TM221 <-> Micro820 (Modbus TCP),Modbus TCP,41.0,1335,20,1335.0,20.0
TM221 <-> Micro820 (Modbus TCP),Modbus TCP,42.0,1335,20,1335.0,20.0
TM221 <-> Micro820 (Modbus TCP),Modbus TCP,43.0,1335,20,1335.0,20.0
TM221 <-> Micro820 (Modbus TCP),Modbus TCP,44.0,1335,20,1335.0,20.0
TM221 <-> Micro820 (Modbus TCP),Modbus TCP,45.0,1335,20,1335.0,20.0
TM221 <-> Micro820 (Modbus TCP),Modbus TCP,46.0,1335,20,1335.0,20.0
TM221 <-> Micro820 (Modbus TCP),Modbus TCP,47.0,1335,20,1335.0,20.0
TM221 <-> Micro820 (Modbus TCP),Modbus TCP,48.0,1335,20,1335.0,20.0
TM221 <-> Micro820 (Modbus TCP),Modbus TCP,49.0,1335,20,1335.0,20.0
TM221 <-> Micro820 (Modbus TCP),Modbus TCP,50.0,1335,20,1335.0,20.0
TM221 <-> Micro820 (Modbus TCP),Modbus TCP,51.0,1335,20,1335.0,20.0
TM221 <-> Micro820 (Modbus TCP),Modbus TCP,52.0,1335,20,1335.0,20.0
TM221 <-> Micro820 (Modbus TCP),Modbus TCP,53.0,1335,20,1335.0,20.0
TM221 <-> Micro820 (Modbus TCP),Modbus TCP,54.0,1335,20,1335.0,20.0
TM221 <-> Micro820 (Modbus TCP),Modbus TCP,55.0,1335,20,1335.0,20.0
TM221 <-> Micro820 (Modbus TCP),Modbus TCP,56.0,1335,20,1335.0,20.0
TM221 <-> Micro820 (Modbus TCP),Modbus TCP,57.0,1335,20,1335.0,20.0
TM221 <-> Micro820 (Modbus TCP),Modbus TCP,58.0,1335,20,1335.0,20.0
TM221 <-> Micro820 (Modbus TCP),Modbus TCP,59.0,1335,20,1335.0,20.0
TM221 <-> Micro820 (Modbus TCP),Modbus TCP,60.0,1335,20,1335.0,20.0
TM221 <-> Micro820 (Modbus TCP),Modbus TCP,61.0,1335,20,1335.0,20.0
TM221 <-> Micro820 (Modbus TCP),Modbus TCP,62.0,1335,20,1335.0,20.0
TM221 <-> Micro820 (Modbus TCP),Modbus TCP,63.0,1335,20,1335.0,20.0
TM221 <-> Micro820 (Modbus TCP),Modbus TCP,64.0,1335,20,1335.0,20.0
TM221 <-> Micro820 (Modbus TCP),Modbus TCP,65.0,1335,20,1335.0,20.0
TM221 <-> Micro820 (Modbus TCP),Modbus TCP,66.0,1335,20,1335.0,20.0
TM221 <-> Micro820 (Modbus TCP),Modbus TCP,67.0,1335,20,1335.0,20.0
TM221 <-> Micro820 (Modbus TCP),Modbus TCP,68.0,1335,20,1335.0,20.0
TM221 <-> Micro820 (Modbus TCP),Modbus TCP,69.0,1335,20,1335.0,20.0
TM221 <-> Micro820 (Modbus TCP),Modbus TCP,70.0,1335,20,1335.0,20.0
TM221 <-> Micro820 (Modbus TCP),Modbus TCP,71.0,1335,20,1335.0,20.0
TM221 <-> Micro820 (Modbus TCP),Modbus TCP,72.0,1335,20,1335.0,20.0
TM221 <-> Micro820 (Modbus TCP),Modbus TCP,73.0,1335,20,1335.0,20.0
TM221 <-> Micro820 (Modbus TCP),Modbus TCP,74.0,1335,20,1335.0,20.0
TM221 <-> Micro820 (Modbus TCP),Modbus TCP,75.0,1335,20,1335.0,20.0
TM221 <-> Micro820 (Modbus TCP),Modbus TCP,76.0,1335,20,1335.0,20.0
TM221 <-> Micro820 (Modbus TCP),Modbus TCP,77.0,1335,20,1335.0,20.0
TM221 <-> Micro820 (Modbus TCP),Modbus TCP,78.0,1335,20,1335.0,20.0
TM221 <-> Micro820 (Modbus TCP),Modbus TCP,79.0,1335,20,1335.0,20.0
TM221 <-> Micro820 (Modbus TCP),Modbus TCP,80.0,1335,20,1335.0,20.0
TM221 <-> Micro820 (Modbus TCP),Modbus TCP,81.0,1335,20,1335.0,20.0
TM221 <-> Micro820 (Modbus TCP),Modbus TCP,82.0,1335,20,1335.0,20.0
TM221 <-> Micro820 (Modbus TCP),Modbus TCP,83.0,1335,20,1335.0,20.0
TM221 <-> Micro820 (Modbus TCP),Modbus TCP,84.0,1335,20,1335.0,20.0
TM221 <-> Micro820 (Modbus TCP),Modbus TCP,85.0,1335,20,1335.0,20.0
TM221 <-> Micro820 (Modbus TCP),Modbus TCP,86.0,1335,20,1335.0,20.0
TM221 <-> Micro820 (Modbus TCP),Modbus TCP,87.0,1335,20,1335.0,20.0
TM221 <-> Micro820 (Modbus TCP),Modbus TCP,88.0,1335,20,1335.0,20.0
TM221 <-> Micro820 (Modbus TCP),Modbus TCP,89.0,1335,20,1335.0,20.0
TM221 <-> Micro820 (Modbus TCP),Modbus TCP,90.0,1335,20,1335.0,20.0
TM221 <-> Micro820 (Modbus TCP),Modbus TCP,91.0,1335,20,1335.0,20.0
TM221 <-> Micro820 (Modbus TCP),Modbus TCP,92.0,1335,20,1335.0,20.0
TM221 <-> Micro820 (Modbus TCP),Modbus TCP,93.0,1335,20,1335.0,20.0
TM221 <-> Micro820 (Modbus TCP),Modbus TCP,94.0,1335,20,1335.0,20.0
TM221 <-> Micro820 (Modbus TCP),Modbus TCP,95.0,1335,20,1335.0,20.0
TM221 <-> Micro820 (Modbus TCP),Modbus TCP,96.0,1335,20,1335.0,20.0
TM221 <-> Micro820 (Modbus TCP),Modbus TCP,97.0,1335,20,1335.0,20.0
TM221 <-> Micro820 (Modbus TCP),Modbus TCP,98.0,1335,20,1335.0,20.0
TM221 <-> Micro820 (Modbus TCP),Modbus TCP,99.0,1335,20,1335.0,20.0
TM221 <-> Micro820 (Modbus TCP),Modbus TCP,100.0,1335,20,1335.0,20.0
TM221 <-> Micro820 (Modbus TCP),Modbus TCP,101.0,1335,20,1335.0,20.0
TM221 <-> Micro820 (Modbus TCP),Modbus TCP,102.0,1335,20,1335.0,20.0
TM221 <-> Micro820 (Modbus TCP),Modbus TCP,103.0,1335,20,1335.0,20.0
TM221 <-> Micro820 (Modbus TCP),Modbus TCP,104.0,1335,20,1335.0,20.0
TM221 <-> Micro820 (Modbus TCP),Modbus TCP,105.0,1335,20,1335.0,20.0
TM221 <-> Micro820 (Modbus TCP),Modbus TCP,106.0,1335,20,1335.0,20.0
TM221 <-> Micro820 (Modbus TCP),Modbus TCP,107.0,1335,20,1335.0,20.0
TM221 <-> Micro820 (Modbus TCP),Modbus TCP,108.0,1335,20,1335.0,20.0
TM221 <-> Micro820 (Modbus TCP),Modbus TCP,109.0,1335,20,1335.0,20.0
TM221 <-> Micro820 (Modbus TCP),Modbus TCP,110.0,1335,20,1335.0,20.0
TM221 <-> Micro820 (Modbus TCP),Modbus TCP,111.0,1335,20,1335.0,20.0
TM221 <-> Micro820 (Modbus TCP),Modbus TCP,112.0,1335,20,1335.0,20.0
TM221 <-> Micro820 (Modbus TCP),Modbus TCP,113.0,1335,20,1335.0,20.0
TM221 <-> Micro820 (Modbus TCP),Modbus TCP,114.0,1335,20,1335.0,20.0
TM221 <-> Micro820 (Modbus TCP),Modbus TCP,115.0,1335,20,1335.0,20.0
TM221 <-> Micro820 (Modbus TCP),Modbus TCP,116.0,1335,20,1335.0,20.0
TM221 <-> Micro820 (Modbus TCP),Modbus TCP,117.0,1335,20,1335.0,20.0
TM221 <-> Micro820 (Modbus TCP),Modbus TCP,118.0,1335,20,1335.0,20.0
TM221 <-> Micro820 (Modbus TCP),Modbus TCP,119.0,1335,20,1335.0,20.0
TM221 <-> Micro820 (Modbus TCP),Modbus TCP,120.0,1335,20,1335.0,20.0
TM221 <-> Micro820 (Modbus TCP),Modbus TCP,121.0,1335,20,1335.0,20.0
TM221 <-> Micro820 (Modbus TCP),Modbus TCP,122.0,1335,20,1335.0,20.0
TM221 <-> Micro820 (Modbus TCP),Modbus TCP,123.0,1335,20,1335.0,20.0
TM221 <-> Micro820 (Modbus TCP),Modbus TCP,124.0,1335,20,1335.0,20.0
TM221 <-> Micro820 (Modbus TCP),Modbus TCP,125.0,1335,20,1335.0,20.0
TM221 <-> Micro820 (Modbus TCP),Modbus TCP,126.0,1335,20,1335.0,20.0
TM221 <-> Micro820 (Modbus TCP),Modbus TCP,127.0,1335,20,1335.0,20.0
TM221 <-> Micro820 (Modbus TCP),Modbus TCP,128.0,1335,20,1335.0,20.0
TM221 <-> Micro820 (Modbus TCP),Modbus TCP,129.0,1335,20,1335.0,20.0
TM221 <-> Micro820 (Modbus TCP),Modbus TCP,130.0,1335,20,1335.0,20.0
TM221 <-> Micro820 (Modbus TCP),Modbus TCP,131.0,1335,20,1335.0,20.0
TM221 <-> Micro820 (Modbus TCP),Modbus TCP,132.0,1335,20,1335.0,20.0
TM221 <-> Micro820 (Modbus TCP),Modbus TCP,133.0,1335,20,1335.0,20.0
TM221 <-> Micro820 (Modbus TCP),Modbus TCP,134.0,1335,20,1335.0,20.0
TM221 <-> Micro820 (Modbus TCP),Modbus TCP,135.0,1335,20,1335.0,20.0
TM221 <-> Micro820 (Modbus TCP),Modbus TCP,136.0,1335,20,1335.0,20.0
TM221 <-> Micro820 (Modbus TCP),Modbus TCP,137.0,1335,20,1335.0,20.0
TM221 <-> Micro820 (Modbus TCP),Modbus TCP,138.0,1335,20,1335.0,20.0
TM221 <-> Micro820 (Modbus TCP),Modbus TCP,139.0,1335,20,1335.0,20.0
TM221 <-> Micro820 (Modbus TCP),Modbus TCP,140.0,1335,20,1335.0,20.0
TM221 <-> Micro820 (Modbus TCP),Modbus TCP,141.0,1335,20,1335.0,20.0
TM221 <-> Micro820 (Modbus TCP),Modbus TCP,142.0,1335,20,1335.0,20.0
TM221 <-> Micro820 (Modbus TCP),Modbus TCP,143.0,1335,20,1335.0,20.0
TM221 <-> Micro820 (Modbus TCP),Modbus TCP,144.0,1335,20,1335.0,20.0
TM221 <-> Micro820 (Modbus TCP),Modbus TCP,145.0,1335,20,1335.0,20.0
TM221 <-> Micro820 (Modbus TCP),Modbus TCP,146.0,1335,20,1335.0,20.0
TM221 <-> Micro820 (Modbus TCP),Modbus TCP,147.0,1335,20,1335.0,20.0
TM221 <-> Micro820 (Modbus TCP),Modbus TCP,148.0,1335,20,1335.0,20.0
TM221 <-> Micro820 (Modbus TCP),Modbus TCP,149.0,1335,20,1335.0,20.0
TM221 <-> Micro820 (Modbus TCP),Modbus TCP,150.0,1335,20,1335.0,20.0
TM221 <-> Micro820 (Modbus TCP),Modbus TCP,151.0,1335,20,1335.0,20.0
TM221 <-> Micro820 (Modbus TCP),Modbus TCP,152.0,1335,20,1335.0,20.0
TM221 <-> Micro820 (Modbus TCP),Modbus TCP,153.0,1335,20,1335.0,20.0
TM221 <-> Micro820 (Modbus TCP),Modbus TCP,154.0,1335,20,1335.0,20.0
TM221 <-> Micro820 (Modbus TCP),Modbus TCP,155.0,1335,20,1335.0,20.0
TM221 <-> Micro820 (Modbus TCP),Modbus TCP,156.0,1335,20,1335.0,20.0
TM221 <-> Micro820 (Modbus TCP),Modbus TCP,157.0,1335,20,1335.0,20.0
TM221 <-> Micro820 (Modbus TCP),Modbus TCP,158.0,1335,20,1335.0,20.0
TM221 <-> Micro820 (Modbus TCP),Modbus TCP,159.0,1335,20,1335.0,20.0
TM221 <-> Micro820 (Modbus TCP),Modbus TCP,160.0,1335,20,1335.0,20.0
TM221 <-> Micro820 (Modbus TCP),Modbus TCP,161.0,1335,20,1335.0,20.0
TM221 <-> Micro820 (Modbus TCP),Modbus TCP,162.0,1335,20,1335.0,20.0
TM221 <-> Micro820 (Modbus TCP),Modbus TCP,163.0,1335,20,1335.0,20.0
TM221 <-> Micro820 (Modbus TCP),Modbus TCP,164.0,1335,20,1335.0,20.0
TM221 <-> Micro820 (Modbus TCP),Modbus TCP,165.0,1335,20,1335.0,20.0
TM221 <-> Micro820 (Modbus TCP),Modbus TCP,166.0,1335,20,1335.0,20.0
TM221 <-> Micro820 (Modbus TCP),Modbus TCP,167.0,1335,20,1335.0,20.0
TM221 <-> Micro820 (Modbus TCP),Modbus TCP,168.0,1335,20,1335.0,20.0
TM221 <-> Micro820 (Modbus TCP),Modbus TCP,169.0,1335,20,1335.0,20.0
TM221 <-> Micro820 (Modbus TCP),Modbus TCP,170.0,1335,20,1335.0,20.0
TM221 <-> Micro820 (Modbus TCP),Modbus TCP,171.0,1335,20,1335.0,20.0
TM221 <-> Micro820 (Modbus TCP),Modbus TCP,172.0,1335,20,1335.0,20.0
TM221 <-> Micro820 (Modbus TCP),Modbus TCP,173.0,1335,20,1335.0,20.0
TM221 <-> Micro820 (Modbus TCP),Modbus TCP,174.0,1335,20,1335.0,20.0
TM221 <-> Micro820 (Modbus TCP),Modbus TCP,175.0,1335,20,1335.0,20.0
TM221 <-> Micro820 (Modbus TCP),Modbus TCP,176.0,1335,20,1335.0,20.0
TM221 <-> Micro820 (Modbus TCP),Modbus TCP,177.0,1335,20,1335.0,20.0
TM221 <-> Micro820 (Modbus TCP),Modbus TCP,178.0,1335,20,1335.0,20.0
TM221 <-> Micro820 (Modbus TCP),Modbus TCP,179.0,1335,20,1335.0,20.0
TM221 <-> Micro820 (Modbus TCP),Modbus TCP,180.0,1335,20,1335.0,20.0
TM221 <-> Micro820 (Modbus TCP),Modbus TCP,181.0,1335,20,1335.0,20.0
TM221 <-> Micro820 (Modbus TCP),Modbus TCP,182.0,1335,20,1335.0,20.0
TM221 <-> Micro820 (Modbus TCP),Modbus TCP,183.0,1335,20,1335.0,20.0
TM221 <-> Micro820 (Modbus TCP),Modbus TCP,184.0,1335,20,1335.0,20.0
TM221 <-> Micro820 (Modbus TCP),Modbus TCP,185.0,1335,20,1335.0,20.0
TM221 <-> Micro820 (Modbus TCP),Modbus TCP,186.0,1335,20,1335.0,20.0
TM221 <-> Micro820 (Modbus TCP),Modbus TCP,187.0,1335,20,1335.0,20.0
TM221 <-> Micro820 (Modbus TCP),Modbus TCP,188.0,1335,20,1335.0,20.0
TM221 <-> Micro820 (Modbus TCP),Modbus TCP,189.0,1335,20,1335.0,20.0
TM221 <-> Micro820 (Modbus TCP),Modbus TCP,190.0,1335,20,1335.0,20.0
TM221 <-> Micro820 (Modbus TCP),Modbus TCP,191.0,1335,20,1335.0,20.0
TM221 <-> Micro820 (Modbus TCP),Modbus TCP,192.0,1335,20,1335.0,20.0
TM221 <-> Micro820 (Modbus TCP),Modbus TCP,193.0,1335,20,1335.0,20.0
TM221 <-> Micro820 (Modbus TCP),Modbus TCP,194.0,1335,20,1335.0,20.0
TM221 <-> Micro820 (Modbus TCP),Modbus TCP,195.0,1335,20,1335.0,20.0
TM221 <-> Micro820 (Modbus TCP),Modbus TCP,196.0,1335,20,1335.0,20.0
TM221 <-> Micro820 (Modbus TCP),Modbus TCP,197.0,1335,20,1335.0,20.0
TM221 <-> Micro820 (Modbus TCP),Modbus TCP,198.0,1335,20,1335.0,20.0
TM221 <-> Micro820 (Modbus TCP),Modbus TCP,199.0,1335,20,1335.0,20.0
TM221 <-> Micro820 (Modbus TCP),Modbus TCP,200.0,1335,20,1335.0,20.0
TM221 <-> Micro820 (Modbus TCP),Modbus TCP,201.0,1335,20,1335.0,20.0
TM221 <-> Micro820 (Modbus TCP),Modbus TCP,202.0,1335,20,1335.0,20.0
TM221 <-> Micro820 (Modbus TCP),Modbus TCP,203.0,1335,20,1335.0,20.0
TM221 <-> Micro820 (Modbus TCP),Modbus TCP,204.0,1335,20,1335.0,20.0
TM221 <-> Micro820 (Modbus TCP),Modbus TCP,205.0,1335,20,1335.0,20.0
TM221 <-> Micro820 (Modbus TCP),Modbus TCP,206.0,1335,20,1335.0,20.0
TM221 <-> Micro820 (Modbus TCP),Modbus TCP,207.0,1335,20,1335.0,20.0
TM221 <-> Micro820 (Modbus TCP),Modbus TCP,208.0,1335,20,1335.0,20.0
TM221 <-> Micro820 (Modbus TCP),Modbus TCP,209.0,1335,20,1335.0,20.0
TM221 <-> Micro820 (Modbus TCP),Modbus TCP,210.0,1335,20,1335.0,20.0
TM221 <-> Micro820 (Modbus TCP),Modbus TCP,211.0,1335,20,1335.0,20.0
TM221 <-> Micro820 (Modbus TCP),Modbus TCP,212.0,1335,20,1335.0,20.0
TM221 <-> Micro820 (Modbus TCP),Modbus TCP,213.0,1335,20,1335.0,20.0
TM221 <-> Micro820 (Modbus TCP),Modbus TCP,214.0,1335,20,1335.0,20.0
TM221 <-> Micro820 (Modbus TCP),Modbus TCP,215.0,1335,20,1335.0,20.0
TM221 <-> Micro820 (Modbus TCP),Modbus TCP,216.0,1335,20,1335.0,20.0
TM221 <-> Micro820 (Modbus TCP),Modbus TCP,217.0,1335,20,1335.0,20.0
TM221 <-> Micro820 (Modbus TCP),Modbus TCP,218.0,1335,20,1335.0,20.0
TM221 <-> Micro820 (Modbus TCP),Modbus TCP,219.0,1335,20,1335.0,20.0
TM221 <-> Micro820 (Modbus TCP),Modbus TCP,220.0,1335,20,1335.0,20.0
TM221 <-> Micro820 (Modbus TCP),Modbus TCP,221.0,1335,20,1335.0,20.0
TM221 <-> Micro820 (Modbus TCP),Modbus TCP,222.0,1335,20,1335.0,20.0
TM221 <-> Micro820 (Modbus TCP),Modbus TCP,223.0,1335,20,1335.0,20.0
TM221 <-> Micro820 (Modbus TCP),Modbus TCP,224.0,1335,20,1335.0,20.0
TM221 <-> Micro820 (Modbus TCP),Modbus TCP,225.0,1335,20,1335.0,20.0
TM221 <-> Micro820 (Modbus TCP),Modbus TCP,226.0,1335,20,1335.0,20.0
TM221 <-> Micro820 (Modbus TCP),Modbus TCP,227.0,1335,20,1335.0,20.0
TM221 <-> Micro820 (Modbus TCP),Modbus TCP,228.0,1335,20,1335.0,20.0
TM221 <-> Micro820 (Modbus TCP),Modbus TCP,229.0,1335,20,1335.0,20.0
TM221 <-> Micro820 (Modbus TCP),Modbus TCP,230.0,1335,20,1335.0,20.0
TM221 <-> Micro820 (Modbus TCP),Modbus TCP,231.0,1335,20,1335.0,20.0
TM221 <-> Micro820 (Modbus TCP),Modbus TCP,232.0,1335,20,1335.0,20.0
TM221 <-> Micro820 (Modbus TCP),Modbus TCP,233.0,1335,20,1335.0,20.0
TM221 <-> Micro820 (Modbus TCP),Modbus TCP,234.0,1335,20,1335.0,20.0
TM221 <-> Micro820 (Modbus TCP),Modbus TCP,235.0,1335,20,1335.0,20.0
TM221 <-> Micro820 (Modbus TCP),Modbus TCP,236.0,1335,20,1335.0,20.0
TM221 <-> Micro820 (Modbus TCP),Modbus TCP,237.0,1335,20,1335.0,20.0
TM221 <-> Micro820 (Modbus TCP),Modbus TCP,238.0,1335,20,1335.0,20.0
TM221 <-> Micro820 (Modbus TCP),Modbus TCP,239.0,1335,20,1335.0,20.0
TM221 <-> Micro820 (Modbus TCP),Modbus TCP,240.0,1335,20,1335.0,20.0
TM221 <-> Micro820 (Modbus TCP),Modbus TCP,241.0,1335,20,1335.0,20.0
TM221 <-> Micro820 (Modbus TCP),Modbus TCP,242.0,1335,20,1335.0,20.0
TM221 <-> Micro820 (Modbus TCP),Modbus TCP,243.0,1335,20,1335.0,20.0
TM221 <-> Micro820 (Modbus TCP),Modbus TCP,244.0,1335,20,1335.0,20.0
TM221 <-> Micro820 (Modbus TCP),Modbus TCP,245.0,1335,20,1335.0,20.0
TM221 <-> Micro820 (Modbus TCP),Modbus TCP,246.0,1335,20,1335.0,20.0
TM221 <-> Micro820 (Modbus TCP),Modbus TCP,247.0,1335,20,1335.0,20.0
TM221 <-> Micro820 (Modbus TCP),Modbus TCP,248.0,1335,20,1335.0,20.0
TM221 <-> Micro820 (Modbus TCP),Modbus TCP,249.0,1335,20,1335.0,20.0
TM221 <-> Micro820 (Modbus TCP),Modbus TCP,250.0,1335,20,1335.0,20.0
TM221 <-> Micro820 (Modbus TCP),Modbus TCP,251.0,1335,20,1335.0,20.0
TM221 <-> Micro820 (Modbus TCP),Modbus TCP,252.0,1335,20,1335.0,20.0
TM221 <-> Micro820 (Modbus TCP),Modbus TCP,253.0,1335,20,1335.0,20.0
TM221 <-> Micro820 (Modbus TCP),Modbus TCP,254.0,1335,20,1335.0,20.0
TM221 <-> Micro820 (Modbus TCP),Modbus TCP,255.0,1335,20,1335.0,20.0
TM221 <-> Micro820 (Modbus TCP),Modbus TCP,256.0,1335,20,1335.0,20.0
TM221 <-> Micro820 (Modbus TCP),Modbus TCP,257.0,1335,20,1335.0,20.0
TM221 <-> Micro820 (Modbus TCP),Modbus TCP,258.0,1335,20,1335.0,20.0
TM221 <-> Micro820 (Modbus TCP),Modbus TCP,259.0,1335,20,1335.0,20.0
TM221 <-> Micro820 (Modbus TCP),Modbus TCP,260.0,1335,20,1335.0,20.0
TM221 <-> Micro820 (Modbus TCP),Modbus TCP,261.0,1335,20,1335.0,20.0
TM221 <-> Micro820 (Modbus TCP),Modbus TCP,262.0,1335,20,1335.0,20.0
TM221 <-> Micro820 (Modbus TCP),Modbus TCP,263.0,1335,20,1335.0,20.0
TM221 <-> Micro820 (Modbus TCP),Modbus TCP,264.0,1335,20,1335.0,20.0
TM221 <-> Micro820 (Modbus TCP),Modbus TCP,265.0,1335,20,1335.0,20.0
TM221 <-> Micro820 (Modbus TCP),Modbus TCP,266.0,1335,20,1335.0,20.0
TM221 <-> Micro820 (Modbus TCP),Modbus TCP,267.0,1335,20,1335.0,20.0
TM221 <-> Micro820 (Modbus TCP),Modbus TCP,268.0,1335,20,1335.0,20.0
TM221 <-> Micro820 (Modbus TCP),Modbus TCP,269.0,1335,20,1335.0,20.0
TM221 <-> Micro820 (Modbus TCP),Modbus TCP,270.0,1335,20,1335.0,20.0
TM221 <-> Micro820 (Modbus TCP),Modbus TCP,271.0,1335,20,1335.0,20.0
TM221 <-> Micro820 (Modbus TCP),Modbus TCP,272.0,1335,20,1335.0,20.0
TM221 <-> Micro820 (Modbus TCP),Modbus TCP,273.0,1335,20,1335.0,20.0
TM221 <-> Micro820 (Modbus TCP),Modbus TCP,274.0,1335,20,1335.0,20.0
TM221 <-> Micro820 (Modbus TCP),Modbus TCP,275.0,1335,20,1335.0,20.0
TM221 <-> Micro820 (Modbus TCP),Modbus TCP,276.0,1335,20,1335.0,20.0
TM221 <-> Micro820 (Modbus TCP),Modbus TCP,277.0,1335,20,1335.0,20.0
TM221 <-> Micro820 (Modbus TCP),Modbus TCP,278.0,1335,20,1335.0,20.0
TM221 <-> Micro820 (Modbus TCP),Modbus TCP,279.0,1335,20,1335.0,20.0
TM221 <-> Micro820 (Modbus TCP),Modbus TCP,280.0,1335,20,1335.0,20.0
TM221 <-> Micro820 (Modbus TCP),Modbus TCP,281.0,1335,20,1335.0,20.0
TM221 <-> Micro820 (Modbus TCP),Modbus TCP,282.0,1335,20,1335.0,20.0
TM221 <-> Micro820 (Modbus TCP),Modbus TCP,283.0,1335,20,1335.0,20.0
TM221 <-> Micro820 (Modbus TCP),Modbus TCP,284.0,1335,20,1335.0,20.0
TM221 <-> Micro820 (Modbus TCP),Modbus TCP,285.0,1335,20,1335.0,20.0
TM221 <-> Micro820 (Modbus TCP),Modbus TCP,286.0,1335,20,1335.0,20.0
TM221 <-> Micro820 (Modbus TCP),Modbus TCP,287.0,1335,20,1335.0,20.0
TM221 <-> Micro820 (Modbus TCP),Modbus TCP,288.0,1335,20,1335.0,20.0
TM221 <-> Micro820 (Modbus TCP),Modbus TCP,289.0,1335,20,1335.0,20.0
TM221 <-> Micro820 (Modbus TCP),Modbus TCP,290.0,1335,20,1335.0,20.0
TM221 <-> Micro820 (Modbus TCP),Modbus TCP,291.0,1335,20,1335.0,20.0
TM221 <-> Micro820 (Modbus TCP),Modbus TCP,292.0,1335,20,1335.0,20.0
TM221 <-> Micro820 (Modbus TCP),Modbus TCP,293.0,1335,20,1335.0,20.0
TM221 <-> Micro820 (Modbus TCP),Modbus TCP,294.0,1335,20,1335.0,20.0
TM221 <-> Micro820 (Modbus TCP),Modbus TCP,295.0,1335,20,1335.0,20.0
TM221 <-> Micro820 (Modbus TCP),Modbus TCP,296.0,1335,20,1335.0,20.0
TM221 <-> Micro820 (Modbus TCP),Modbus TCP,297.0,1335,20,1335.0,20.0
TM221 <-> Micro820 (Modbus TCP),Modbus TCP,298.0,1335,20,1335.0,20.0
TM221 <-> Micro820 (Modbus TCP),Modbus TCP,299.0,1335,20,1335.0,20.0
TM221 <-> Micro820 (Modbus TCP),Modbus TCP,300.0,1335,20,1335.0,20.0
TM221 <-> Micro820 (Modbus TCP),Modbus TCP,301.0,1335,20,1335.0,20.0
TM221 <-> Micro820 (Modbus TCP),Modbus TCP,302.0,1335,20,1335.0,20.0
TM221 <-> Micro820 (Modbus TCP),Modbus TCP,303.0,1335,20,1335.0,20.0
TM221 <-> Micro820 (Modbus TCP),Modbus TCP,304.0,1335,20,1335.0,20.0
TM221 <-> Micro820 (Modbus TCP),Modbus TCP,305.0,1335,20,1335.0,20.0
TM221 <-> Micro820 (Modbus TCP),Modbus TCP,306.0,1335,20,1335.0,20.0
TM221 <-> Micro820 (Modbus TCP),Modbus TCP,307.0,1335,20,1335.0,20.0
TM221 <-> Micro820 (Modbus TCP),Modbus TCP,308.0,1335,20,1335.0,20.0
TM221 <-> Micro820 (Modbus TCP),Modbus TCP,309.0,1335,20,1335.0,20.0
TM221 <-> Micro820 (Modbus TCP),Modbus TCP,310.0,1335,20,1335.0,20.0
TM221 <-> Micro820 (Modbus TCP),Modbus TCP,311.0,1335,20,1335.0,20.0
TM221 <-> Micro820 (Modbus TCP),Modbus TCP,312.0,1335,20,1335.0,20.0
TM221 <-> Micro820 (Modbus TCP),Modbus TCP,313.0,1335,20,1335.0,20.0
TM221 <-> Micro820 (Modbus TCP),Modbus TCP,314.0,1335,20,1335.0,20.0
TM221 <-> Micro820 (Modbus TCP),Modbus TCP,315.0,1335,20,1335.0,20.0
TM221 <-> Micro820 (Modbus TCP),Modbus TCP,316.0,1335,20,1335.0,20.0
TM221 <-> Micro820 (Modbus TCP),Modbus TCP,317.0,1335,20,1335.0,20.0
TM221 <-> Micro820 (Modbus TCP),Modbus TCP,318.0,1335,20,1335.0,20.0
TM221 <-> Micro820 (Modbus TCP),Modbus TCP,319.0,1335,20,1335.0,20.0
TM221 <-> Micro820 (Modbus TCP),Modbus TCP,320.0,1335,20,1335.0,20.0
TM221 <-> Micro820 (Modbus TCP),Modbus TCP,321.0,1335,20,1335.0,20.0
TM221 <-> Micro820 (Modbus TCP),Modbus TCP,322.0,1335,20,1335.0,20.0
TM221 <-> Micro820 (Modbus TCP),Modbus TCP,323.0,1335,20,1335.0,20.0
TM221 <-> Micro820 (Modbus TCP),Modbus TCP,324.0,1335,20,1335.0,20.0
TM221 <-> Micro820 (Modbus TCP),Modbus TCP,325.0,1335,20,1335.0,20.0
TM221 <-> Micro820 (Modbus TCP),Modbus TCP,326.0,1335,20,1335.0,20.0
TM221 <-> Micro820 (Modbus TCP),Modbus TCP,327.0,1335,20,1335.0,20.0
TM221 <-> Micro820 (Modbus TCP),Modbus TCP,328.0,1335,20,1335.0,20.0
TM221 <-> Micro820 (Modbus TCP),Modbus TCP,329.0,1335,20,1335.0,20.0
TM221 <-> Micro820 (Modbus TCP),Modbus TCP,330.0,1335,20,1335.0,20.0
TM221 <-> Micro820 (Modbus TCP),Modbus TCP,331.0,1335,20,1335.0,20.0
TM221 <-> Micro820 (Modbus TCP),Modbus TCP,332.0,1335,20,1335.0,20.0
TM221 <-> Micro820 (Modbus TCP),Modbus TCP,333.0,1335,20,1335.0,20.0
TM221 <-> Micro820 (Modbus TCP),Modbus TCP,334.0,1335,20,1335.0,20.0
TM221 <-> Micro820 (Modbus TCP),Modbus TCP,335.0,1335,20,1335.0,20.0
TM221 <-> Micro820 (Modbus TCP),Modbus TCP,336.0,1335,20,1335.0,20.0
TM221 <-> Micro820 (Modbus TCP),Modbus TCP,337.0,1335,20,1335.0,20.0
TM221 <-> Micro820 (Modbus TCP),Modbus TCP,338.0,1335,20,1335.0,20.0
TM221 <-> Micro820 (Modbus TCP),Modbus TCP,339.0,1335,20,1335.0,20.0
TM221 <-> Micro820 (Modbus TCP),Modbus TCP,340.0,1335,20,1335.0,20.0
TM221 <-> Micro820 (Modbus TCP),Modbus TCP,341.0,1335,20,1335.0,20.0
TM221 <-> Micro820 (Modbus TCP),Modbus TCP,342.0,1335,20,1335.0,20.0
TM221 <-> Micro820 (Modbus TCP),Modbus TCP,343.0,1335,20,1335.0,20.0
TM221 <-> Micro820 (Modbus TCP),Modbus TCP,344.0,1335,20,1335.0,20.0
TM221 <-> Micro820 (Modbus TCP),Modbus TCP,345.0,1335,20,1335.0,20.0
TM221 <-> Micro820 (Modbus TCP),Modbus TCP,346.0,1335,20,1335.0,20.0
TM221 <-> Micro820 (Modbus TCP),Modbus TCP,347.0,1335,20,1335.0,20.0
TM221 <-> Micro820 (Modbus TCP),Modbus TCP,348.0,1335,20,1335.0,20.0
TM221 <-> Micro820 (Modbus TCP),Modbus TCP,349.0,1335,20,1335.0,20.0
TM221 <-> Micro820 (Modbus TCP),Modbus TCP,350.0,1335,20,1335.0,20.0
TM221 <-> Micro820 (Modbus TCP),Modbus TCP,351.0,1335,20,1335.0,20.0
TM221 <-> Micro820 (Modbus TCP),Modbus TCP,352.0,1335,20,1335.0,20.0
TM221 <-> Micro820 (Modbus TCP),Modbus TCP,353.0,1335,20,1335.0,20.0
TM221 <-> Micro820 (Modbus TCP),Modbus TCP,354.0,1335,20,1335.0,20.0
TM221 <-> Micro820 (Modbus TCP),Modbus TCP,355.0,1335,20,1335.0,20.0
TM221 <-> Micro820 (Modbus TCP),Modbus TCP,356.0,1335,20,1335.0,20.0
TM221 <-> Micro820 (Modbus TCP),Modbus TCP,357.0,1335,20,1335.0,20.0
TM221 <-> Micro820 (Modbus TCP),Modbus TCP,358.0,1335,20,1335.0,20.0
TM221 <-> Micro820 (Modbus TCP),Modbus TCP,359.0,1335,20,1335.0,20.0
TM221 <-> Micro820 (Modbus TCP),Modbus TCP,360.0,1335,20,1335.0,20.0
TM221 <-> Micro820 (Modbus TCP),Modbus TCP,361.0,1335,20,1335.0,20.0
TM221 <-> Micro820 (Modbus TCP),Modbus TCP,362.0,1335,20,1335.0,20.0
TM221 <-> Micro820 (Modbus TCP),Modbus TCP,363.0,1335,20,1335.0,20.0
TM221 <-> Micro820 (Modbus TCP),Modbus TCP,364.0,1335,20,1335.0,20.0
TM221 <-> Micro820 (Modbus TCP),Modbus TCP,365.0,1335,20,1335.0,20.0
TM221 <-> Micro820 (Modbus TCP),Modbus TCP,366.0,1335,20,1335.0,20.0
TM221 <-> Micro820 (Modbus TCP),Modbus TCP,367.0,1335,20,1335.0,20.0
TM221 <-> Micro820 (Modbus TCP),Modbus TCP,368.0,1335,20,1335.0,20.0
TM221 <-> Micro820 (Modbus TCP),Modbus TCP,369.0,1335,20,1335.0,20.0
TM221 <-> Micro820 (Modbus TCP),Modbus TCP,370.0,1335,20,1335.0,20.0
TM221 <-> Micro820 (Modbus TCP),Modbus TCP,371.0,1335,20,1335.0,20.0
TM221 <-> Micro820 (Modbus TCP),Modbus TCP,372.0,1335,20,1335.0,20.0
TM221 <-> Micro820 (Modbus TCP),Modbus TCP,373.0,1335,20,1335.0,20.0
TM221 <-> Micro820 (Modbus TCP),Modbus TCP,374.0,1335,20,1335.0,20.0
TM221 <-> Micro820 (Modbus TCP),Modbus TCP,375.0,1335,20,1335.0,20.0
TM221 <-> Micro820 (Modbus TCP),Modbus TCP,376.0,1335,20,1335.0,20.0
TM221 <-> Micro820 (Modbus TCP),Modbus TCP,377.0,1335,20,1335.0,20.0
TM221 <-> Micro820 (Modbus TCP),Modbus TCP,378.0,1335,20,1335.0,20.0
TM221 <-> Micro820 (Modbus TCP),Modbus TCP,379.0,1335,20,1335.0,20.0
TM221 <-> Micro820 (Modbus TCP),Modbus TCP,380.0,1335,20,1335.0,20.0
TM221 <-> Micro820 (Modbus TCP),Modbus TCP,381.0,1335,20,1335.0,20.0
TM221 <-> Micro820 (Modbus TCP),Modbus TCP,382.0,1335,20,1335.0,20.0
TM221 <-> Micro820 (Modbus TCP),Modbus TCP,383.0,1335,20,1335.0,20.0
TM221 <-> Micro820 (Modbus TCP),Modbus TCP,384.0,1335,20,1335.0,20.0
TM221 <-> Micro820 (Modbus TCP),Modbus TCP,385.0,1335,20,1335.0,20.0
TM221 <-> Micro820 (Modbus TCP),Modbus TCP,386.0,1335,20,1335.0,20.0
TM221 <-> Micro820 (Modbus TCP),Modbus TCP,387.0,1335,20,1335.0,20.0
TM221 <-> Micro820 (Modbus TCP),Modbus TCP,388.0,1335,20,1335.0,20.0
TM221 <-> Micro820 (Modbus TCP),Modbus TCP,389.0,1335,20,1335.0,20.0
TM221 <-> Micro820 (Modbus TCP),Modbus TCP,390.0,1335,20,1335.0,20.0
TM221 <-> Micro820 (Modbus TCP),Modbus TCP,391.0,1335,20,1335.0,20.0
TM221 <-> Micro820 (Modbus TCP),Modbus TCP,392.0,1335,20,1335.0,20.0
TM221 <-> Micro820 (Modbus TCP),Modbus TCP,393.0,1335,20,1335.0,20.0
TM221 <-> Micro820 (Modbus TCP),Modbus TCP,394.0,1335,20,1335.0,20.0
TM221 <-> Micro820 (Modbus TCP),Modbus TCP,395.0,1335,20,1335.0,20.0
TM221 <-> Micro820 (Modbus TCP),Modbus TCP,396.0,1335,20,1335.0,20.0
TM221 <-> Micro820 (Modbus TCP),Modbus TCP,397.0,1335,20,1335.0,20.0
TM221 <-> Micro820 (Modbus TCP),Modbus TCP,398.0,1335,20,1335.0,20.0
TM221 <-> Micro820 (Modbus TCP),Modbus TCP,399.0,1335,20,1335.0,20.0
TM221 <-> Micro820 (Modbus TCP),Modbus TCP,400.0,1335,20,1335.0,20.0
TM221 <-> Micro820 (Modbus TCP),Modbus TCP,401.0,1335,20,1335.0,20.0
TM221 <-> Micro820 (Modbus TCP),Modbus TCP,402.0,1335,20,1335.0,20.0
TM221 <-> Micro820 (Modbus TCP),Modbus TCP,403.0,1335,20,1335.0,20.0
TM221 <-> Micro820 (Modbus TCP),Modbus TCP,404.0,1335,20,1335.0,20.0
TM221 <-> Micro820 (Modbus TCP),Modbus TCP,405.0,1335,20,1335.0,20.0
TM221 <-> Micro820 (Modbus TCP),Modbus TCP,406.0,1335,20,1335.0,20.0
TM221 <-> Micro820 (Modbus TCP),Modbus TCP,407.0,1335,20,1335.0,20.0
TM221 <-> Micro820 (Modbus TCP),Modbus TCP,408.0,1335,20,1335.0,20.0
TM221 <-> Micro820 (Modbus TCP),Modbus TCP,409.0,1335,20,1335.0,20.0
TM221 <-> Micro820 (Modbus TCP),Modbus TCP,410.0,1335,20,1335.0,20.0
TM221 <-> Micro820 (Modbus TCP),Modbus TCP,411.0,1335,20,1335.0,20.0
TM221 <-> Micro820 (Modbus TCP),Modbus TCP,412.0,1335,20,1335.0,20.0
TM221 <-> Micro820 (Modbus TCP),Modbus TCP,413.0,1335,20,1335.0,20.0
TM221 <-> Micro820 (Modbus TCP),Modbus TCP,414.0,1335,20,1335.0,20.0
TM221 <-> Micro820 (Modbus TCP),Modbus TCP,415.0,1335,20,1335.0,20.0
TM221 <-> Micro820 (Modbus TCP),Modbus TCP,416.0,1335,20,1335.0,20.0
TM221 <-> Micro820 (Modbus TCP),Modbus TCP,417.0,1335,20,1335.0,20.0
TM221 <-> Micro820 (Modbus TCP),Modbus TCP,418.0,1335,20,1335.0,20.0
TM221 <-> Micro820 (Modbus TCP),Modbus TCP,419.0,1335,20,1335.0,20.0
TM221 <-> Micro820 (Modbus TCP),Modbus TCP,420.0,1335,20,1335.0,20.0
TM221 <-> Micro820 (Modbus TCP),Modbus TCP,421.0,1335,20,1335.0,20.0
TM221 <-> Micro820 (Modbus TCP),Modbus TCP,422.0,1335,20,1335.0,20.0
TM221 <-> Micro820 (Modbus TCP),Modbus TCP,423.0,1335,20,1335.0,20.0
TM221 <-> Micro820 (Modbus TCP),Modbus TCP,424.0,1335,20,1335.0,20.0
TM221 <-> Micro820 (Modbus TCP),Modbus TCP,425.0,1335,20,1335.0,20.0
TM221 <-> Micro820 (Modbus TCP),Modbus TCP,426.0,1335,20,1335.0,20.0
TM221 <-> Micro820 (Modbus TCP),Modbus TCP,427.0,1335,20,1335.0,20.0
TM221 <-> Micro820 (Modbus TCP),Modbus TCP,428.0,1335,20,1335.0,20.0
TM221 <-> Micro820 (Modbus TCP),Modbus TCP,429.0,1335,20,1335.0,20.0
TM221 <-> Micro820 (Modbus TCP),Modbus TCP,430.0,1335,20,1335.0,20.0
TM221 <-> Micro820 (Modbus TCP),Modbus TCP,431.0,1335,20,1335.0,20.0
TM221 <-> Micro820 (Modbus TCP),Modbus TCP,432.0,1335,20,1335.0,20.0
TM221 <-> Micro820 (Modbus TCP),Modbus TCP,433.0,1335,20,1335.0,20.0
TM221 <-> Micro820 (Modbus TCP),Modbus TCP,434.0,1335,20,1335.0,20.0
TM221 <-> Micro820 (Modbus TCP),Modbus TCP,435.0,1335,20,1335.0,20.0
TM221 <-> Micro820 (Modbus TCP),Modbus TCP,436.0,1335,20,1335.0,20.0
TM221 <-> Micro820 (Modbus TCP),Modbus TCP,437.0,1335,20,1335.0,20.0
TM221 <-> Micro820 (Modbus TCP),Modbus TCP,438.0,1335,20,1335.0,20.0
TM221 <-> Micro820 (Modbus TCP),Modbus TCP,439.0,1335,20,1335.0,20.0
TM221 <-> Micro820 (Modbus TCP),Modbus TCP,440.0,1335,20,1335.0,20.0
TM221 <-> Micro820 (Modbus TCP),Modbus TCP,441.0,1335,20,1335.0,20.0
TM221 <-> Micro820 (Modbus TCP),Modbus TCP,442.0,1335,20,1335.0,20.0
TM221 <-> Micro820 (Modbus TCP),Modbus TCP,443.0,1335,20,1335.0,20.0
TM221 <-> Micro820 (Modbus TCP),Modbus TCP,444.0,1335,20,1335.0,20.0
TM221 <-> Micro820 (Modbus TCP),Modbus TCP,445.0,1335,20,1335.0,20.0
TM221 <-> Micro820 (Modbus TCP),Modbus TCP,446.0,1335,20,1335.0,20.0
TM221 <-> Micro820 (Modbus TCP),Modbus TCP,447.0,1335,20,1335.0,20.0
TM221 <-> Micro820 (Modbus TCP),Modbus TCP,448.0,1335,20,1335.0,20.0
TM221 <-> Micro820 (Modbus TCP),Modbus TCP,449.0,1335,20,1335.0,20.0
TM221 <-> Micro820 (Modbus TCP),Modbus TCP,450.0,1335,20,1335.0,20.0
TM221 <-> Micro820 (Modbus TCP),Modbus TCP,451.0,1335,20,1335.0,20.0
TM221 <-> Micro820 (Modbus TCP),Modbus TCP,452.0,1335,20,1335.0,20.0
TM221 <-> Micro820 (Modbus TCP),Modbus TCP,453.0,1335,20,1335.0,20.0
TM221 <-> Micro820 (Modbus TCP),Modbus TCP,454.0,1335,20,1335.0,20.0
TM221 <-> Micro820 (Modbus TCP),Modbus TCP,455.0,1335,20,1335.0,20.0
TM221 <-> Micro820 (Modbus TCP),Modbus TCP,456.0,1335,20,1335.0,20.0
TM221 <-> Micro820 (Modbus TCP),Modbus TCP,457.0,1335,20,1335.0,20.0
TM221 <-> Micro820 (Modbus TCP),Modbus TCP,458.0,1335,20,1335.0,20.0
TM221 <-> Micro820 (Modbus TCP),Modbus TCP,459.0,1335,20,1335.0,20.0
TM221 <-> Micro820 (Modbus TCP),Modbus TCP,460.0,1335,20,1335.0,20.0
TM221 <-> Micro820 (Modbus TCP),Modbus TCP,461.0,1335,20,1335.0,20.0
TM221 <-> Micro820 (Modbus TCP),Modbus TCP,462.0,1335,20,1335.0,20.0
TM221 <-> Micro820 (Modbus TCP),Modbus TCP,463.0,1335,20,1335.0,20.0
TM221 <-> Micro820 (Modbus TCP),Modbus TCP,464.0,1335,20,1335.0,20.0
TM221 <-> Micro820 (Modbus TCP),Modbus TCP,465.0,1335,20,1335.0,20.0
TM221 <-> Micro820 (Modbus TCP),Modbus TCP,466.0,1335,20,1335.0,20.0
TM221 <-> Micro820 (Modbus TCP),Modbus TCP,467.0,1335,20,1335.0,20.0
TM221 <-> Micro820 (Modbus TCP),Modbus TCP,468.0,1335,20,1335.0,20.0
TM221 <-> Micro820 (Modbus TCP),Modbus TCP,469.0,1335,20,1335.0,20.0
TM221 <-> Micro820 (Modbus TCP),Modbus TCP,470.0,1335,20,1335.0,20.0
TM221 <-> Micro820 (Modbus TCP),Modbus TCP,471.0,1335,20,1335.0,20.0
TM221 <-> Micro820 (Modbus TCP),Modbus TCP,472.0,1335,20,1335.0,20.0
TM221 <-> Micro820 (Modbus TCP),Modbus TCP,473.0,1335,20,1335.0,20.0
TM221 <-> Micro820 (Modbus TCP),Modbus TCP,474.0,1335,20,1335.0,20.0
TM221 <-> Micro820 (Modbus TCP),Modbus TCP,475.0,1335,20,1335.0,20.0
TM221 <-> Micro820 (Modbus TCP),Modbus TCP,476.0,1335,20,1335.0,20.0
TM221 <-> Micro820 (Modbus TCP),Modbus TCP,477.0,1335,20,1335.0,20.0
TM221 <-> Micro820 (Modbus TCP),Modbus TCP,478.0,1335,20,1335.0,20.0
TM221 <-> Micro820 (Modbus TCP),Modbus TCP,479.0,1335,20,1335.0,20.0
TM221 <-> Micro820 (Modbus TCP),Modbus TCP,480.0,1335,20,1335.0,20.0
TM221 <-> Micro820 (Modbus TCP),Modbus TCP,481.0,1335,20,1335.0,20.0
TM221 <-> Micro820 (Modbus TCP),Modbus TCP,482.0,1335,20,1335.0,20.0
TM221 <-> Micro820 (Modbus TCP),Modbus TCP,483.0,1335,20,1335.0,20.0
TM221 <-> Micro820 (Modbus TCP),Modbus TCP,484.0,1335,20,1335.0,20.0
TM221 <-> Micro820 (Modbus TCP),Modbus TCP,485.0,1335,20,1335.0,20.0
TM221 <-> Micro820 (Modbus TCP),Modbus TCP,486.0,1335,20,1335.0,20.0
TM221 <-> Micro820 (Modbus TCP),Modbus TCP,487.0,1335,20,1335.0,20.0
TM221 <-> Micro820 (Modbus TCP),Modbus TCP,488.0,1335,20,1335.0,20.0
TM221 <-> Micro820 (Modbus TCP),Modbus TCP,489.0,1335,20,1335.0,20.0
TM221 <-> Micro820 (Modbus TCP),Modbus TCP,490.0,1335,20,1335.0,20.0
TM221 <-> Micro820 (Modbus TCP),Modbus TCP,491.0,1335,20,1335.0,20.0
TM221 <-> Micro820 (Modbus TCP),Modbus TCP,492.0,1335,20,1335.0,20.0
TM221 <-> Micro820 (Modbus TCP),Modbus TCP,493.0,1335,20,1335.0,20.0
TM221 <-> Micro820 (Modbus TCP),Modbus TCP,494.0,1335,20,1335.0,20.0
TM221 <-> Micro820 (Modbus TCP),Modbus TCP,495.0,1335,20,1335.0,20.0
TM221 <-> Micro820 (Modbus TCP),Modbus TCP,496.0,1335,20,1335.0,20.0
TM221 <-> Micro820 (Modbus TCP),Modbus TCP,497.0,1335,20,1335.0,20.0
TM221 <-> Micro820 (Modbus TCP),Modbus TCP,498.0,1335,20,1335.0,20.0
TM221 <-> Micro820 (Modbus TCP),Modbus TCP,499.0,1335,20,1335.0,20.0
TM221 <-> Micro820 (Modbus TCP),Modbus TCP,500.0,1335,20,1335.0,20.0
TM221 <-> Micro820 (Modbus TCP),Modbus TCP,501.0,1335,20,1335.0,20.0
TM221 <-> Micro820 (Modbus TCP),Modbus TCP,502.0,1335,20,1335.0,20.0
TM221 <-> Micro820 (Modbus TCP),Modbus TCP,503.0,1335,20,1335.0,20.0
TM221 <-> Micro820 (Modbus TCP),Modbus TCP,504.0,1335,20,1335.0,20.0
TM221 <-> Micro820 (Modbus TCP),Modbus TCP,505.0,1335,20,1335.0,20.0
TM221 <-> Micro820 (Modbus TCP),Modbus TCP,506.0,1335,20,1335.0,20.0
TM221 <-> Micro820 (Modbus TCP),Modbus TCP,507.0,1335,20,1335.0,20.0
TM221 <-> Micro820 (Modbus TCP),Modbus TCP,508.0,1335,20,1335.0,20.0
TM221 <-> Micro820 (Modbus TCP),Modbus TCP,509.0,1335,20,1335.0,20.0
TM221 <-> Micro820 (Modbus TCP),Modbus TCP,510.0,1335,20,1335.0,20.0
TM221 <-> Micro820 (Modbus TCP),Modbus TCP,511.0,1335,20,1335.0,20.0
TM221 <-> Micro820 (Modbus TCP),Modbus TCP,512.0,1335,20,1335.0,20.0
TM221 <-> Micro820 (Modbus TCP),Modbus TCP,513.0,1335,20,1335.0,20.0
TM221 <-> Micro820 (Modbus TCP),Modbus TCP,514.0,1335,20,1335.0,20.0
TM221 <-> Micro820 (Modbus TCP),Modbus TCP,515.0,1335,20,1335.0,20.0
TM221 <-> Micro820 (Modbus TCP),Modbus TCP,516.0,1335,20,1335.0,20.0
TM221 <-> Micro820 (Modbus TCP),Modbus TCP,517.0,1335,20,1335.0,20.0
TM221 <-> Micro820 (Modbus TCP),Modbus TCP,518.0,1335,20,1335.0,20.0
TM221 <-> Micro820 (Modbus TCP),Modbus TCP,519.0,1335,20,1335.0,20.0
TM221 <-> Micro820 (Modbus TCP),Modbus TCP,520.0,1335,20,1335.0,20.0
TM221 <-> Micro820 (Modbus TCP),Modbus TCP,521.0,1335,20,1335.0,20.0
TM221 <-> Micro820 (Modbus TCP),Modbus TCP,522.0,1335,20,1335.0,20.0
TM221 <-> Micro820 (Modbus TCP),Modbus TCP,523.0,1335,20,1335.0,20.0
TM221 <-> Micro820 (Modbus TCP),Modbus TCP,524.0,1335,20,1335.0,20.0
TM221 <-> Micro820 (Modbus TCP),Modbus TCP,525.0,1335,20,1335.0,20.0
TM221 <-> Micro820 (Modbus TCP),Modbus TCP,526.0,1335,20,1335.0,20.0
TM221 <-> Micro820 (Modbus TCP),Modbus TCP,527.0,1335,20,1335.0,20.0
TM221 <-> Micro820 (Modbus TCP),Modbus TCP,528.0,1335,20,1335.0,20.0
TM221 <-> Micro820 (Modbus TCP),Modbus TCP,529.0,1335,20,1335.0,20.0
TM221 <-> Micro820 (Modbus TCP),Modbus TCP,530.0,1335,20,1335.0,20.0
TM221 <-> Micro820 (Modbus TCP),Modbus TCP,531.0,1335,20,1335.0,20.0
TM221 <-> Micro820 (Modbus TCP),Modbus TCP,532.0,1335,20,1335.0,20.0
TM221 <-> Micro820 (Modbus TCP),Modbus TCP,533.0,1335,20,1335.0,20.0
TM221 <-> Micro820 (Modbus TCP),Modbus TCP,534.0,1335,20,1335.0,20.0
TM221 <-> Micro820 (Modbus TCP),Modbus TCP,535.0,1335,20,1335.0,20.0
TM221 <-> Micro820 (Modbus TCP),Modbus TCP,536.0,1335,20,1335.0,20.0
TM221 <-> Micro820 (Modbus TCP),Modbus TCP,537.0,1335,20,1335.0,20.0
TM221 <-> Micro820 (Modbus TCP),Modbus TCP,538.0,1335,20,1335.0,20.0
TM221 <-> Micro820 (Modbus TCP),Modbus TCP,539.0,1335,20,1335.0,20.0
TM221 <-> Micro820 (Modbus TCP),Modbus TCP,540.0,1335,20,1335.0,20.0
TM221 <-> Micro820 (Modbus TCP),Modbus TCP,541.0,1335,20,1335.0,20.0
TM221 <-> Micro820 (Modbus TCP),Modbus TCP,542.0,1335,20,1335.0,20.0
TM221 <-> Micro820 (Modbus TCP),Modbus TCP,543.0,1335,20,1335.0,20.0
TM221 <-> Micro820 (Modbus TCP),Modbus TCP,544.0,1335,20,1335.0,20.0
TM221 <-> Micro820 (Modbus TCP),Modbus TCP,545.0,1335,20,1335.0,20.0
TM221 <-> Micro820 (Modbus TCP),Modbus TCP,546.0,1335,20,1335.0,20.0
TM221 <-> Micro820 (Modbus TCP),Modbus TCP,547.0,1335,20,1335.0,20.0
TM221 <-> Micro820 (Modbus TCP),Modbus TCP,548.0,1335,20,1335.0,20.0
TM221 <-> Micro820 (Modbus TCP),Modbus TCP,549.0,1335,20,1335.0,20.0
TM221 <-> Micro820 (Modbus TCP),Modbus TCP,550.0,1335,20,1335.0,20.0
TM221 <-> Micro820 (Modbus TCP),Modbus TCP,551.0,1335,20,1335.0,20.0
TM221 <-> Micro820 (Modbus TCP),Modbus TCP,552.0,1335,20,1335.0,20.0
TM221 <-> Micro820 (Modbus TCP),Modbus TCP,553.0,1335,20,1335.0,20.0
TM221 <-> Micro820 (Modbus TCP),Modbus TCP,554.0,1335,20,1335.0,20.0
TM221 <-> Micro820 (Modbus TCP),Modbus TCP,555.0,1335,20,1335.0,20.0
TM221 <-> Micro820 (Modbus TCP),Modbus TCP,556.0,1335,20,1335.0,20.0
TM221 <-> Micro820 (Modbus TCP),Modbus TCP,557.0,1335,20,1335.0,20.0
TM221 <-> Micro820 (Modbus TCP),Modbus TCP,558.0,1335,20,1335.0,20.0
TM221 <-> Micro820 (Modbus TCP),Modbus TCP,559.0,1335,20,1335.0,20.0
TM221 <-> Micro820 (Modbus TCP),Modbus TCP,560.0,1335,20,1335.0,20.0
TM221 <-> Micro820 (Modbus TCP),Modbus TCP,561.0,1335,20,1335.0,20.0
TM221 <-> Micro820 (Modbus TCP),Modbus TCP,562.0,1335,20,1335.0,20.0
TM221 <-> Micro820 (Modbus TCP),Modbus TCP,563.0,1335,20,1335.0,20.0
TM221 <-> Micro820 (Modbus TCP),Modbus TCP,564.0,1335,20,1335.0,20.0
TM221 <-> Micro820 (Modbus TCP),Modbus TCP,565.0,1335,20,1335.0,20.0
TM221 <-> Micro820 (Modbus TCP),Modbus TCP,566.0,1335,20,1335.0,20.0
TM221 <-> Micro820 (Modbus TCP),Modbus TCP,567.0,1335,20,1335.0,20.0
TM221 <-> Micro820 (Modbus TCP),Modbus TCP,568.0,1335,20,1335.0,20.0
TM221 <-> Micro820 (Modbus TCP),Modbus TCP,569.0,1335,20,1335.0,20.0
TM221 <-> Micro820 (Modbus TCP),Modbus TCP,570.0,1335,20,1335.0,20.0
TM221 <-> Micro820 (Modbus TCP),Modbus TCP,571.0,1335,20,1335.0,20.0
TM221 <-> Micro820 (Modbus TCP),Modbus TCP,572.0,1335,20,1335.0,20.0
TM221 <-> Micro820 (Modbus TCP),Modbus TCP,573.0,1335,20,1335.0,20.0
TM221 <-> Micro820 (Modbus TCP),Modbus TCP,574.0,1335,20,1335.0,20.0
TM221 <-> Micro820 (Modbus TCP),Modbus TCP,575.0,1335,20,1335.0,20.0
TM221 <-> Micro820 (Modbus TCP),Modbus TCP,576.0,1335,20,1335.0,20.0
TM221 <-> Micro820 (Modbus TCP),Modbus TCP,577.0,1335,20,1335.0,20.0
TM221 <-> Micro820 (Modbus TCP),Modbus TCP,578.0,1335,20,1335.0,20.0
TM221 <-> Micro820 (Modbus TCP),Modbus TCP,579.0,1335,20,1335.0,20.0
TM221 <-> Micro820 (Modbus TCP),Modbus TCP,580.0,1335,20,1335.0,20.0
TM221 <-> Micro820 (Modbus TCP),Modbus TCP,581.0,1335,20,1335.0,20.0
TM221 <-> Micro820 (Modbus TCP),Modbus TCP,582.0,1335,20,1335.0,20.0
TM221 <-> Micro820 (Modbus TCP),Modbus TCP,583.0,1335,20,1335.0,20.0
TM221 <-> Micro820 (Modbus TCP),Modbus TCP,584.0,1335,20,1335.0,20.0
TM221 <-> Micro820 (Modbus TCP),Modbus TCP,585.0,1335,20,1335.0,20.0
TM221 <-> Micro820 (Modbus TCP),Modbus TCP,586.0,1335,20,1335.0,20.0
TM221 <-> Micro820 (Modbus TCP),Modbus TCP,587.0,1335,20,1335.0,20.0
TM221 <-> Micro820 (Modbus TCP),Modbus TCP,588.0,1335,20,1335.0,20.0
TM221 <-> Micro820 (Modbus TCP),Modbus TCP,589.0,1335,20,1335.0,20.0
TM221 <-> Micro820 (Modbus TCP),Modbus TCP,590.0,1335,20,1335.0,20.0
TM221 <-> Micro820 (Modbus TCP),Modbus TCP,591.0,1335,20,1335.0,20.0
TM221 <-> Micro820 (Modbus TCP),Modbus TCP,592.0,1335,20,1335.0,20.0
TM221 <-> Micro820 (Modbus TCP),Modbus TCP,593.0,1335,20,1335.0,20.0
TM221 <-> Micro820 (Modbus TCP),Modbus TCP,594.0,1335,20,1335.0,20.0
TM221 <-> Micro820 (Modbus TCP),Modbus TCP,595.0,1335,20,1335.0,20.0
TM221 <-> Micro820 (Modbus TCP),Modbus TCP,596.0,1335,20,1335.0,20.0
TM221 <-> Micro820 (Modbus TCP),Modbus TCP,597.0,1335,20,1335.0,20.0
TM221 <-> Micro820 (Modbus TCP),Modbus TCP,598.0,1335,20,1335.0,20.0
TM221 <-> Micro820 (Modbus TCP),Modbus TCP,599.0,1335,20,1335.0,20.0
