device,path,sample,latency_ms
Siemens S7-1200,Direct,1,61.50999999954365
Siemens S7-1200,Direct,2,60.132300000987016
Siemens S7-1200,Direct,3,60.56340000941418
Siemens S7-1200,Direct,4,53.444600009243004
Siemens S7-1200,Direct,5,64.94589999783784
Siemens S7-1200,Direct,6,58.2525999925565
Siemens S7-1200,Direct,7,66.61100000201259
Siemens S7-1200,Direct,8,130.13560000399593
Siemens S7-1200,Direct,9,90.86979999847244
Siemens S7-1200,Direct,10,65.0212000036845
Siemens S7-1200,Direct,11,60.09670000639744
Siemens S7-1200,Direct,12,68.121100004646
Siemens S7-1200,Direct,13,69.75929999316577
Siemens S7-1200,Direct,14,78.41319999715779
Siemens S7-1200,Direct,15,85.61259999987669
Siemens S7-1200,Direct,16,57.091299997409806
Siemens S7-1200,Direct,17,60.29760000819806
Siemens S7-1200,Direct,18,65.01210000715218
Siemens S7-1200,Direct,19,59.75649999163579
Siemens S7-1200,Direct,20,57.2902999992948
Siemens S7-1200,Direct,21,59.553700004471466
Siemens S7-1200,Direct,22,60.062100004870445
Siemens S7-1200,Direct,23,82.97119999770075
Siemens S7-1200,Direct,24,121.97939999168739
Siemens S7-1200,Direct,25,89.41809998941608
Siemens S7-1200,Direct,26,61.7082999960985
Siemens S7-1200,Direct,27,61.949399998411536
Siemens S7-1200,Direct,28,69.97309999132995
Siemens S7-1200,Direct,29,59.84080000780523
Siemens S7-1200,Direct,30,104.97190000023693
Siemens S7-1200,Direct,31,62.38619999203365
Siemens S7-1200,Direct,32,57.178699993528426
Siemens S7-1200,Direct,33,64.65559999924153
Siemens S7-1200,Direct,34,56.98100000154227
Siemens S7-1200,Direct,35,55.1469000056386
Siemens S7-1200,Direct,36,64.83509999816306
Siemens S7-1200,Direct,37,57.157499992172234
Siemens S7-1200,Direct,38,64.94180001027416
Siemens S7-1200,Direct,39,111.9161999959033
Siemens S7-1200,Direct,40,109.01359999843407
Siemens S7-1200,Direct,41,72.98480000463314
Siemens S7-1200,Direct,42,59.01589999848511
Siemens S7-1200,Direct,43,63.04500000260305
Siemens S7-1200,Direct,44,64.97310000122525
Siemens S7-1200,Direct,45,77.9610000026878
Siemens S7-1200,Direct,46,88.9453000127105
Siemens S7-1200,Direct,47,65.02330000512302
Siemens S7-1200,Direct,48,58.98610000440385
Siemens S7-1200,Direct,49,65.12640000437386
Siemens S7-1200,Direct,50,62.932100001489744
Siemens S7-1200,Direct,51,57.03209999774117
Siemens S7-1200,Direct,52,54.997900006128475
Siemens S7-1200,Direct,53,65.3984000091441
Siemens S7-1200,Direct,54,92.72820000478532
Siemens S7-1200,Direct,55,114.87980000674725
Siemens S7-1200,Direct,56,93.56340000522323
Siemens S7-1200,Direct,57,59.491399995749816
Siemens S7-1200,Direct,58,52.04559999401681
Siemens S7-1200,Direct,59,64.92640000942629
Siemens S7-1200,Direct,60,67.89810000918806
Siemens S7-1200,Direct,61,106.51250000228174
Siemens S7-1200,Direct,62,64.60920000972692
Siemens S7-1200,Direct,63,55.18929999379907
Siemens S7-1200,Direct,64,58.85719999787398
Siemens S7-1200,Direct,65,57.955299998866394
Siemens S7-1200,Direct,66,64.83730000036303
Siemens S7-1200,Direct,67,68.18599998950958
Siemens S7-1200,Direct,68,65.0383000029251
Siemens S7-1200,Direct,69,83.1971000006888
Siemens S7-1200,Direct,70,106.7831000109436
Siemens S7-1200,Direct,71,95.99129999696743
Siemens S7-1200,Direct,72,60.070199993788265
Siemens S7-1200,Direct,73,64.93759999284521
Siemens S7-1200,Direct,74,56.99759999697562
Siemens S7-1200,Direct,75,55.37729999923613
Siemens S7-1200,Direct,76,87.6126000075601
Siemens S7-1200,Direct,77,89.0779999899678
Siemens S7-1200,Direct,78,62.10709999140818
Siemens S7-1200,Direct,79,54.800300000351854
Siemens S7-1200,Direct,80,65.51449999096803
Siemens S7-1200,Direct,81,69.58619999932125
Siemens S7-1200,Direct,82,62.114100001053885
Siemens S7-1200,Direct,83,64.81349999376107
Siemens S7-1200,Direct,84,60.09659999108408
Siemens S7-1200,Direct,85,102.34399999899324
Siemens S7-1200,Direct,86,87.61380000214558
Siemens S7-1200,Direct,87,89.14769999682903
Siemens S7-1200,Direct,88,61.83210000745021
Siemens S7-1200,Direct,89,65.15260000014678
Siemens S7-1200,Direct,90,54.81439999130089
Siemens S7-1200,Direct,91,64.90099999064114
Siemens S7-1200,Direct,92,112.33599999104626
Siemens S7-1200,Direct,93,54.301500000292435
Siemens S7-1200,Direct,94,64.45479999820236
Siemens S7-1200,Direct,95,68.0582999921171
Siemens S7-1200,Direct,96,69.83140000374988
Siemens S7-1200,Direct,97,63.1885000038892
Siemens S7-1200,Direct,98,56.96869999519549
Siemens S7-1200,Direct,99,54.30940000223927
Siemens S7-1200,Direct,100,65.76820000191219
Siemens S7-1200,Direct,101,106.33130000496749
Siemens S7-1200,Direct,102,105.6935000087833
Siemens S7-1200,Direct,103,71.14110000838991
Siemens S7-1200,Direct,104,51.79320000752341
Siemens S7-1200,Direct,105,65.47990000399295
Siemens S7-1200,Direct,106,56.42439999792259
Siemens S7-1200,Direct,107,115.50099999294616
Siemens S7-1200,Direct,108,61.610300006577745
Siemens S7-1200,Direct,109,70.00500000140164
Siemens S7-1200,Direct,110,62.8662999952212
Siemens S7-1200,Direct,111,62.13429999479558
Siemens S7-1200,Direct,112,60.38190000981558
Siemens S7-1200,Direct,113,59.73730000550859
Siemens S7-1200,Direct,114,65.02480000199284
Siemens S7-1200,Direct,115,61.75660000008065
Siemens S7-1200,Direct,116,84.48659999703523
Siemens S7-1200,Direct,117,110.65619999135379
Siemens S7-1200,Direct,118,88.94089999375865
Siemens S7-1200,Direct,119,57.16579999716487
Siemens S7-1200,Direct,120,56.752799995592795
Siemens S7-1200,Direct,121,65.46149999485351
Siemens S7-1200,Direct,122,111.86020000604913
Siemens S7-1200,Direct,123,64.90199999825563
Siemens S7-1200,Direct,124,62.290300003951415
Siemens S7-1200,Direct,125,59.62770000041928
Siemens S7-1200,Direct,126,65.21909999719355
Siemens S7-1200,Direct,127,56.7600000067614
Siemens S7-1200,Direct,128,64.98490000376478
Siemens S7-1200,Direct,129,58.157999999821186
Siemens S7-1200,Direct,130,64.90320000739302
Siemens S7-1200,Direct,131,78.02850000734907
Siemens S7-1200,Direct,132,98.98209999664687
Siemens S7-1200,Direct,133,106.04440000315662
Siemens S7-1200,Direct,134,65.94409998797346
Siemens S7-1200,Direct,135,67.05009999859612
Siemens S7-1200,Direct,136,62.12210000376217
Siemens S7-1200,Direct,137,111.81079999369103
Siemens S7-1200,Direct,138,70.15269999101292
Siemens S7-1200,Direct,139,57.122700003674254
Siemens S7-1200,Direct,140,54.775500000687316
Siemens S7-1200,Direct,141,62.04210000578314
Siemens S7-1200,Direct,142,62.801599997328594
Siemens S7-1200,Direct,143,55.238000000827014
Siemens S7-1200,Direct,144,64.89999999757856
Siemens S7-1200,Direct,145,59.103999999933876
Siemens S7-1200,Direct,146,55.08199999167118
Siemens S7-1200,Direct,147,87.88890000141691
Siemens S7-1200,Direct,148,108.98180000367574
Siemens S7-1200,Direct,149,86.04629999899771
Siemens S7-1200,Direct,150,72.93580000987276
Siemens S7-1200,Direct,151,60.18739999854006
Siemens S7-1200,Direct,152,86.1972999991849
Siemens S7-1200,Direct,153,95.44540000206325
Siemens S7-1200,Direct,154,63.56629999936558
Siemens S7-1200,Direct,155,58.79179999465123
Siemens S7-1200,Direct,156,57.939500009524636
Siemens S7-1200,Direct,157,67.22569999692496
Siemens S7-1200,Direct,158,54.52580000564922
Siemens S7-1200,Direct,159,65.31550000363495
Siemens S7-1200,Direct,160,56.846899999072775
Siemens S7-1200,Direct,161,56.90939999476541
Siemens S7-1200,Direct,162,68.06910000159405
Siemens S7-1200,Direct,163,103.22469999664463
Siemens S7-1200,Direct,164,112.27480000525247
Siemens S7-1200,Direct,165,70.56680000096094
Siemens S7-1200,Direct,166,61.99749998631887
Siemens S7-1200,Direct,167,70.22490000235848
Siemens S7-1200,Direct,168,108.82870000205003
Siemens S7-1200,Direct,169,67.96580000082031
Siemens S7-1200,Direct,170,52.44210000091698
Siemens S7-1200,Direct,171,64.62699999974575
Siemens S7-1200,Direct,172,62.259400001494214
Siemens S7-1200,Direct,173,59.646599998814054
Siemens S7-1200,Direct,174,56.95450000348501
Siemens S7-1200,Direct,175,55.18080000183545
Siemens S7-1200,Direct,176,62.22339998930693
Siemens S7-1200,Direct,177,55.077900004107505
Siemens S7-1200,Direct,178,85.54810000350699
Siemens S7-1200,Direct,179,119.4344999967143
Siemens S7-1200,Direct,180,90.98049999738578
Siemens S7-1200,Direct,181,69.57079999847338
Siemens S7-1200,Direct,182,63.29879999975674
Siemens S7-1200,Direct,183,82.94270001351833
Siemens S7-1200,Direct,184,87.75180000520777
Siemens S7-1200,Direct,185,63.228800005163066
Siemens S7-1200,Direct,186,56.84419999306556
Siemens S7-1200,Direct,187,60.3765999985626
Siemens S7-1200,Direct,188,61.665900007938035
Siemens S7-1200,Direct,189,55.13809999683872
Siemens S7-1200,Direct,190,64.9719999928493
Siemens S7-1200,Direct,191,56.93040000915062
Siemens S7-1200,Direct,192,64.99220000114292
Siemens S7-1200,Direct,193,64.94769999699201
Siemens S7-1200,Direct,194,104.18310000386555
Siemens S7-1200,Direct,195,108.83800000010524
Siemens S7-1200,Direct,196,70.14229999913368
Siemens S7-1200,Direct,197,52.736099998583086
Siemens S7-1200,Direct,198,65.19809999736026
Siemens S7-1200,Direct,199,105.89229999459349
Siemens S7-1200,Direct,200,59.98750000435393
Siemens S7-1200,Direct,201,65.10330000310205
Siemens S7-1200,Direct,202,57.899599996744655
Siemens S7-1200,Direct,203,60.115500004030764
Siemens S7-1200,Direct,204,61.94879999384284
Siemens S7-1200,Direct,205,56.96590000297874
Siemens S7-1200,Direct,206,65.3945000085514
Siemens S7-1200,Direct,207,62.75140000798274
Siemens S7-1200,Direct,208,63.94209999416489
Siemens S7-1200,Direct,209,93.9961999974912
Siemens S7-1200,Direct,210,114.62910000409465
Siemens S7-1200,Direct,211,80.38450000458397
Siemens S7-1200,Direct,212,63.31310000678059
Siemens S7-1200,Direct,213,57.03609999909531
Siemens S7-1200,Direct,214,58.58289999014232
Siemens S7-1200,Direct,215,113.09430000255816
Siemens S7-1200,Direct,216,58.91570000676438
Siemens S7-1200,Direct,217,60.05559999903198
Siemens S7-1200,Direct,218,58.043900004122406
Siemens S7-1200,Direct,219,59.084000007715076
Siemens S7-1200,Direct,220,70.02169999759644
Siemens S7-1200,Direct,221,62.89000000106171
Siemens S7-1200,Direct,222,64.51699999161065
Siemens S7-1200,Direct,223,70.49040000129025
Siemens S7-1200,Direct,224,61.96980000822805
Siemens S7-1200,Direct,225,99.03080000367481
Siemens S7-1200,Direct,226,99.32100000150967
Siemens S7-1200,Direct,227,90.64270000089891
Siemens S7-1200,Direct,228,83.41619999555405
Siemens S7-1200,Direct,229,69.93990000046324
Siemens S7-1200,Direct,230,106.57439999340568
Siemens S7-1200,Direct,231,60.052400003769435
Siemens S7-1200,Direct,232,65.08410000242293
Siemens S7-1200,Direct,233,62.007300002733245
Siemens S7-1200,Direct,234,62.8772000054596
Siemens S7-1200,Direct,235,65.30880001082551
Siemens S7-1200,Direct,236,58.753899997100234
Siemens S7-1200,Direct,237,62.92929999472108
Siemens S7-1200,Direct,238,60.02970000554342
Siemens S7-1200,Direct,239,88.38149999792222
Siemens S7-1200,Direct,240,106.74010000366252
Siemens S7-1200,Direct,241,95.92760000668932
Siemens S7-1200,Direct,242,58.25109999568667
Siemens S7-1200,Direct,243,59.75629999011289
Siemens S7-1200,Direct,244,56.97779999172781
Siemens S7-1200,Direct,245,80.2073999948334
Siemens S7-1200,Direct,246,93.83700000762474
Siemens S7-1200,Direct,247,62.20390000089537
Siemens S7-1200,Direct,248,59.61830000160262
Siemens S7-1200,Direct,249,60.54259999655187
Siemens S7-1200,Direct,250,64.58830001065508
Siemens S7-1200,Direct,251,62.05290000070818
Siemens S7-1200,Direct,252,62.99859999853652
Siemens S7-1200,Direct,253,57.03539999376517
Siemens S7-1200,Direct,254,56.98839999968186
Siemens S7-1200,Direct,255,112.0297000015853
Siemens S7-1200,Direct,256,85.97620000364259
Siemens S7-1200,Direct,257,91.39960000175051
Siemens S7-1200,Direct,258,51.51450000994373
Siemens S7-1200,Direct,259,65.45120000373572
Siemens S7-1200,Direct,260,59.66600000101607
Siemens S7-1200,Direct,261,121.97559999185614
Siemens S7-1200,Direct,262,67.07520000054501
Siemens S7-1200,Direct,263,63.32190000102855
Siemens S7-1200,Direct,264,64.59090000134893
Siemens S7-1200,Direct,265,64.99349999648985
Siemens S7-1200,Direct,266,56.84579999069683
Siemens S7-1200,Direct,267,63.178700002026744
Siemens S7-1200,Direct,268,56.90640000102576
Siemens S7-1200,Direct,269,59.95729999267496
Siemens S7-1200,Direct,270,107.05469999811612
Siemens S7-1200,Direct,271,88.2147999946028
Siemens S7-1200,Direct,272,87.86359999794513
Siemens S7-1200,Direct,273,60.08339999243617
Siemens S7-1200,Direct,274,64.8971999908099
Siemens S7-1200,Direct,275,62.917899995227344
Siemens S7-1200,Direct,276,109.01620000367984
Siemens S7-1200,Direct,277,70.16589998966083
Siemens S7-1200,Direct,278,64.89880000299308
Siemens S7-1200,Direct,279,58.00940000335686
Siemens S7-1200,Direct,280,67.06290000875015
Siemens S7-1200,Direct,281,56.79390000295825
Siemens S7-1200,Direct,282,63.122300009126775
Siemens S7-1200,Direct,283,64.89220001094509
Siemens S7-1200,Direct,284,52.213300004950725
Siemens S7-1200,Direct,285,117.3729000001913
Siemens S7-1200,Direct,286,85.64820000901818
Siemens S7-1200,Direct,287,92.98469999339432
Siemens S7-1200,Direct,288,65.03339999471791
Siemens S7-1200,Direct,289,65.09499999810942
Siemens S7-1200,Direct,290,69.7234999970533
Siemens S7-1200,Direct,291,112.16659999627154
Siemens S7-1200,Direct,292,64.95880000875331
Siemens S7-1200,Direct,293,59.964800006127916
Siemens S7-1200,Direct,294,56.886800011852756
Siemens S7-1200,Direct,295,60.37520000245422
Siemens S7-1200,Direct,296,63.06719999702182
Siemens S7-1200,Direct,297,54.001399999833666
Siemens S7-1200,Direct,298,59.77579999307636
Siemens S7-1200,Direct,299,65.05550000292715
Siemens S7-1200,Direct,300,82.9193999961717
Siemens S7-1200,Direct,301,116.87850000453182
Siemens S7-1200,Direct,302,91.2436000071466
Siemens S7-1200,Direct,303,65.51230000331998
Siemens S7-1200,Direct,304,56.395700012217276
Siemens S7-1200,Direct,305,62.9451999993762
Siemens S7-1200,Direct,306,111.9961000076728
Siemens S7-1200,Direct,307,64.96760000300128
Siemens S7-1200,Direct,308,61.93100000382401
Siemens S7-1200,Direct,309,55.042399995727465
Siemens S7-1200,Direct,310,57.08009999943897
Siemens S7-1200,Direct,311,60.135299994726665
Siemens S7-1200,Direct,312,60.33220000972506
Siemens S7-1200,Direct,313,61.983799998415634
Siemens S7-1200,Direct,314,59.6162000001641
Siemens S7-1200,Direct,315,68.09139999677427
Siemens S7-1200,Direct,316,100.94060000847094
Siemens S7-1200,Direct,317,107.06500000378583
Siemens S7-1200,Direct,318,66.89970000297762
Siemens S7-1200,Direct,319,59.790900006191805
Siemens S7-1200,Direct,320,65.00809999124613
Siemens S7-1200,Direct,321,94.26169999642298
Siemens S7-1200,Direct,322,75.21899999119341
Siemens S7-1200,Direct,323,67.84799999149982
Siemens S7-1200,Direct,324,62.07580000045709
Siemens S7-1200,Direct,325,59.83509999350645
Siemens S7-1200,Direct,326,55.60439999680966
Siemens S7-1200,Direct,327,58.466499991482124
Siemens S7-1200,Direct,328,60.011499997926876
Siemens S7-1200,Direct,329,65.57039999461267
Siemens S7-1200,Direct,330,62.523499989765696
Siemens S7-1200,Direct,331,85.2011999959359
Siemens S7-1200,Direct,332,117.69149999599904
Siemens S7-1200,Direct,333,92.94110001064837
Siemens S7-1200,Direct,334,60.03500000224449
Siemens S7-1200,Direct,335,70.05300000309944
Siemens S7-1200,Direct,336,60.00300000596326
Siemens S7-1200,Direct,337,106.01080000924412
Siemens S7-1200,Direct,338,64.91279999318067
Siemens S7-1200,Direct,339,58.063999997102655
Siemens S7-1200,Direct,340,67.93130000005476
Siemens S7-1200,Direct,341,56.977899992489256
Siemens S7-1200,Direct,342,54.00639999425039
Siemens S7-1200,Direct,343,63.11819999245927
Siemens S7-1200,Direct,344,60.005099992849864
Siemens S7-1200,Direct,345,56.90640000102576
Siemens S7-1200,Direct,346,62.25189998804126
Siemens S7-1200,Direct,347,111.86330000055023
Siemens S7-1200,Direct,348,111.9025999942096
Siemens S7-1200,Direct,349,64.99129999428988
Siemens S7-1200,Direct,350,67.99660000251606
Siemens S7-1200,Direct,351,52.070999998250045
Siemens S7-1200,Direct,352,90.96689999569207
Siemens S7-1200,Direct,353,88.71630000066943
Siemens S7-1200,Direct,354,62.39310000091791
Siemens S7-1200,Direct,355,59.26150000595953
Siemens S7-1200,Direct,356,57.734500005608425
Siemens S7-1200,Direct,357,59.92800000240095
Siemens S7-1200,Direct,358,59.52469998737797
Siemens S7-1200,Direct,359,64.49219999194611
Siemens S7-1200,Direct,360,63.06770000082906
Siemens S7-1200,Direct,361,70.2850999950897
Siemens S7-1200,Direct,362,91.02539999003056
Siemens S7-1200,Direct,363,116.74219999986235
Siemens S7-1200,Direct,364,78.24230000551324
Siemens S7-1200,Direct,365,60.02380000427365
Siemens S7-1200,Direct,366,62.76669999351725
Siemens S7-1200,Direct,367,61.81460000516381
Siemens S7-1200,Direct,368,107.01050001080148
Siemens S7-1200,Direct,369,65.02900000486989
Siemens S7-1200,Direct,370,60.446600007708184
Siemens S7-1200,Direct,371,61.612700010300614
Siemens S7-1200,Direct,372,65.0372999953106
Siemens S7-1200,Direct,373,65.29389999923296
Siemens S7-1200,Direct,374,62.63580000086222
Siemens S7-1200,Direct,375,62.374700006330386
Siemens S7-1200,Direct,376,65.14380000589881
Siemens S7-1200,Direct,377,88.45330000622198
Siemens S7-1200,Direct,378,83.41540000401437
Siemens S7-1200,Direct,379,103.65810000803322
Siemens S7-1200,Direct,380,65.34990000363905
Siemens S7-1200,Direct,381,53.84540000522975
Siemens S7-1200,Direct,382,67.77870000223629
Siemens S7-1200,Direct,383,83.02530000219122
Siemens S7-1200,Direct,384,88.99060000840109
Siemens S7-1200,Direct,385,59.999000004609115
Siemens S7-1200,Direct,386,62.36019999778364
Siemens S7-1200,Direct,387,59.89789999148343
Siemens S7-1200,Direct,388,64.79460000991821
Siemens S7-1200,Direct,389,65.32140000490472
Siemens S7-1200,Direct,390,68.04589999956079
Siemens S7-1200,Direct,391,56.554099995992146
Siemens S7-1200,Direct,392,56.93410000822041
Siemens S7-1200,Direct,393,86.167800007388
Siemens S7-1200,Direct,394,107.16050000337418
Siemens S7-1200,Direct,395,88.02989999821875
Siemens S7-1200,Direct,396,64.71540000347886
Siemens S7-1200,Direct,397,60.41930000355933
Siemens S7-1200,Direct,398,64.61869999475311
Siemens S7-1200,Direct,399,104.39710000355262
Siemens S7-1200,Direct,400,65.00139999843668
Siemens S7-1200,Direct,401,69.69280001067091
Siemens S7-1200,Direct,402,58.02340000809636
Siemens S7-1200,Direct,403,63.92460000643041
Siemens S7-1200,Direct,404,60.44580000161659
Siemens S7-1200,Direct,405,62.52940000558738
Siemens S7-1200,Direct,406,62.334200003533624
Siemens S7-1200,Direct,407,54.772900009993464
Siemens S7-1200,Direct,408,62.11020000046119
Siemens S7-1200,Direct,409,98.97409999393858
Siemens S7-1200,Direct,410,111.8170999980066
Siemens S7-1200,Direct,411,65.40259999746922
Siemens S7-1200,Direct,412,59.9989999900572
Siemens S7-1200,Direct,413,56.65109999245033
Siemens S7-1200,Direct,414,83.02679999906104
Siemens S7-1200,Direct,415,97.38809999544173
Siemens S7-1200,Direct,416,69.56709999940358
Siemens S7-1200,Direct,417,65.01429999480024
Siemens S7-1200,Direct,418,62.06699999165721
Siemens S7-1200,Direct,419,62.87799999699928
Siemens S7-1200,Direct,420,57.38430000201333
Siemens S7-1200,Direct,421,64.87489999562968
Siemens S7-1200,Direct,422,51.6390999982832
Siemens S7-1200,Direct,423,59.03430000762455
Siemens S7-1200,Direct,424,87.52139999705832
Siemens S7-1200,Direct,425,115.57280000124592
Siemens S7-1200,Direct,426,89.65789999638218
Siemens S7-1200,Direct,427,56.433599995216355
Siemens S7-1200,Direct,428,64.93749999208376
Siemens S7-1200,Direct,429,60.30689999170136
Siemens S7-1200,Direct,430,112.18869998992886
Siemens S7-1200,Direct,431,64.60399999923538
Siemens S7-1200,Direct,432,69.87170000502374
Siemens S7-1200,Direct,433,62.02180001127999
Siemens S7-1200,Direct,434,60.27200000244193
Siemens S7-1200,Direct,435,57.173799999873154
Siemens S7-1200,Direct,436,51.69579999346752
Siemens S7-1200,Direct,437,64.95739999809302
Siemens S7-1200,Direct,438,57.01120001322124
Siemens S7-1200,Direct,439,60.05600000207778
Siemens S7-1200,Direct,440,106.83229999267496
Siemens S7-1200,Direct,441,107.30799999146257
Siemens S7-1200,Direct,442,72.91429999168031
Siemens S7-1200,Direct,443,58.93909999576863
Siemens S7-1200,Direct,444,65.02350000664592
Siemens S7-1200,Direct,445,88.87289999984205
Siemens S7-1200,Direct,446,88.00560000236146
Siemens S7-1200,Direct,447,63.09329999203328
Siemens S7-1200,Direct,448,64.92299999808893
Siemens S7-1200,Direct,449,65.06259999878239
Siemens S7-1200,Direct,450,60.05550001282245
Siemens S7-1200,Direct,451,55.32119999406859
Siemens S7-1200,Direct,452,53.60630000359379
Siemens S7-1200,Direct,453,68.02089999837335
Siemens S7-1200,Direct,454,58.93790000118315
Siemens S7-1200,Direct,455,89.42899999965448
Siemens S7-1200,Direct,456,108.58810000354424
Siemens S7-1200,Direct,457,94.11180000461172
Siemens S7-1200,Direct,458,59.77649999840651
Siemens S7-1200,Direct,459,64.12779999664053
Siemens S7-1200,Direct,460,70.86360000539571
Siemens S7-1200,Direct,461,104.5665999990888
Siemens S7-1200,Direct,462,59.978299992508255
Siemens S7-1200,Direct,463,61.673200005316176
Siemens S7-1200,Direct,464,57.34660000598524
Siemens S7-1200,Direct,465,67.67050000780728
Siemens S7-1200,Direct,466,54.7495000064373
Siemens S7-1200,Direct,467,62.24750001274515
Siemens S7-1200,Direct,468,53.89629999990575
Siemens S7-1200,Direct,469,63.04859998635948
Siemens S7-1200,Direct,470,62.02879999182187
Siemens S7-1200,Direct,471,114.98319999373052
Siemens S7-1200,Direct,472,109.06930000055581
Siemens S7-1200,Direct,473,71.0452999919653
Siemens S7-1200,Direct,474,60.285699990345165
Siemens S7-1200,Direct,475,63.632099991082214
Siemens S7-1200,Direct,476,89.07170000020415
Siemens S7-1200,Direct,477,79.94229999894742
Siemens S7-1200,Direct,478,58.05789999430999
Siemens S7-1200,Direct,479,64.93130000308156
Siemens S7-1200,Direct,480,59.00670000119135
Siemens S7-1200,Direct,481,54.98049999005161
Siemens S7-1200,Direct,482,60.03910000436008
Siemens S7-1200,Direct,483,62.900599994463846
Siemens S7-1200,Direct,484,56.93310000060592
Siemens S7-1200,Direct,485,65.16579999879468
Siemens S7-1200,Direct,486,96.03149999747984
Siemens S7-1200,Direct,487,102.33560000779107
Siemens S7-1200,Direct,488,89.96009999827947
Siemens S7-1200,Direct,489,62.68560000171419
Siemens S7-1200,Direct,490,62.070500003756024
Siemens S7-1200,Direct,491,64.85530000645667
Siemens S7-1200,Direct,492,112.49500000849366
Siemens S7-1200,Direct,493,59.61039999965578
Siemens S7-1200,Direct,494,59.999100005370565
Siemens S7-1200,Direct,495,64.92810000781901
Siemens S7-1200,Direct,496,57.047800000873394
Siemens S7-1200,Direct,497,60.200699997949414
Siemens S7-1200,Direct,498,57.175900001311675
Siemens S7-1200,Direct,499,59.706500003812835
Siemens S7-1200,Direct,500,65.40759999188595
Siemens S7-1200,Middleware,1,68.33629999891855
Siemens S7-1200,Middleware,2,105.86070000135805
Siemens S7-1200,Middleware,3,65.0747999898158
Siemens S7-1200,Middleware,4,67.12900000275113
Siemens S7-1200,Middleware,5,130.7072000054177
Siemens S7-1200,Middleware,6,95.20160000829492
Siemens S7-1200,Middleware,7,60.616999995545484
Siemens S7-1200,Middleware,8,125.739800001611
Siemens S7-1200,Middleware,9,63.63069999497384
Siemens S7-1200,Middleware,10,63.803699988056906
Siemens S7-1200,Middleware,11,54.194800002733245
Siemens S7-1200,Middleware,12,63.32190000102855
Siemens S7-1200,Middleware,13,67.18759999785107
Siemens S7-1200,Middleware,14,67.20009999116883
Siemens S7-1200,Middleware,15,64.7568999993382
Siemens S7-1200,Middleware,16,105.45609999098815
Siemens S7-1200,Middleware,17,74.88669999293052
Siemens S7-1200,Middleware,18,64.25630000012461
Siemens S7-1200,Middleware,19,138.77450001018587
Siemens S7-1200,Middleware,20,97.87769999820739
Siemens S7-1200,Middleware,21,68.90369999746326
Siemens S7-1200,Middleware,22,103.08800000348128
Siemens S7-1200,Middleware,23,64.2260000022361
Siemens S7-1200,Middleware,24,65.7791000121506
Siemens S7-1200,Middleware,25,63.91710000752937
Siemens S7-1200,Middleware,26,58.30180000339169
Siemens S7-1200,Middleware,27,62.66779999714345
Siemens S7-1200,Middleware,28,59.42430000868626
Siemens S7-1200,Middleware,29,64.1481000056956
Siemens S7-1200,Middleware,30,103.41670000343584
Siemens S7-1200,Middleware,31,58.363999996799976
Siemens S7-1200,Middleware,32,62.284399988129735
Siemens S7-1200,Middleware,33,126.47509999806061
Siemens S7-1200,Middleware,34,114.92549999093171
Siemens S7-1200,Middleware,35,75.18299999355804
Siemens S7-1200,Middleware,36,108.80449999240227
Siemens S7-1200,Middleware,37,64.32249999488704
Siemens S7-1200,Middleware,38,65.07979999878444
Siemens S7-1200,Middleware,39,56.03430001065135
Siemens S7-1200,Middleware,40,65.95090001064818
Siemens S7-1200,Middleware,41,67.44709999475162
Siemens S7-1200,Middleware,42,69.83670000045095
Siemens S7-1200,Middleware,43,64.2604000022402
Siemens S7-1200,Middleware,44,88.38260000629816
Siemens S7-1200,Middleware,45,61.110399998142384
Siemens S7-1200,Middleware,46,78.4540000022389
Siemens S7-1200,Middleware,47,123.32670000614598
Siemens S7-1200,Middleware,48,110.2324000094086
Siemens S7-1200,Middleware,49,67.87600000097882
Siemens S7-1200,Middleware,50,101.61269998934586
Siemens S7-1200,Middleware,51,69.5047000044724
Siemens S7-1200,Middleware,52,63.39589999697637
Siemens S7-1200,Middleware,53,63.2290999928955
Siemens S7-1200,Middleware,54,66.97359999816399
Siemens S7-1200,Middleware,55,60.93420000979677
Siemens S7-1200,Middleware,56,62.65799999528099
Siemens S7-1200,Middleware,57,62.828299996908754
Siemens S7-1200,Middleware,58,95.37129999080207
Siemens S7-1200,Middleware,59,63.40869999257848
Siemens S7-1200,Middleware,60,70.37960000161547
Siemens S7-1200,Middleware,61,81.60819999466185
Siemens S7-1200,Middleware,62,117.9746999987401
Siemens S7-1200,Middleware,63,92.56790000654291
Siemens S7-1200,Middleware,64,63.07750000269152
Siemens S7-1200,Middleware,65,101.44869999203365
Siemens S7-1200,Middleware,66,62.16180000046734
Siemens S7-1200,Middleware,67,62.919999996665865
Siemens S7-1200,Middleware,68,60.91059999016579
Siemens S7-1200,Middleware,69,71.4016999991145
Siemens S7-1200,Middleware,70,62.30969999160152
Siemens S7-1200,Middleware,71,62.47900000016671
Siemens S7-1200,Middleware,72,113.04010001185816
Siemens S7-1200,Middleware,73,69.14099999994505
Siemens S7-1200,Middleware,74,54.48999999498483
Siemens S7-1200,Middleware,75,70.20499999634922
Siemens S7-1200,Middleware,76,111.604299992905
Siemens S7-1200,Middleware,77,98.08770001109224
Siemens S7-1200,Middleware,78,68.2991000066977
Siemens S7-1200,Middleware,79,71.20950000535231
Siemens S7-1200,Middleware,80,64.50860000040848
Siemens S7-1200,Middleware,81,62.22839999827556
Siemens S7-1200,Middleware,82,60.081300005549565
Siemens S7-1200,Middleware,83,67.69349999376573
Siemens S7-1200,Middleware,84,63.08440001157578
Siemens S7-1200,Middleware,85,72.26980000268668
Siemens S7-1200,Middleware,86,67.63489999866579
Siemens S7-1200,Middleware,87,89.41840000625234
Siemens S7-1200,Middleware,88,67.89440001011826
Siemens S7-1200,Middleware,89,57.89609999919776
Siemens S7-1200,Middleware,90,68.46120000409428
Siemens S7-1200,Middleware,91,119.28079999051988
Siemens S7-1200,Middleware,92,103.63589999906253
Siemens S7-1200,Middleware,93,72.06690000020899
Siemens S7-1200,Middleware,94,104.82039999624249
Siemens S7-1200,Middleware,95,59.767300001112744
Siemens S7-1200,Middleware,96,68.05110001005232
Siemens S7-1200,Middleware,97,68.04830000328366
Siemens S7-1200,Middleware,98,76.38990000123158
Siemens S7-1200,Middleware,99,68.54649999877438
Siemens S7-1200,Middleware,100,61.158500000601634
Siemens S7-1200,Middleware,101,95.56709999742452
Siemens S7-1200,Middleware,102,70.46810000611003
Siemens S7-1200,Middleware,103,55.18830000073649
Siemens S7-1200,Middleware,104,76.38099999167025
Siemens S7-1200,Middleware,105,104.9048999993829
Siemens S7-1200,Middleware,106,113.14999999012798
Siemens S7-1200,Middleware,107,68.06089999736287
Siemens S7-1200,Middleware,108,108.1586999935098
Siemens S7-1200,Middleware,109,66.33470000815578
Siemens S7-1200,Middleware,110,63.977099998737685
Siemens S7-1200,Middleware,111,76.8339000060223
Siemens S7-1200,Middleware,112,70.5286000011256
Siemens S7-1200,Middleware,113,59.477000002516434
Siemens S7-1200,Middleware,114,62.06399999791756
Siemens S7-1200,Middleware,115,87.3998000024585
Siemens S7-1200,Middleware,116,66.23179999587592
Siemens S7-1200,Middleware,117,63.15750000067055
Siemens S7-1200,Middleware,118,58.47190000349656
Siemens S7-1200,Middleware,119,121.041200007312
Siemens S7-1200,Middleware,120,119.7019000101136
Siemens S7-1200,Middleware,121,63.02929999947082
Siemens S7-1200,Middleware,122,107.59290000714827
Siemens S7-1200,Middleware,123,66.6652000072645
Siemens S7-1200,Middleware,124,70.53070000256412
Siemens S7-1200,Middleware,125,69.38639999134466
Siemens S7-1200,Middleware,126,58.23209999653045
Siemens S7-1200,Middleware,127,64.88989999343175
Siemens S7-1200,Middleware,128,58.6118999926839
Siemens S7-1200,Middleware,129,103.36739999183919
Siemens S7-1200,Middleware,130,63.97869999636896
Siemens S7-1200,Middleware,131,63.53240000316873
Siemens S7-1200,Middleware,132,60.25539999245666
Siemens S7-1200,Middleware,133,117.26410000119358
Siemens S7-1200,Middleware,134,113.96249999233987
Siemens S7-1200,Middleware,135,60.23499999719206
Siemens S7-1200,Middleware,136,73.03990000218619
Siemens S7-1200,Middleware,137,81.7998999991687
Siemens S7-1200,Middleware,138,65.04750000021886
Siemens S7-1200,Middleware,139,73.06350000726525
Siemens S7-1200,Middleware,140,57.32890000217594
Siemens S7-1200,Middleware,141,67.40119999449234
Siemens S7-1200,Middleware,142,64.70619999163318
Siemens S7-1200,Middleware,143,66.55020000471268
Siemens S7-1200,Middleware,144,64.94500000553671
Siemens S7-1200,Middleware,145,67.31020000006538
Siemens S7-1200,Middleware,146,64.59979999635834
Siemens S7-1200,Middleware,147,63.606800002162345
Siemens S7-1200,Middleware,148,111.24399999971502
Siemens S7-1200,Middleware,149,112.36130000906996
Siemens S7-1200,Middleware,150,66.84419998782687
Siemens S7-1200,Middleware,151,100.57819999929052
Siemens S7-1200,Middleware,152,65.58689998928457
Siemens S7-1200,Middleware,153,60.928599996259436
Siemens S7-1200,Middleware,154,63.33589999121614
Siemens S7-1200,Middleware,155,63.50459999521263
Siemens S7-1200,Middleware,156,64.66350000118837
Siemens S7-1200,Middleware,157,67.06030000350438
Siemens S7-1200,Middleware,158,105.52460000326391
Siemens S7-1200,Middleware,159,69.01500000094529
Siemens S7-1200,Middleware,160,62.92359999497421
Siemens S7-1200,Middleware,161,63.415700002224185
Siemens S7-1200,Middleware,162,117.263100008131
Siemens S7-1200,Middleware,163,113.79480001050979
Siemens S7-1200,Middleware,164,127.01870000455528
Siemens S7-1200,Middleware,165,65.4835000023013
Siemens S7-1200,Middleware,166,64.7290999913821
Siemens S7-1200,Middleware,167,66.88020000001416
Siemens S7-1200,Middleware,168,63.22339999314863
Siemens S7-1200,Middleware,169,62.78789999487344
Siemens S7-1200,Middleware,170,63.688900001579896
Siemens S7-1200,Middleware,171,60.35669999255333
Siemens S7-1200,Middleware,172,97.86300000268966
Siemens S7-1200,Middleware,173,63.55750000511762
Siemens S7-1200,Middleware,174,60.207799993804656
Siemens S7-1200,Middleware,175,69.949099997757
Siemens S7-1200,Middleware,176,113.61429998942185
Siemens S7-1200,Middleware,177,112.54200000257697
Siemens S7-1200,Middleware,178,72.24910000513773
Siemens S7-1200,Middleware,179,103.43679999641608
Siemens S7-1200,Middleware,180,62.51579998934176
Siemens S7-1200,Middleware,181,62.97669999185018
Siemens S7-1200,Middleware,182,57.21759999869391
Siemens S7-1200,Middleware,183,64.80189999274444
Siemens S7-1200,Middleware,184,59.96509999386035
Siemens S7-1200,Middleware,185,66.32149999495596
Siemens S7-1200,Middleware,186,60.06969998998102
Siemens S7-1200,Middleware,187,66.51560000318568
Siemens S7-1200,Middleware,188,62.75320000713691
Siemens S7-1200,Middleware,189,67.97479999659117
Siemens S7-1200,Middleware,190,73.40599999588449
Siemens S7-1200,Middleware,191,113.25709999073297
Siemens S7-1200,Middleware,192,112.3749999969732
Siemens S7-1200,Middleware,193,108.34320000139996
Siemens S7-1200,Middleware,194,64.93150000460446
Siemens S7-1200,Middleware,195,62.95170000521466
Siemens S7-1200,Middleware,196,62.220100007834844
Siemens S7-1200,Middleware,197,62.79949999589007
Siemens S7-1200,Middleware,198,59.114699994097464
Siemens S7-1200,Middleware,199,68.02350000361912
Siemens S7-1200,Middleware,200,61.455999995814636
Siemens S7-1200,Middleware,201,109.08750000817236
Siemens S7-1200,Middleware,202,63.58139999792911
Siemens S7-1200,Middleware,203,62.5683999969624
Siemens S7-1200,Middleware,204,79.84829999622889
Siemens S7-1200,Middleware,205,118.71109998901375
Siemens S7-1200,Middleware,206,158.20459999667946
Siemens S7-1200,Middleware,207,65.71969999640714
Siemens S7-1200,Middleware,208,65.84940000902861
Siemens S7-1200,Middleware,209,59.27630000223871
Siemens S7-1200,Middleware,210,67.57959999958985
Siemens S7-1200,Middleware,211,63.07099999685306
Siemens S7-1200,Middleware,212,65.17909999820404
Siemens S7-1200,Middleware,213,58.84959999821149
Siemens S7-1200,Middleware,214,64.15520000155084
Siemens S7-1200,Middleware,215,96.04560000298079
Siemens S7-1200,Middleware,216,68.89650000084657
Siemens S7-1200,Middleware,217,65.67280000308529
Siemens S7-1200,Middleware,218,57.435099995927885
Siemens S7-1200,Middleware,219,113.81880000408273
Siemens S7-1200,Middleware,220,85.21469999686815
Siemens S7-1200,Middleware,221,86.90910000586882
Siemens S7-1200,Middleware,222,69.98230000317562
Siemens S7-1200,Middleware,223,64.29619999835268
Siemens S7-1200,Middleware,224,63.42380000569392
Siemens S7-1200,Middleware,225,58.64229999133386
Siemens S7-1200,Middleware,226,66.80420000338927
Siemens S7-1200,Middleware,227,69.42349999735598
Siemens S7-1200,Middleware,228,60.70469999394845
Siemens S7-1200,Middleware,229,63.81629999668803
Siemens S7-1200,Middleware,230,92.6117999915732
Siemens S7-1200,Middleware,231,65.34709999687038
Siemens S7-1200,Middleware,232,59.60289998620283
Siemens S7-1200,Middleware,233,58.997500003897585
Siemens S7-1200,Middleware,234,81.59879999584518
Siemens S7-1200,Middleware,235,96.5367999888258
Siemens S7-1200,Middleware,236,104.01760000968352
Siemens S7-1200,Middleware,237,75.80520000192337
Siemens S7-1200,Middleware,238,63.60350000613835
Siemens S7-1200,Middleware,239,69.72880000830628
Siemens S7-1200,Middleware,240,60.19430000742432
Siemens S7-1200,Middleware,241,67.61670000560116
Siemens S7-1200,Middleware,242,64.07419999595731
Siemens S7-1200,Middleware,243,63.378800012287684
Siemens S7-1200,Middleware,244,71.85459999891464
Siemens S7-1200,Middleware,245,87.18319999752566
Siemens S7-1200,Middleware,246,68.98450000153389
Siemens S7-1200,Middleware,247,63.24809999205172
Siemens S7-1200,Middleware,248,62.64299999747891
Siemens S7-1200,Middleware,249,60.20019999414217
Siemens S7-1200,Middleware,250,116.93629999354016
Siemens S7-1200,Middleware,251,102.13759999896865
Siemens S7-1200,Middleware,252,68.24980000965297
Siemens S7-1200,Middleware,253,62.781500004348345
Siemens S7-1200,Middleware,254,59.04070001270156
Siemens S7-1200,Middleware,255,68.29700000525918
Siemens S7-1200,Middleware,256,64.57040000532288
Siemens S7-1200,Middleware,257,67.18430000182707
Siemens S7-1200,Middleware,258,72.03769999614451
Siemens S7-1200,Middleware,259,70.2132000005804
Siemens S7-1200,Middleware,260,81.73430000897497
Siemens S7-1200,Middleware,261,67.24000000394881
Siemens S7-1200,Middleware,262,58.668600002420135
Siemens S7-1200,Middleware,263,64.45209999219514
Siemens S7-1200,Middleware,264,63.22260000160895
Siemens S7-1200,Middleware,265,114.04770000081044
Siemens S7-1200,Middleware,266,107.2340999962762
Siemens S7-1200,Middleware,267,66.02220000058878
Siemens S7-1200,Middleware,268,63.655000005383044
Siemens S7-1200,Middleware,269,63.15040000481531
Siemens S7-1200,Middleware,270,66.33810000494123
Siemens S7-1200,Middleware,271,75.24810000904836
Siemens S7-1200,Middleware,272,67.51500000245869
Siemens S7-1200,Middleware,273,64.77109999104869
Siemens S7-1200,Middleware,274,60.30080000346061
Siemens S7-1200,Middleware,275,83.01659999415278
Siemens S7-1200,Middleware,276,63.8156000059098
Siemens S7-1200,Middleware,277,63.894799997797236
Siemens S7-1200,Middleware,278,62.79599999834318
Siemens S7-1200,Middleware,279,57.13639999157749
Siemens S7-1200,Middleware,280,125.45049999607727
Siemens S7-1200,Middleware,281,101.12910000316333
Siemens S7-1200,Middleware,282,70.20180000108667
Siemens S7-1200,Middleware,283,62.1652000118047
Siemens S7-1200,Middleware,284,63.18140000803396
Siemens S7-1200,Middleware,285,76.09289999527391
Siemens S7-1200,Middleware,286,65.70420000934973
Siemens S7-1200,Middleware,287,57.85880000621546
Siemens S7-1200,Middleware,288,65.25670000701211
Siemens S7-1200,Middleware,289,62.246500005130656
Siemens S7-1200,Middleware,290,91.90169999783393
Siemens S7-1200,Middleware,291,62.92510000639595
Siemens S7-1200,Middleware,292,63.14710000879131
Siemens S7-1200,Middleware,293,66.2237000069581
Siemens S7-1200,Middleware,294,64.0136000001803
Siemens S7-1200,Middleware,295,109.57429998961743
Siemens S7-1200,Middleware,296,111.39900000125635
Siemens S7-1200,Middleware,297,66.74210001074243
Siemens S7-1200,Middleware,298,72.74429999233689
Siemens S7-1200,Middleware,299,75.47589999740012
Siemens S7-1200,Middleware,300,60.81289998837747
Siemens S7-1200,Middleware,301,67.38249999762047
Siemens S7-1200,Middleware,302,62.4513999937335
Siemens S7-1200,Middleware,303,63.07099999685306
Siemens S7-1200,Middleware,304,58.75099998957012
Siemens S7-1200,Middleware,305,80.17549999931362
Siemens S7-1200,Middleware,306,62.077900001895614
Siemens S7-1200,Middleware,307,62.07139999605715
Siemens S7-1200,Middleware,308,63.09450000117067
Siemens S7-1200,Middleware,309,60.932500011404045
Siemens S7-1200,Middleware,310,113.40129999734927
Siemens S7-1200,Middleware,311,115.35979999462143
Siemens S7-1200,Middleware,312,85.89500001107808
Siemens S7-1200,Middleware,313,71.42010000825394
Siemens S7-1200,Middleware,314,60.635600006207824
Siemens S7-1200,Middleware,315,61.87669999781065
Siemens S7-1200,Middleware,316,63.63819999387488
Siemens S7-1200,Middleware,317,60.87469999329187
Siemens S7-1200,Middleware,318,60.45340000127908
Siemens S7-1200,Middleware,319,63.65599999844562
Siemens S7-1200,Middleware,320,82.97460000903811
Siemens S7-1200,Middleware,321,59.81720000272617
Siemens S7-1200,Middleware,322,68.16080000135116
Siemens S7-1200,Middleware,323,65.06619999709073
Siemens S7-1200,Middleware,324,69.4694999983767
Siemens S7-1200,Middleware,325,110.37340000621043
Siemens S7-1200,Middleware,326,169.23330001009163
Siemens S7-1200,Middleware,327,64.67680000059772
Siemens S7-1200,Middleware,328,70.85160000133328
Siemens S7-1200,Middleware,329,62.64799999189563
Siemens S7-1200,Middleware,330,63.55359998997301
Siemens S7-1200,Middleware,331,63.10339999618009
Siemens S7-1200,Middleware,332,64.61570000101347
Siemens S7-1200,Middleware,333,54.2907000053674
Siemens S7-1200,Middleware,334,100.12030000507366
Siemens S7-1200,Middleware,335,65.74899998668116
Siemens S7-1200,Middleware,336,60.263599996687844
Siemens S7-1200,Middleware,337,54.988899995805696
Siemens S7-1200,Middleware,338,67.49049999052659
Siemens S7-1200,Middleware,339,125.38389999826904
Siemens S7-1200,Middleware,340,111.17299999750685
Siemens S7-1200,Middleware,341,80.00820000597741
Siemens S7-1200,Middleware,342,66.01589999627322
Siemens S7-1200,Middleware,343,63.51639999775216
Siemens S7-1200,Middleware,344,63.54129999817815
Siemens S7-1200,Middleware,345,68.99499999417458
Siemens S7-1200,Middleware,346,62.63549999857787
Siemens S7-1200,Middleware,347,63.45060000603553
Siemens S7-1200,Middleware,348,67.69190001068637
Siemens S7-1200,Middleware,349,69.31639999675099
Siemens S7-1200,Middleware,350,61.42349999572616
Siemens S7-1200,Middleware,351,69.59139999526087
Siemens S7-1200,Middleware,352,64.06929998775013
Siemens S7-1200,Middleware,353,78.6655999982031
Siemens S7-1200,Middleware,354,115.31369999283925
Siemens S7-1200,Middleware,355,151.2998999969568
Siemens S7-1200,Middleware,356,59.08669999917038
Siemens S7-1200,Middleware,357,72.49289999890607
Siemens S7-1200,Middleware,358,59.0267999941716
Siemens S7-1200,Middleware,359,63.200100004905835
Siemens S7-1200,Middleware,360,62.52250001125503
Siemens S7-1200,Middleware,361,59.41110001003835
Siemens S7-1200,Middleware,362,62.7810000005411
Siemens S7-1200,Middleware,363,101.26250000030268
Siemens S7-1200,Middleware,364,68.64549999590963
Siemens S7-1200,Middleware,365,59.327299997676164
Siemens S7-1200,Middleware,366,72.74550000147428
Siemens S7-1200,Middleware,367,73.99360000272281
Siemens S7-1200,Middleware,368,112.39400001068134
Siemens S7-1200,Middleware,369,162.0664000074612
Siemens S7-1200,Middleware,370,67.70810000307392
Siemens S7-1200,Middleware,371,63.75580000167247
Siemens S7-1200,Middleware,372,63.35509999189526
Siemens S7-1200,Middleware,373,66.66119999135844
Siemens S7-1200,Middleware,374,63.86880000354722
Siemens S7-1200,Middleware,375,61.81060000380967
Siemens S7-1200,Middleware,376,62.98580000293441
Siemens S7-1200,Middleware,377,94.04070000164211
Siemens S7-1200,Middleware,378,72.59609999891836
Siemens S7-1200,Middleware,379,76.3745000003837
Siemens S7-1200,Middleware,380,65.90390000201296
Siemens S7-1200,Middleware,381,69.23039999674074
Siemens S7-1200,Middleware,382,107.74510000192095
Siemens S7-1200,Middleware,383,150.50390000396874
Siemens S7-1200,Middleware,384,67.89250001020264
Siemens S7-1200,Middleware,385,70.33570000203326
Siemens S7-1200,Middleware,386,64.91799998912029
Siemens S7-1200,Middleware,387,61.80110000423156
Siemens S7-1200,Middleware,388,63.15810000523925
Siemens S7-1200,Middleware,389,64.84900000214111
Siemens S7-1200,Middleware,390,67.77470000088215
Siemens S7-1200,Middleware,391,83.83750000211876
Siemens S7-1200,Middleware,392,69.06809999782126
Siemens S7-1200,Middleware,393,62.58660000457894
Siemens S7-1200,Middleware,394,64.27509999775793
Siemens S7-1200,Middleware,395,63.225299993064255
Siemens S7-1200,Middleware,396,114.3480000027921
Siemens S7-1200,Middleware,397,113.05929999798536
Siemens S7-1200,Middleware,398,64.01079999341164
Siemens S7-1200,Middleware,399,62.138699999195524
Siemens S7-1200,Middleware,400,64.7581000084756
Siemens S7-1200,Middleware,401,62.225200003013015
Siemens S7-1200,Middleware,402,59.14659998961724
Siemens S7-1200,Middleware,403,63.70660000538919
Siemens S7-1200,Middleware,404,60.282200007350184
Siemens S7-1200,Middleware,405,67.98010000784416
Siemens S7-1200,Middleware,406,98.29400001035538
Siemens S7-1200,Middleware,407,62.72190000163391
Siemens S7-1200,Middleware,408,61.97809999866877
Siemens S7-1200,Middleware,409,64.6885000023758
Siemens S7-1200,Middleware,410,68.30699999409262
Siemens S7-1200,Middleware,411,109.9188999942271
Siemens S7-1200,Middleware,412,116.67759998817928
Siemens S7-1200,Middleware,413,70.36509999306872
Siemens S7-1200,Middleware,414,69.2616000014823
Siemens S7-1200,Middleware,415,59.94609999470413
Siemens S7-1200,Middleware,416,63.66420000267681
Siemens S7-1200,Middleware,417,64.28550000418909
Siemens S7-1200,Middleware,418,56.66699999710545
Siemens S7-1200,Middleware,419,76.2140000006184
Siemens S7-1200,Middleware,420,70.49980000010692
Siemens S7-1200,Middleware,421,76.33999999961816
Siemens S7-1200,Middleware,422,68.10039999254514
Siemens S7-1200,Middleware,423,67.97990000632126
Siemens S7-1200,Middleware,424,63.3529000042472
Siemens S7-1200,Middleware,425,77.55739999993239
Siemens S7-1200,Middleware,426,124.9631000100635
Siemens S7-1200,Middleware,427,134.79500000539701
Siemens S7-1200,Middleware,428,65.02439999894705
Siemens S7-1200,Middleware,429,64.25789999775589
Siemens S7-1200,Middleware,430,67.88600000436418
Siemens S7-1200,Middleware,431,67.9019000090193
Siemens S7-1200,Middleware,432,76.17660000687465
Siemens S7-1200,Middleware,433,65.31360000371933
Siemens S7-1200,Middleware,434,63.706599990837276
Siemens S7-1200,Middleware,435,79.77699999173637
Siemens S7-1200,Middleware,436,68.90300000668503
Siemens S7-1200,Middleware,437,62.83239999902435
Siemens S7-1200,Middleware,438,67.47729999187868
Siemens S7-1200,Middleware,439,68.34589999925811
Siemens S7-1200,Middleware,440,115.35069999808911
Siemens S7-1200,Middleware,441,109.25160000624601
Siemens S7-1200,Middleware,442,96.43549998872913
Siemens S7-1200,Middleware,443,70.90799999423325
Siemens S7-1200,Middleware,444,62.14749999344349
Siemens S7-1200,Middleware,445,75.56399999884889
Siemens S7-1200,Middleware,446,70.34930000372697
Siemens S7-1200,Middleware,447,63.203899990185164
Siemens S7-1200,Middleware,448,70.10219999938272
Siemens S7-1200,Middleware,449,88.0961000075331
Siemens S7-1200,Middleware,450,63.916300001437776
Siemens S7-1200,Middleware,451,58.12879999575671
Siemens S7-1200,Middleware,452,66.39419999555685
Siemens S7-1200,Middleware,453,58.47669999639038
Siemens S7-1200,Middleware,454,90.52230000088457
Siemens S7-1200,Middleware,455,114.2485000018496
Siemens S7-1200,Middleware,456,90.80559998983517
Siemens S7-1200,Middleware,457,63.85720000253059
Siemens S7-1200,Middleware,458,74.57699999213219
Siemens S7-1200,Middleware,459,69.39359998796135
Siemens S7-1200,Middleware,460,69.52249999449123
Siemens S7-1200,Middleware,461,61.24019999697339
Siemens S7-1200,Middleware,462,63.59089999750722
Siemens S7-1200,Middleware,463,63.46710000070743
Siemens S7-1200,Middleware,464,76.41699998930562
Siemens S7-1200,Middleware,465,62.791899996227585
Siemens S7-1200,Middleware,466,66.66329999279696
Siemens S7-1200,Middleware,467,66.30629999563098
Siemens S7-1200,Middleware,468,70.65349999174941
Siemens S7-1200,Middleware,469,87.0751000038581
Siemens S7-1200,Middleware,470,122.07470000430476
Siemens S7-1200,Middleware,471,89.2860999883851
Siemens S7-1200,Middleware,472,72.01449999411125
Siemens S7-1200,Middleware,473,72.73040000291076
Siemens S7-1200,Middleware,474,63.367499999003485
Siemens S7-1200,Middleware,475,63.805199999478646
Siemens S7-1200,Middleware,476,67.87930001155473
Siemens S7-1200,Middleware,477,59.2499000049429
Siemens S7-1200,Middleware,478,59.93040000612382
Siemens S7-1200,Middleware,479,62.62489999062382
Siemens S7-1200,Middleware,480,60.145899988128804
Siemens S7-1200,Middleware,481,64.78549999883398
Siemens S7-1200,Middleware,482,64.88969999190886
Siemens S7-1200,Middleware,483,59.63530000008177
Siemens S7-1200,Middleware,484,68.0177000031108
Siemens S7-1200,Middleware,485,121.52119999518618
Siemens S7-1200,Middleware,486,102.22219998831861
Siemens S7-1200,Middleware,487,86.16239999537356
Siemens S7-1200,Middleware,488,66.7235000000801
Siemens S7-1200,Middleware,489,58.78099999972619
Siemens S7-1200,Middleware,490,67.68969999393448
Siemens S7-1200,Middleware,491,58.91259999771137
Siemens S7-1200,Middleware,492,64.38760001037735
Siemens S7-1200,Middleware,493,59.929600000032224
Siemens S7-1200,Middleware,494,80.9770999912871
Siemens S7-1200,Middleware,495,66.76539999898523
Siemens S7-1200,Middleware,496,66.14739999349695
Siemens S7-1200,Middleware,497,63.86179999390151
Siemens S7-1200,Middleware,498,62.98219999007415
Siemens S7-1200,Middleware,499,66.49440000182949
Siemens S7-1200,Middleware,500,134.0070000005653
Allen-Bradley Micro820,Direct,1,5.7450000022072345
Allen-Bradley Micro820,Direct,2,5.516899997019209
Allen-Bradley Micro820,Direct,3,5.602100005489774
Allen-Bradley Micro820,Direct,4,5.985800002235919
Allen-Bradley Micro820,Direct,5,5.698400011169724
Allen-Bradley Micro820,Direct,6,5.2029000071343035
Allen-Bradley Micro820,Direct,7,6.001800007652491
Allen-Bradley Micro820,Direct,8,5.5339999962598085
Allen-Bradley Micro820,Direct,9,5.731499986723065
Allen-Bradley Micro820,Direct,10,5.793400006950833
Allen-Bradley Micro820,Direct,11,5.709100005333312
Allen-Bradley Micro820,Direct,12,5.560000005061738
Allen-Bradley Micro820,Direct,13,5.783500004326925
Allen-Bradley Micro820,Direct,14,6.027299998095259
Allen-Bradley Micro820,Direct,15,5.993899991153739
Allen-Bradley Micro820,Direct,16,5.98339999851305
Allen-Bradley Micro820,Direct,17,6.116699994890951
Allen-Bradley Micro820,Direct,18,5.574700000579469
Allen-Bradley Micro820,Direct,19,5.878600000869483
Allen-Bradley Micro820,Direct,20,3.4602000087033957
Allen-Bradley Micro820,Direct,21,5.973999999696389
Allen-Bradley Micro820,Direct,22,5.52859999879729
Allen-Bradley Micro820,Direct,23,5.529800007934682
Allen-Bradley Micro820,Direct,24,6.148199987364933
Allen-Bradley Micro820,Direct,25,3.118599997833371
Allen-Bradley Micro820,Direct,26,3.104999996139668
Allen-Bradley Micro820,Direct,27,3.1005000055301934
Allen-Bradley Micro820,Direct,28,5.538800003705546
Allen-Bradley Micro820,Direct,29,6.188200000906363
Allen-Bradley Micro820,Direct,30,5.27600001078099
Allen-Bradley Micro820,Direct,31,5.749400006607175
Allen-Bradley Micro820,Direct,32,5.873000001884066
Allen-Bradley Micro820,Direct,33,3.2666000042809173
Allen-Bradley Micro820,Direct,34,5.892199988011271
Allen-Bradley Micro820,Direct,35,3.1199000077322125
Allen-Bradley Micro820,Direct,36,5.786000008811243
Allen-Bradley Micro820,Direct,37,5.951500002993271
Allen-Bradley Micro820,Direct,38,3.194799995981157
Allen-Bradley Micro820,Direct,39,5.7537999964552
Allen-Bradley Micro820,Direct,40,6.207600003108382
Allen-Bradley Micro820,Direct,41,3.057900001294911
Allen-Bradley Micro820,Direct,42,5.913400003919378
Allen-Bradley Micro820,Direct,43,6.060200001229532
Allen-Bradley Micro820,Direct,44,3.295400005299598
Allen-Bradley Micro820,Direct,45,5.540800004382618
Allen-Bradley Micro820,Direct,46,6.095799995819107
Allen-Bradley Micro820,Direct,47,3.2756000000517815
Allen-Bradley Micro820,Direct,48,5.825100000947714
Allen-Bradley Micro820,Direct,49,6.256600012420677
Allen-Bradley Micro820,Direct,50,5.625100006000139
Allen-Bradley Micro820,Direct,51,5.633299995679408
Allen-Bradley Micro820,Direct,52,3.3534999965922907
Allen-Bradley Micro820,Direct,53,5.4453999910037965
Allen-Bradley Micro820,Direct,54,5.607600003713742
Allen-Bradley Micro820,Direct,55,3.3790000015869737
Allen-Bradley Micro820,Direct,56,5.681800001184456
Allen-Bradley Micro820,Direct,57,5.845199993927963
Allen-Bradley Micro820,Direct,58,3.282499994384125
Allen-Bradley Micro820,Direct,59,5.848800006788224
Allen-Bradley Micro820,Direct,60,5.8985000068787485
Allen-Bradley Micro820,Direct,61,3.2470999867655337
Allen-Bradley Micro820,Direct,62,5.9348000067984685
Allen-Bradley Micro820,Direct,63,3.1749000045238063
Allen-Bradley Micro820,Direct,64,5.848400003742427
Allen-Bradley Micro820,Direct,65,5.8505000051809475
Allen-Bradley Micro820,Direct,66,3.220600003260188
Allen-Bradley Micro820,Direct,67,5.689400000846945
Allen-Bradley Micro820,Direct,68,6.004299997584894
Allen-Bradley Micro820,Direct,69,3.3112999954028055
Allen-Bradley Micro820,Direct,70,5.721399997128174
Allen-Bradley Micro820,Direct,71,6.096799988881685
Allen-Bradley Micro820,Direct,72,3.200699997250922
Allen-Bradley Micro820,Direct,73,5.918000009842217
Allen-Bradley Micro820,Direct,74,3.2124999997904524
Allen-Bradley Micro820,Direct,75,6.006099996739067
Allen-Bradley Micro820,Direct,76,5.722500005504116
Allen-Bradley Micro820,Direct,77,3.187100010109134
Allen-Bradley Micro820,Direct,78,5.775099998572841
Allen-Bradley Micro820,Direct,79,5.650599996442907
Allen-Bradley Micro820,Direct,80,6.240199989406392
Allen-Bradley Micro820,Direct,81,6.3738000026205555
Allen-Bradley Micro820,Direct,82,3.0648999963887036
Allen-Bradley Micro820,Direct,83,5.92569999571424
Allen-Bradley Micro820,Direct,84,5.791100003989413
Allen-Bradley Micro820,Direct,85,3.24400000681635
Allen-Bradley Micro820,Direct,86,5.829599991557188
Allen-Bradley Micro820,Direct,87,5.938000002061017
Allen-Bradley Micro820,Direct,88,3.2855000026756898
Allen-Bradley Micro820,Direct,89,5.732000005082227
Allen-Bradley Micro820,Direct,90,3.444000001763925
Allen-Bradley Micro820,Direct,91,5.661799994413741
Allen-Bradley Micro820,Direct,92,6.154300004709512
Allen-Bradley Micro820,Direct,93,3.072000006795861
Allen-Bradley Micro820,Direct,94,5.846599990036339
Allen-Bradley Micro820,Direct,95,6.070999996154569
Allen-Bradley Micro820,Direct,96,3.108999997493811
Allen-Bradley Micro820,Direct,97,5.66419999813661
Allen-Bradley Micro820,Direct,98,6.0966999881202355
Allen-Bradley Micro820,Direct,99,3.075200002058409
Allen-Bradley Micro820,Direct,100,5.965299991657957
Allen-Bradley Micro820,Direct,101,3.2219999993685633
Allen-Bradley Micro820,Direct,102,5.8105000061914325
Allen-Bradley Micro820,Direct,103,6.157700001494959
Allen-Bradley Micro820,Direct,104,2.9678999999305233
Allen-Bradley Micro820,Direct,105,5.874999988009222
Allen-Bradley Micro820,Direct,106,5.931499996222556
Allen-Bradley Micro820,Direct,107,3.308700004708953
Allen-Bradley Micro820,Direct,108,6.0972999926889315
Allen-Bradley Micro820,Direct,109,3.507399989757687
Allen-Bradley Micro820,Direct,110,5.5554999999003485
Allen-Bradley Micro820,Direct,111,5.618700000923127
Allen-Bradley Micro820,Direct,112,3.2386999955633655
Allen-Bradley Micro820,Direct,113,5.7453000044915825
Allen-Bradley Micro820,Direct,114,3.2424000091850758
Allen-Bradley Micro820,Direct,115,5.788999987998977
Allen-Bradley Micro820,Direct,116,6.1279000074137
Allen-Bradley Micro820,Direct,117,3.0960000003688037
Allen-Bradley Micro820,Direct,118,5.756800004746765
Allen-Bradley Micro820,Direct,119,6.127699991338886
Allen-Bradley Micro820,Direct,120,3.1202999962260947
Allen-Bradley Micro820,Direct,121,6.07020000461489
Allen-Bradley Micro820,Direct,122,3.201900006388314
Allen-Bradley Micro820,Direct,123,5.434999999124557
Allen-Bradley Micro820,Direct,124,6.227599995327182
Allen-Bradley Micro820,Direct,125,3.131199991912581
Allen-Bradley Micro820,Direct,126,5.71749999653548
Allen-Bradley Micro820,Direct,127,5.9698999975807965
Allen-Bradley Micro820,Direct,128,3.2525999995414168
Allen-Bradley Micro820,Direct,129,6.05090000317432
Allen-Bradley Micro820,Direct,130,3.037300004507415
Allen-Bradley Micro820,Direct,131,5.7474999921396375
Allen-Bradley Micro820,Direct,132,6.068200003937818
Allen-Bradley Micro820,Direct,133,3.075499989790842
Allen-Bradley Micro820,Direct,134,6.179400006658398
Allen-Bradley Micro820,Direct,135,3.1177000055322424
Allen-Bradley Micro820,Direct,136,5.870199995115399
Allen-Bradley Micro820,Direct,137,3.9586000057170168
Allen-Bradley Micro820,Direct,138,3.979000000981614
Allen-Bradley Micro820,Direct,139,3.0501000001095235
Allen-Bradley Micro820,Direct,140,6.011499994201586
Allen-Bradley Micro820,Direct,141,3.1484999926760793
Allen-Bradley Micro820,Direct,142,5.61079999897629
Allen-Bradley Micro820,Direct,143,5.83080000069458
Allen-Bradley Micro820,Direct,144,3.3101000008173287
Allen-Bradley Micro820,Direct,145,6.117400000221096
Allen-Bradley Micro820,Direct,146,3.0777999927522615
Allen-Bradley Micro820,Direct,147,5.718999993405305
Allen-Bradley Micro820,Direct,148,5.43160000233911
Allen-Bradley Micro820,Direct,149,6.085700006224215
Allen-Bradley Micro820,Direct,150,3.475300007266924
Allen-Bradley Micro820,Direct,151,5.9640000108629465
Allen-Bradley Micro820,Direct,152,5.8514000120339915
Allen-Bradley Micro820,Direct,153,5.602600009297021
Allen-Bradley Micro820,Direct,154,5.7167000049958006
Allen-Bradley Micro820,Direct,155,3.144099988276139
Allen-Bradley Micro820,Direct,156,5.657100002281368
Allen-Bradley Micro820,Direct,157,6.022999994456768
Allen-Bradley Micro820,Direct,158,3.3327999990433455
Allen-Bradley Micro820,Direct,159,5.909199986490421
Allen-Bradley Micro820,Direct,160,3.1340999994426966
Allen-Bradley Micro820,Direct,161,5.557900003623217
Allen-Bradley Micro820,Direct,162,6.0689000092679635
Allen-Bradley Micro820,Direct,163,3.2786000083433464
Allen-Bradley Micro820,Direct,164,5.770299991127104
Allen-Bradley Micro820,Direct,165,5.942899995716289
Allen-Bradley Micro820,Direct,166,3.258500000811182
Allen-Bradley Micro820,Direct,167,5.9843999915756285
Allen-Bradley Micro820,Direct,168,3.1373999954666942
Allen-Bradley Micro820,Direct,169,5.846100000781007
Allen-Bradley Micro820,Direct,170,6.103899999288842
Allen-Bradley Micro820,Direct,171,3.130299999611452
Allen-Bradley Micro820,Direct,172,5.519300000742078
Allen-Bradley Micro820,Direct,173,5.523699990590103
Allen-Bradley Micro820,Direct,174,3.077399989706464
Allen-Bradley Micro820,Direct,175,5.780799998319708
Allen-Bradley Micro820,Direct,176,3.1037000007927418
Allen-Bradley Micro820,Direct,177,5.137900006957352
Allen-Bradley Micro820,Direct,178,5.764400004409254
Allen-Bradley Micro820,Direct,179,2.9562999989138916
Allen-Bradley Micro820,Direct,180,5.883999998332001
Allen-Bradley Micro820,Direct,181,5.951699989964254
Allen-Bradley Micro820,Direct,182,3.1736999953864142
Allen-Bradley Micro820,Direct,183,6.100800004787743
Allen-Bradley Micro820,Direct,184,2.9433000017888844
Allen-Bradley Micro820,Direct,185,5.963799994788133
Allen-Bradley Micro820,Direct,186,6.0461999964900315
Allen-Bradley Micro820,Direct,187,3.0279000056907535
Allen-Bradley Micro820,Direct,188,5.775899990112521
Allen-Bradley Micro820,Direct,189,6.051500007743016
Allen-Bradley Micro820,Direct,190,3.3793000038713217
Allen-Bradley Micro820,Direct,191,5.777400001534261
Allen-Bradley Micro820,Direct,192,5.926600002567284
Allen-Bradley Micro820,Direct,193,3.2479999936185777
Allen-Bradley Micro820,Direct,194,5.534600000828505
Allen-Bradley Micro820,Direct,195,6.187499995576218
Allen-Bradley Micro820,Direct,196,3.260900004534051
Allen-Bradley Micro820,Direct,197,5.7336000027135015
Allen-Bradley Micro820,Direct,198,6.098700003349222
Allen-Bradley Micro820,Direct,199,3.1898000015644357
Allen-Bradley Micro820,Direct,200,5.397800006903708
Allen-Bradley Micro820,Direct,201,3.0987000063760206
Allen-Bradley Micro820,Direct,202,5.672200000844896
Allen-Bradley Micro820,Direct,203,5.686799995601177
Allen-Bradley Micro820,Direct,204,3.14990000333637
Allen-Bradley Micro820,Direct,205,5.695700005162507
Allen-Bradley Micro820,Direct,206,6.084699998609722
Allen-Bradley Micro820,Direct,207,3.207400004612282
Allen-Bradley Micro820,Direct,208,5.810399990878068
Allen-Bradley Micro820,Direct,209,6.046599999535829
Allen-Bradley Micro820,Direct,210,3.1214000046020374
Allen-Bradley Micro820,Direct,211,5.849500012118369
Allen-Bradley Micro820,Direct,212,6.076200006646104
Allen-Bradley Micro820,Direct,213,3.178599989041686
Allen-Bradley Micro820,Direct,214,5.658499998389743
Allen-Bradley Micro820,Direct,215,6.051399992429651
Allen-Bradley Micro820,Direct,216,3.2743000047048554
Allen-Bradley Micro820,Direct,217,5.7649000082165
Allen-Bradley Micro820,Direct,218,5.92559999495279
Allen-Bradley Micro820,Direct,219,3.246199994464405
Allen-Bradley Micro820,Direct,220,5.7803999952739105
Allen-Bradley Micro820,Direct,221,6.078999998862855
Allen-Bradley Micro820,Direct,222,5.876700000953861
Allen-Bradley Micro820,Direct,223,5.778599996119738
Allen-Bradley Micro820,Direct,224,3.485799999907613
Allen-Bradley Micro820,Direct,225,5.8532999973976985
Allen-Bradley Micro820,Direct,226,5.440299995825626
Allen-Bradley Micro820,Direct,227,5.608099992969073
Allen-Bradley Micro820,Direct,228,5.433500002254732
Allen-Bradley Micro820,Direct,229,5.499199993209913
Allen-Bradley Micro820,Direct,230,5.516399993211962
Allen-Bradley Micro820,Direct,231,5.672799990861677
Allen-Bradley Micro820,Direct,232,5.807699999422766
Allen-Bradley Micro820,Direct,233,6.058500002836809
Allen-Bradley Micro820,Direct,234,6.021799999871291
Allen-Bradley Micro820,Direct,235,5.999300003168173
Allen-Bradley Micro820,Direct,236,3.150200005620718
Allen-Bradley Micro820,Direct,237,5.93599998683203
Allen-Bradley Micro820,Direct,238,5.826799999340437
Allen-Bradley Micro820,Direct,239,5.6102999951690435
Allen-Bradley Micro820,Direct,240,5.536500000744127
Allen-Bradley Micro820,Direct,241,5.829799993080087
Allen-Bradley Micro820,Direct,242,6.304499998805113
Allen-Bradley Micro820,Direct,243,3.152099990984425
Allen-Bradley Micro820,Direct,244,5.790399998659268
Allen-Bradley Micro820,Direct,245,3.2862999942153692
Allen-Bradley Micro820,Direct,246,5.8286999992560595
Allen-Bradley Micro820,Direct,247,3.3265999954892322
Allen-Bradley Micro820,Direct,248,3.655699998489581
Allen-Bradley Micro820,Direct,249,5.797000005259179
Allen-Bradley Micro820,Direct,250,6.199999988893978
Allen-Bradley Micro820,Direct,251,5.737700004829094
Allen-Bradley Micro820,Direct,252,6.170100008603185
Allen-Bradley Micro820,Direct,253,3.199199985829182
Allen-Bradley Micro820,Direct,254,5.9258999972371385
Allen-Bradley Micro820,Direct,255,3.0157000001054257
Allen-Bradley Micro820,Direct,256,5.942499992670491
Allen-Bradley Micro820,Direct,257,6.1852000071667135
Allen-Bradley Micro820,Direct,258,2.950599999167025
Allen-Bradley Micro820,Direct,259,5.732000005082227
Allen-Bradley Micro820,Direct,260,6.051099990145303
Allen-Bradley Micro820,Direct,261,3.270200002589263
Allen-Bradley Micro820,Direct,262,5.775699988589622
Allen-Bradley Micro820,Direct,263,3.332699998281896
Allen-Bradley Micro820,Direct,264,5.688699995516799
Allen-Bradley Micro820,Direct,265,5.640299990773201
Allen-Bradley Micro820,Direct,266,3.3636000007390976
Allen-Bradley Micro820,Direct,267,5.312799999956042
Allen-Bradley Micro820,Direct,268,5.865200000698678
Allen-Bradley Micro820,Direct,269,3.112100006546825
Allen-Bradley Micro820,Direct,270,5.796500001451932
Allen-Bradley Micro820,Direct,271,3.226899993023835
Allen-Bradley Micro820,Direct,272,5.717199994251132
Allen-Bradley Micro820,Direct,273,6.275599997024983
Allen-Bradley Micro820,Direct,274,3.162599998177029
Allen-Bradley Micro820,Direct,275,5.9803999902214855
Allen-Bradley Micro820,Direct,276,3.1661000102758408
Allen-Bradley Micro820,Direct,277,5.710500001441687
Allen-Bradley Micro820,Direct,278,5.797999998321757
Allen-Bradley Micro820,Direct,279,3.220400001737289
Allen-Bradley Micro820,Direct,280,5.781200001365505
Allen-Bradley Micro820,Direct,281,6.081200001062825
Allen-Bradley Micro820,Direct,282,3.1024999916553497
Allen-Bradley Micro820,Direct,283,5.999000000883825
Allen-Bradley Micro820,Direct,284,3.314499990665354
Allen-Bradley Micro820,Direct,285,5.611800006590784
Allen-Bradley Micro820,Direct,286,6.123200000729412
Allen-Bradley Micro820,Direct,287,3.2180999987758696
Allen-Bradley Micro820,Direct,288,5.7853000034810975
Allen-Bradley Micro820,Direct,289,3.042900003492832
Allen-Bradley Micro820,Direct,290,5.739200001698919
Allen-Bradley Micro820,Direct,291,6.173799993121065
Allen-Bradley Micro820,Direct,292,3.093299994361587
Allen-Bradley Micro820,Direct,293,6.088199996156618
Allen-Bradley Micro820,Direct,294,3.484999993816018
Allen-Bradley Micro820,Direct,295,5.3985999984433874
Allen-Bradley Micro820,Direct,296,6.11449999269098
Allen-Bradley Micro820,Direct,297,5.600000004051253
Allen-Bradley Micro820,Direct,298,5.9409999958006665
Allen-Bradley Micro820,Direct,299,6.019300009938888
Allen-Bradley Micro820,Direct,300,3.2955999922705814
Allen-Bradley Micro820,Direct,301,6.041500004357658
Allen-Bradley Micro820,Direct,302,3.2910000008996576
Allen-Bradley Micro820,Direct,303,5.466199989314191
Allen-Bradley Micro820,Direct,304,6.095000004279427
Allen-Bradley Micro820,Direct,305,3.2624000014038756
Allen-Bradley Micro820,Direct,306,5.992500009597279
Allen-Bradley Micro820,Direct,307,3.180700005032122
Allen-Bradley Micro820,Direct,308,5.69089999771677
Allen-Bradley Micro820,Direct,309,6.013399994117208
Allen-Bradley Micro820,Direct,310,3.1675000063842162
Allen-Bradley Micro820,Direct,311,6.002599999192171
Allen-Bradley Micro820,Direct,312,3.1457000004593283
Allen-Bradley Micro820,Direct,313,5.732699995860457
Allen-Bradley Micro820,Direct,314,6.03009999031201
Allen-Bradley Micro820,Direct,315,3.0999000009614974
Allen-Bradley Micro820,Direct,316,6.154300004709512
Allen-Bradley Micro820,Direct,317,3.032399996300228
Allen-Bradley Micro820,Direct,318,5.528900001081638
Allen-Bradley Micro820,Direct,319,5.495100005646236
Allen-Bradley Micro820,Direct,320,3.4589999995660037
Allen-Bradley Micro820,Direct,321,5.974400002742186
Allen-Bradley Micro820,Direct,322,6.136299998615868
Allen-Bradley Micro820,Direct,323,3.252700000302866
Allen-Bradley Micro820,Direct,324,5.873300004168414
Allen-Bradley Micro820,Direct,325,6.00569999369327
Allen-Bradley Micro820,Direct,326,3.100999994785525
Allen-Bradley Micro820,Direct,327,5.735700004152022
Allen-Bradley Micro820,Direct,328,6.179700008942746
Allen-Bradley Micro820,Direct,329,6.008500000461936
Allen-Bradley Micro820,Direct,330,6.048199997167103
Allen-Bradley Micro820,Direct,331,2.9983999993419275
Allen-Bradley Micro820,Direct,332,5.9452999994391575
Allen-Bradley Micro820,Direct,333,3.143499998259358
Allen-Bradley Micro820,Direct,334,5.855900002643466
Allen-Bradley Micro820,Direct,335,6.041599990567192
Allen-Bradley Micro820,Direct,336,3.155400001560338
Allen-Bradley Micro820,Direct,337,5.797699996037409
Allen-Bradley Micro820,Direct,338,3.3213999995496124
Allen-Bradley Micro820,Direct,339,5.715500010410324
Allen-Bradley Micro820,Direct,340,6.039600004442036
Allen-Bradley Micro820,Direct,341,3.1190000008791685
Allen-Bradley Micro820,Direct,342,5.731399985961616
Allen-Bradley Micro820,Direct,343,5.920399999013171
Allen-Bradley Micro820,Direct,344,3.178899991326034
Allen-Bradley Micro820,Direct,345,6.005300005199388
Allen-Bradley Micro820,Direct,346,3.208099995390512
Allen-Bradley Micro820,Direct,347,5.841799997142516
Allen-Bradley Micro820,Direct,348,6.052799988538027
Allen-Bradley Micro820,Direct,349,3.0811000033281744
Allen-Bradley Micro820,Direct,350,6.0166999901412055
Allen-Bradley Micro820,Direct,351,5.686300006345846
Allen-Bradley Micro820,Direct,352,5.515999990166165
Allen-Bradley Micro820,Direct,353,5.7437999930698425
Allen-Bradley Micro820,Direct,354,3.049899998586625
Allen-Bradley Micro820,Direct,355,5.711299992981367
Allen-Bradley Micro820,Direct,356,6.05899999209214
Allen-Bradley Micro820,Direct,357,3.4835999977076426
Allen-Bradley Micro820,Direct,358,3.9037999958964065
Allen-Bradley Micro820,Direct,359,3.2682000019121915
Allen-Bradley Micro820,Direct,360,3.475300007266924
Allen-Bradley Micro820,Direct,361,5.907099999603815
Allen-Bradley Micro820,Direct,362,5.425600000307895
Allen-Bradley Micro820,Direct,363,3.489599999738857
Allen-Bradley Micro820,Direct,364,6.13310000335332
Allen-Bradley Micro820,Direct,365,6.02640000579413
Allen-Bradley Micro820,Direct,366,3.2190999918384477
Allen-Bradley Micro820,Direct,367,5.865700004505925
Allen-Bradley Micro820,Direct,368,6.051099990145303
Allen-Bradley Micro820,Direct,369,3.027700004167855
Allen-Bradley Micro820,Direct,370,5.796799989184365
Allen-Bradley Micro820,Direct,371,6.206999998539686
Allen-Bradley Micro820,Direct,372,3.0281999934231862
Allen-Bradley Micro820,Direct,373,5.804100001114421
Allen-Bradley Micro820,Direct,374,6.0101999988546595
Allen-Bradley Micro820,Direct,375,3.27359999937471
Allen-Bradley Micro820,Direct,376,5.761700012953952
Allen-Bradley Micro820,Direct,377,5.990700010443106
Allen-Bradley Micro820,Direct,378,3.2452000014018267
Allen-Bradley Micro820,Direct,379,5.910699997912161
Allen-Bradley Micro820,Direct,380,3.171199990902096
Allen-Bradley Micro820,Direct,381,5.558500008191913
Allen-Bradley Micro820,Direct,382,6.088599999202415
Allen-Bradley Micro820,Direct,383,3.2582999992882833
Allen-Bradley Micro820,Direct,384,5.845299994689412
Allen-Bradley Micro820,Direct,385,5.875599992577918
Allen-Bradley Micro820,Direct,386,3.235700001823716
Allen-Bradley Micro820,Direct,387,5.9520999930100515
Allen-Bradley Micro820,Direct,388,3.141299996059388
Allen-Bradley Micro820,Direct,389,5.7625999907031655
Allen-Bradley Micro820,Direct,390,5.379599999287166
Allen-Bradley Micro820,Direct,391,3.547999993315898
Allen-Bradley Micro820,Direct,392,6.117400000221096
Allen-Bradley Micro820,Direct,393,6.013400008669123
Allen-Bradley Micro820,Direct,394,3.245999992941506
Allen-Bradley Micro820,Direct,395,5.879499993170612
Allen-Bradley Micro820,Direct,396,3.187099995557219
Allen-Bradley Micro820,Direct,397,5.283399994368665
Allen-Bradley Micro820,Direct,398,5.73229999281466
Allen-Bradley Micro820,Direct,399,3.211799994460307
Allen-Bradley Micro820,Direct,400,5.557099997531623
Allen-Bradley Micro820,Direct,401,5.940899995039217
Allen-Bradley Micro820,Direct,402,3.247400003601797
Allen-Bradley Micro820,Direct,403,5.699499990441836
Allen-Bradley Micro820,Direct,404,5.659100002958439
Allen-Bradley Micro820,Direct,405,5.500600003870204
Allen-Bradley Micro820,Direct,406,6.131000001914799
Allen-Bradley Micro820,Direct,407,2.9850999999325722
Allen-Bradley Micro820,Direct,408,5.960900001809932
Allen-Bradley Micro820,Direct,409,3.0624999926658347
Allen-Bradley Micro820,Direct,410,5.907400001888163
Allen-Bradley Micro820,Direct,411,6.194199988385662
Allen-Bradley Micro820,Direct,412,3.1792000081622973
Allen-Bradley Micro820,Direct,413,5.4715000005671754
Allen-Bradley Micro820,Direct,414,6.142400001408532
Allen-Bradley Micro820,Direct,415,5.917699993005954
Allen-Bradley Micro820,Direct,416,5.630599989672191
Allen-Bradley Micro820,Direct,417,5.376700006308965
Allen-Bradley Micro820,Direct,418,5.462100001750514
Allen-Bradley Micro820,Direct,419,3.501500003039837
Allen-Bradley Micro820,Direct,420,5.405300005804747
Allen-Bradley Micro820,Direct,421,5.742900000768714
Allen-Bradley Micro820,Direct,422,3.2276000129058957
Allen-Bradley Micro820,Direct,423,6.019399996148422
Allen-Bradley Micro820,Direct,424,3.2152000057976693
Allen-Bradley Micro820,Direct,425,5.629999999655411
Allen-Bradley Micro820,Direct,426,5.993900005705655
Allen-Bradley Micro820,Direct,427,3.174500001478009
Allen-Bradley Micro820,Direct,428,5.577800009632483
Allen-Bradley Micro820,Direct,429,6.139000004623085
Allen-Bradley Micro820,Direct,430,3.191499999957159
Allen-Bradley Micro820,Direct,431,5.789199989521876
Allen-Bradley Micro820,Direct,432,5.2404000016395
Allen-Bradley Micro820,Direct,433,5.8388999896124005
Allen-Bradley Micro820,Direct,434,5.964600000879727
Allen-Bradley Micro820,Direct,435,6.099299993366003
Allen-Bradley Micro820,Direct,436,3.109600002062507
Allen-Bradley Micro820,Direct,437,5.68570000177715
Allen-Bradley Micro820,Direct,438,5.5410000059055164
Allen-Bradley Micro820,Direct,439,5.556300005991943
Allen-Bradley Micro820,Direct,440,5.882099998416379
Allen-Bradley Micro820,Direct,441,5.595999988145195
Allen-Bradley Micro820,Direct,442,5.56420000793878
Allen-Bradley Micro820,Direct,443,6.287500000325963
Allen-Bradley Micro820,Direct,444,3.019199997652322
Allen-Bradley Micro820,Direct,445,6.165200000395998
Allen-Bradley Micro820,Direct,446,3.4767000033752993
Allen-Bradley Micro820,Direct,447,6.109199995989911
Allen-Bradley Micro820,Direct,448,6.010299999616109
Allen-Bradley Micro820,Direct,449,5.434000006061979
Allen-Bradley Micro820,Direct,450,5.565499988733791
Allen-Bradley Micro820,Direct,451,5.959300004178658
Allen-Bradley Micro820,Direct,452,6.116599994129501
Allen-Bradley Micro820,Direct,453,3.2337000011466444
Allen-Bradley Micro820,Direct,454,5.810499991639517
Allen-Bradley Micro820,Direct,455,5.370999992010184
Allen-Bradley Micro820,Direct,456,5.578399999649264
Allen-Bradley Micro820,Direct,457,5.5727999861119315
Allen-Bradley Micro820,Direct,458,5.684999996447004
Allen-Bradley Micro820,Direct,459,3.2266999915009364
Allen-Bradley Micro820,Direct,460,5.476499994983897
Allen-Bradley Micro820,Direct,461,6.23759999871254
Allen-Bradley Micro820,Direct,462,5.774699995527044
Allen-Bradley Micro820,Direct,463,6.102600003941916
Allen-Bradley Micro820,Direct,464,3.2786000083433464
Allen-Bradley Micro820,Direct,465,4.107000000658445
Allen-Bradley Micro820,Direct,466,5.7927000016206875
Allen-Bradley Micro820,Direct,467,3.280000004451722
Allen-Bradley Micro820,Direct,468,5.181699991226196
Allen-Bradley Micro820,Direct,469,3.5315999994054437
Allen-Bradley Micro820,Direct,470,5.719900000258349
Allen-Bradley Micro820,Direct,471,6.100500002503395
Allen-Bradley Micro820,Direct,472,3.279399999883026
Allen-Bradley Micro820,Direct,473,5.905199999688193
Allen-Bradley Micro820,Direct,474,3.1125999958021566
Allen-Bradley Micro820,Direct,475,5.706500000087544
Allen-Bradley Micro820,Direct,476,6.1329999880399555
Allen-Bradley Micro820,Direct,477,3.2667000050423667
Allen-Bradley Micro820,Direct,478,5.550000001676381
Allen-Bradley Micro820,Direct,479,6.039999992935918
Allen-Bradley Micro820,Direct,480,3.2432000007247552
Allen-Bradley Micro820,Direct,481,5.816599994432181
Allen-Bradley Micro820,Direct,482,6.000199995469302
Allen-Bradley Micro820,Direct,483,3.1863000040175393
Allen-Bradley Micro820,Direct,484,6.031900004018098
Allen-Bradley Micro820,Direct,485,3.084999989368953
Allen-Bradley Micro820,Direct,486,5.90119999833405
Allen-Bradley Micro820,Direct,487,6.135599993285723
Allen-Bradley Micro820,Direct,488,5.726499992306344
Allen-Bradley Micro820,Direct,489,6.140400000731461
Allen-Bradley Micro820,Direct,490,3.139199994620867
Allen-Bradley Micro820,Direct,491,6.074399992940016
Allen-Bradley Micro820,Direct,492,3.5300000017741695
Allen-Bradley Micro820,Direct,493,5.557099997531623
Allen-Bradley Micro820,Direct,494,5.809100010083057
Allen-Bradley Micro820,Direct,495,3.024600009666756
Allen-Bradley Micro820,Direct,496,5.878699987079017
Allen-Bradley Micro820,Direct,497,5.895399997825734
Allen-Bradley Micro820,Direct,498,3.2444999960716814
Allen-Bradley Micro820,Direct,499,5.838099998072721
Allen-Bradley Micro820,Direct,500,5.955000000540167
Allen-Bradley Micro820,Middleware,1,59.35329999192618
Allen-Bradley Micro820,Middleware,2,22.465300004114397
Allen-Bradley Micro820,Middleware,3,21.58610000333283
Allen-Bradley Micro820,Middleware,4,18.969500000821427
Allen-Bradley Micro820,Middleware,5,14.248300009057857
Allen-Bradley Micro820,Middleware,6,14.26559999526944
Allen-Bradley Micro820,Middleware,7,14.033800005563535
Allen-Bradley Micro820,Middleware,8,18.596600013552234
Allen-Bradley Micro820,Middleware,9,18.534300004830584
Allen-Bradley Micro820,Middleware,10,18.47950000956189
Allen-Bradley Micro820,Middleware,11,18.6050000047544
Allen-Bradley Micro820,Middleware,12,14.63089999742806
Allen-Bradley Micro820,Middleware,13,14.31820000289008
Allen-Bradley Micro820,Middleware,14,14.638900000136346
Allen-Bradley Micro820,Middleware,15,19.155500005581416
Allen-Bradley Micro820,Middleware,16,14.35230000060983
Allen-Bradley Micro820,Middleware,17,14.394099998753518
Allen-Bradley Micro820,Middleware,18,18.599400005768985
Allen-Bradley Micro820,Middleware,19,14.511000001220964
Allen-Bradley Micro820,Middleware,20,14.487000007648021
Allen-Bradley Micro820,Middleware,21,18.45070000854321
Allen-Bradley Micro820,Middleware,22,19.30990000255406
Allen-Bradley Micro820,Middleware,23,14.244399993913248
Allen-Bradley Micro820,Middleware,24,21.355799995944835
Allen-Bradley Micro820,Middleware,25,18.299799994565547
Allen-Bradley Micro820,Middleware,26,14.18260000355076
Allen-Bradley Micro820,Middleware,27,14.080599998123944
Allen-Bradley Micro820,Middleware,28,13.927000007242896
Allen-Bradley Micro820,Middleware,29,19.63289998820983
Allen-Bradley Micro820,Middleware,30,19.522699993103743
Allen-Bradley Micro820,Middleware,31,60.075000001234
Allen-Bradley Micro820,Middleware,32,27.067800008808263
Allen-Bradley Micro820,Middleware,33,15.598599988152273
Allen-Bradley Micro820,Middleware,34,18.916000000899658
Allen-Bradley Micro820,Middleware,35,14.50870001281146
Allen-Bradley Micro820,Middleware,36,18.53570000093896
Allen-Bradley Micro820,Middleware,37,19.029399991268292
Allen-Bradley Micro820,Middleware,38,14.372999998158775
Allen-Bradley Micro820,Middleware,39,18.45849999517668
Allen-Bradley Micro820,Middleware,40,14.231999986805022
Allen-Bradley Micro820,Middleware,41,13.732499995967373
Allen-Bradley Micro820,Middleware,42,14.167999994242564
Allen-Bradley Micro820,Middleware,43,14.22189999721013
Allen-Bradley Micro820,Middleware,44,18.616300003486685
Allen-Bradley Micro820,Middleware,45,14.253400004236028
Allen-Bradley Micro820,Middleware,46,14.407799986656755
Allen-Bradley Micro820,Middleware,47,18.267100007506087
Allen-Bradley Micro820,Middleware,48,14.012300001922995
Allen-Bradley Micro820,Middleware,49,13.962099998025224
Allen-Bradley Micro820,Middleware,50,14.140600003884174
Allen-Bradley Micro820,Middleware,51,19.63439999963157
Allen-Bradley Micro820,Middleware,52,18.291600004886277
Allen-Bradley Micro820,Middleware,53,19.024400011403486
Allen-Bradley Micro820,Middleware,54,15.891100003500469
Allen-Bradley Micro820,Middleware,55,16.84900000691414
Allen-Bradley Micro820,Middleware,56,14.215500006685033
Allen-Bradley Micro820,Middleware,57,14.68110000132583
Allen-Bradley Micro820,Middleware,58,18.590499996207654
Allen-Bradley Micro820,Middleware,59,19.86600000236649
Allen-Bradley Micro820,Middleware,60,14.259000003221445
Allen-Bradley Micro820,Middleware,61,65.24050000007264
Allen-Bradley Micro820,Middleware,62,25.407700013602152
Allen-Bradley Micro820,Middleware,63,15.512700003455393
Allen-Bradley Micro820,Middleware,64,14.369899989105761
Allen-Bradley Micro820,Middleware,65,19.09420000447426
Allen-Bradley Micro820,Middleware,66,14.316800006781705
Allen-Bradley Micro820,Middleware,67,13.888600005884655
Allen-Bradley Micro820,Middleware,68,13.863900006981567
Allen-Bradley Micro820,Middleware,69,14.83149999694433
Allen-Bradley Micro820,Middleware,70,14.109600000665523
Allen-Bradley Micro820,Middleware,71,18.549300002632663
Allen-Bradley Micro820,Middleware,72,14.643400005297735
Allen-Bradley Micro820,Middleware,73,18.3987999917008
Allen-Bradley Micro820,Middleware,74,18.570899992482737
Allen-Bradley Micro820,Middleware,75,14.997799997217953
Allen-Bradley Micro820,Middleware,76,14.396300000953488
Allen-Bradley Micro820,Middleware,77,14.46330000180751
Allen-Bradley Micro820,Middleware,78,14.445299995713867
Allen-Bradley Micro820,Middleware,79,18.787099994369783
Allen-Bradley Micro820,Middleware,80,19.101199999568053
Allen-Bradley Micro820,Middleware,81,14.053799997782335
Allen-Bradley Micro820,Middleware,82,18.974699996761046
Allen-Bradley Micro820,Middleware,83,18.89120000123512
Allen-Bradley Micro820,Middleware,84,14.49589998810552
Allen-Bradley Micro820,Middleware,85,18.687200004933402
Allen-Bradley Micro820,Middleware,86,14.705300010973588
Allen-Bradley Micro820,Middleware,87,18.64140000543557
Allen-Bradley Micro820,Middleware,88,14.680499996757135
Allen-Bradley Micro820,Middleware,89,19.02580000751186
Allen-Bradley Micro820,Middleware,90,15.026699998998083
Allen-Bradley Micro820,Middleware,91,60.28869999863673
Allen-Bradley Micro820,Middleware,92,22.427300005801953
Allen-Bradley Micro820,Middleware,93,26.116000008187257
Allen-Bradley Micro820,Middleware,94,14.446499990299344
Allen-Bradley Micro820,Middleware,95,18.733599994448014
Allen-Bradley Micro820,Middleware,96,14.063399998121895
Allen-Bradley Micro820,Middleware,97,14.193100010743365
Allen-Bradley Micro820,Middleware,98,18.80160000291653
Allen-Bradley Micro820,Middleware,99,18.58209999045357
Allen-Bradley Micro820,Middleware,100,18.495700001949444
Allen-Bradley Micro820,Middleware,101,18.80580000579357
Allen-Bradley Micro820,Middleware,102,14.524700003676116
Allen-Bradley Micro820,Middleware,103,18.401900000753812
Allen-Bradley Micro820,Middleware,104,14.286200006608851
Allen-Bradley Micro820,Middleware,105,14.00120000471361
Allen-Bradley Micro820,Middleware,106,14.462099992670119
Allen-Bradley Micro820,Middleware,107,18.13090000359807
Allen-Bradley Micro820,Middleware,108,14.40500000899192
Allen-Bradley Micro820,Middleware,109,21.677800003089942
Allen-Bradley Micro820,Middleware,110,19.230200006859377
Allen-Bradley Micro820,Middleware,111,20.683499998995103
Allen-Bradley Micro820,Middleware,112,18.88300001155585
Allen-Bradley Micro820,Middleware,113,14.045800009625964
Allen-Bradley Micro820,Middleware,114,14.147000008961186
Allen-Bradley Micro820,Middleware,115,18.752000003587455
Allen-Bradley Micro820,Middleware,116,18.348300000070594
Allen-Bradley Micro820,Middleware,117,18.737300008069724
Allen-Bradley Micro820,Middleware,118,14.948399999411777
Allen-Bradley Micro820,Middleware,119,14.198699995176867
Allen-Bradley Micro820,Middleware,120,59.7264000098221
Allen-Bradley Micro820,Middleware,121,22.05149999645073
Allen-Bradley Micro820,Middleware,122,16.6970999998739
Allen-Bradley Micro820,Middleware,123,18.543600002885796
Allen-Bradley Micro820,Middleware,124,14.08179999270942
Allen-Bradley Micro820,Middleware,125,14.575799999875017
Allen-Bradley Micro820,Middleware,126,14.197299999068491
Allen-Bradley Micro820,Middleware,127,14.108999996096827
Allen-Bradley Micro820,Middleware,128,14.277700000093319
Allen-Bradley Micro820,Middleware,129,18.292599997948855
Allen-Bradley Micro820,Middleware,130,14.37749998876825
Allen-Bradley Micro820,Middleware,131,18.790899994201027
Allen-Bradley Micro820,Middleware,132,14.142700005322695
Allen-Bradley Micro820,Middleware,133,14.057200009119697
Allen-Bradley Micro820,Middleware,134,18.667100011953153
Allen-Bradley Micro820,Middleware,135,14.000800001667812
Allen-Bradley Micro820,Middleware,136,18.531599998823367
Allen-Bradley Micro820,Middleware,137,14.115800004219636
Allen-Bradley Micro820,Middleware,138,15.03019999654498
Allen-Bradley Micro820,Middleware,139,14.160300008370541
Allen-Bradley Micro820,Middleware,140,14.954799989936873
Allen-Bradley Micro820,Middleware,141,18.38730000599753
Allen-Bradley Micro820,Middleware,142,14.387899995199405
Allen-Bradley Micro820,Middleware,143,16.6037999879336
Allen-Bradley Micro820,Middleware,144,18.802400009008124
Allen-Bradley Micro820,Middleware,145,14.74130000860896
Allen-Bradley Micro820,Middleware,146,14.531799999531358
Allen-Bradley Micro820,Middleware,147,14.391899996553548
Allen-Bradley Micro820,Middleware,148,14.427800007979386
Allen-Bradley Micro820,Middleware,149,14.119100000243634
Allen-Bradley Micro820,Middleware,150,18.56019999831915
Allen-Bradley Micro820,Middleware,151,61.2468000035733
Allen-Bradley Micro820,Middleware,152,27.063100002123974
Allen-Bradley Micro820,Middleware,153,22.056500005419366
Allen-Bradley Micro820,Middleware,154,19.221899987314828
Allen-Bradley Micro820,Middleware,155,14.00399999693036
Allen-Bradley Micro820,Middleware,156,18.953599996166304
Allen-Bradley Micro820,Middleware,157,18.396800005575642
Allen-Bradley Micro820,Middleware,158,18.217999997432344
Allen-Bradley Micro820,Middleware,159,14.39740000932943
Allen-Bradley Micro820,Middleware,160,18.441200008965097
Allen-Bradley Micro820,Middleware,161,14.05900000827387
Allen-Bradley Micro820,Middleware,162,14.367100011440925
Allen-Bradley Micro820,Middleware,163,14.600900001823902
Allen-Bradley Micro820,Middleware,164,16.863999990164302
Allen-Bradley Micro820,Middleware,165,19.013500001165085
Allen-Bradley Micro820,Middleware,166,14.414799996302463
Allen-Bradley Micro820,Middleware,167,16.4163000008557
Allen-Bradley Micro820,Middleware,168,18.67350000247825
Allen-Bradley Micro820,Middleware,169,14.393199991900474
Allen-Bradley Micro820,Middleware,170,23.92199999303557
Allen-Bradley Micro820,Middleware,171,13.992599997436628
Allen-Bradley Micro820,Middleware,172,14.569699997082353
Allen-Bradley Micro820,Middleware,173,14.410399991902523
Allen-Bradley Micro820,Middleware,174,14.225399994757026
Allen-Bradley Micro820,Middleware,175,18.785899999784306
Allen-Bradley Micro820,Middleware,176,14.341300004161894
Allen-Bradley Micro820,Middleware,177,14.268500002799556
Allen-Bradley Micro820,Middleware,178,18.87949999945704
Allen-Bradley Micro820,Middleware,179,14.67160000174772
Allen-Bradley Micro820,Middleware,180,14.217699994333088
Allen-Bradley Micro820,Middleware,181,63.087399990763515
Allen-Bradley Micro820,Middleware,182,22.428099997341633
Allen-Bradley Micro820,Middleware,183,20.08449999266304
Allen-Bradley Micro820,Middleware,184,14.214199996786192
Allen-Bradley Micro820,Middleware,185,14.004999989992939
Allen-Bradley Micro820,Middleware,186,18.592000007629395
Allen-Bradley Micro820,Middleware,187,14.314200001535937
Allen-Bradley Micro820,Middleware,188,18.48020000034012
Allen-Bradley Micro820,Middleware,189,14.837299997452646
Allen-Bradley Micro820,Middleware,190,18.370699996012263
Allen-Bradley Micro820,Middleware,191,13.926899991929531
Allen-Bradley Micro820,Middleware,192,14.453099996899255
Allen-Bradley Micro820,Middleware,193,14.9161000008462
Allen-Bradley Micro820,Middleware,194,18.43179999559652
Allen-Bradley Micro820,Middleware,195,14.915299994754605
Allen-Bradley Micro820,Middleware,196,14.432400013902225
Allen-Bradley Micro820,Middleware,197,18.3106000040425
Allen-Bradley Micro820,Middleware,198,18.430600001011044
Allen-Bradley Micro820,Middleware,199,16.934700004640035
Allen-Bradley Micro820,Middleware,200,14.866500001517124
Allen-Bradley Micro820,Middleware,201,14.024999996763654
Allen-Bradley Micro820,Middleware,202,14.206099993316457
Allen-Bradley Micro820,Middleware,203,18.51870000245981
Allen-Bradley Micro820,Middleware,204,15.017400000942871
Allen-Bradley Micro820,Middleware,205,14.390099997399375
Allen-Bradley Micro820,Middleware,206,18.777399993268773
Allen-Bradley Micro820,Middleware,207,14.528800005791709
Allen-Bradley Micro820,Middleware,208,14.355799998156726
Allen-Bradley Micro820,Middleware,209,18.666999996639788
Allen-Bradley Micro820,Middleware,210,14.977400001953356
Allen-Bradley Micro820,Middleware,211,18.840900011127815
Allen-Bradley Micro820,Middleware,212,68.40259999444243
Allen-Bradley Micro820,Middleware,213,21.316900005331263
Allen-Bradley Micro820,Middleware,214,15.233000012813136
Allen-Bradley Micro820,Middleware,215,14.282200005254708
Allen-Bradley Micro820,Middleware,216,18.636599997989833
Allen-Bradley Micro820,Middleware,217,18.939000001410022
Allen-Bradley Micro820,Middleware,218,14.351999998325482
Allen-Bradley Micro820,Middleware,219,16.349199999240227
Allen-Bradley Micro820,Middleware,220,18.68300000205636
Allen-Bradley Micro820,Middleware,221,14.518600000883453
Allen-Bradley Micro820,Middleware,222,19.754699998884462
Allen-Bradley Micro820,Middleware,223,14.71299999684561
Allen-Bradley Micro820,Middleware,224,18.575399997644126
Allen-Bradley Micro820,Middleware,225,18.478300000424497
Allen-Bradley Micro820,Middleware,226,20.005099999252707
Allen-Bradley Micro820,Middleware,227,18.643699993845075
Allen-Bradley Micro820,Middleware,228,20.221400001901202
Allen-Bradley Micro820,Middleware,229,14.337700005853549
Allen-Bradley Micro820,Middleware,230,18.873599998187274
Allen-Bradley Micro820,Middleware,231,14.622699993196875
Allen-Bradley Micro820,Middleware,232,14.296299996203743
Allen-Bradley Micro820,Middleware,233,14.239500000257976
Allen-Bradley Micro820,Middleware,234,14.204600010998547
Allen-Bradley Micro820,Middleware,235,18.456999998306856
Allen-Bradley Micro820,Middleware,236,18.763900006888434
Allen-Bradley Micro820,Middleware,237,14.958300002035685
Allen-Bradley Micro820,Middleware,238,19.680500001413748
Allen-Bradley Micro820,Middleware,239,18.646099997567944
Allen-Bradley Micro820,Middleware,240,61.45810001180507
Allen-Bradley Micro820,Middleware,241,18.246699997689575
Allen-Bradley Micro820,Middleware,242,21.677099997759797
Allen-Bradley Micro820,Middleware,243,24.689500001841225
Allen-Bradley Micro820,Middleware,244,14.484600003925152
Allen-Bradley Micro820,Middleware,245,14.575799999875017
Allen-Bradley Micro820,Middleware,246,14.208200009306893
Allen-Bradley Micro820,Middleware,247,15.35380000132136
Allen-Bradley Micro820,Middleware,248,18.685600007302128
Allen-Bradley Micro820,Middleware,249,13.798399988445453
Allen-Bradley Micro820,Middleware,250,14.990600000601262
Allen-Bradley Micro820,Middleware,251,14.446000001044013
Allen-Bradley Micro820,Middleware,252,18.391499994322658
Allen-Bradley Micro820,Middleware,253,16.92429999820888
Allen-Bradley Micro820,Middleware,254,14.164699998218566
Allen-Bradley Micro820,Middleware,255,14.020899994648062
Allen-Bradley Micro820,Middleware,256,14.247700004489161
Allen-Bradley Micro820,Middleware,257,18.82139999361243
Allen-Bradley Micro820,Middleware,258,14.558700000634417
Allen-Bradley Micro820,Middleware,259,18.50160000321921
Allen-Bradley Micro820,Middleware,260,14.53390000096988
Allen-Bradley Micro820,Middleware,261,18.678099993849173
Allen-Bradley Micro820,Middleware,262,14.565899997251108
Allen-Bradley Micro820,Middleware,263,18.400800006929785
Allen-Bradley Micro820,Middleware,264,14.21239999763202
Allen-Bradley Micro820,Middleware,265,14.35890000720974
Allen-Bradley Micro820,Middleware,266,14.590400009183213
Allen-Bradley Micro820,Middleware,267,14.569899998605251
Allen-Bradley Micro820,Middleware,268,18.228900007670745
Allen-Bradley Micro820,Middleware,269,14.243099998566322
Allen-Bradley Micro820,Middleware,270,18.29089999955613
Allen-Bradley Micro820,Middleware,271,55.221399990841746
Allen-Bradley Micro820,Middleware,272,16.5353999909712
Allen-Bradley Micro820,Middleware,273,23.566400006529875
Allen-Bradley Micro820,Middleware,274,23.821299997507595
Allen-Bradley Micro820,Middleware,275,18.788400004268624
Allen-Bradley Micro820,Middleware,276,14.266800004406832
Allen-Bradley Micro820,Middleware,277,13.794300000881776
Allen-Bradley Micro820,Middleware,278,14.429000002564862
Allen-Bradley Micro820,Middleware,279,21.001600005547516
Allen-Bradley Micro820,Middleware,280,15.808399999514222
Allen-Bradley Micro820,Middleware,281,14.041200003703125
Allen-Bradley Micro820,Middleware,282,13.822300010360777
Allen-Bradley Micro820,Middleware,283,13.97739999811165
Allen-Bradley Micro820,Middleware,284,15.199700006633066
Allen-Bradley Micro820,Middleware,285,14.931400000932626
Allen-Bradley Micro820,Middleware,286,18.70749999943655
Allen-Bradley Micro820,Middleware,287,19.168300001183525
Allen-Bradley Micro820,Middleware,288,18.363399998634122
Allen-Bradley Micro820,Middleware,289,14.070100005483255
Allen-Bradley Micro820,Middleware,290,13.911700007156469
Allen-Bradley Micro820,Middleware,291,14.182399987475947
Allen-Bradley Micro820,Middleware,292,13.85830000799615
Allen-Bradley Micro820,Middleware,293,18.202999999630265
Allen-Bradley Micro820,Middleware,294,13.900699996156618
Allen-Bradley Micro820,Middleware,295,14.068999997107312
Allen-Bradley Micro820,Middleware,296,18.457300000591204
Allen-Bradley Micro820,Middleware,297,14.59900000190828
Allen-Bradley Micro820,Middleware,298,14.10859999305103
Allen-Bradley Micro820,Middleware,299,14.6070999908261
Allen-Bradley Micro820,Middleware,300,15.115799993509427
Allen-Bradley Micro820,Middleware,301,18.098100001225248
Allen-Bradley Micro820,Middleware,302,57.07629999960773
Allen-Bradley Micro820,Middleware,303,16.70860000012908
Allen-Bradley Micro820,Middleware,304,27.671800009557046
Allen-Bradley Micro820,Middleware,305,15.267800001311116
Allen-Bradley Micro820,Middleware,306,14.006099998368882
Allen-Bradley Micro820,Middleware,307,14.069000011659227
Allen-Bradley Micro820,Middleware,308,16.190700000151992
Allen-Bradley Micro820,Middleware,309,16.422000000602566
Allen-Bradley Micro820,Middleware,310,16.425099995103665
Allen-Bradley Micro820,Middleware,311,14.563999997335486
Allen-Bradley Micro820,Middleware,312,13.827999995555729
Allen-Bradley Micro820,Middleware,313,14.01290000649169
Allen-Bradley Micro820,Middleware,314,14.248999999836087
Allen-Bradley Micro820,Middleware,315,14.154000004054978
Allen-Bradley Micro820,Middleware,316,14.430499999434687
Allen-Bradley Micro820,Middleware,317,18.450799994752742
Allen-Bradley Micro820,Middleware,318,14.57010000012815
Allen-Bradley Micro820,Middleware,319,18.43189999635797
Allen-Bradley Micro820,Middleware,320,13.933900001575239
Allen-Bradley Micro820,Middleware,321,14.209600005415268
Allen-Bradley Micro820,Middleware,322,18.54520000051707
Allen-Bradley Micro820,Middleware,323,14.382599998498335
Allen-Bradley Micro820,Middleware,324,14.388399999006651
Allen-Bradley Micro820,Middleware,325,17.94010000594426
Allen-Bradley Micro820,Middleware,326,14.64999999734573
Allen-Bradley Micro820,Middleware,327,14.421599989873357
Allen-Bradley Micro820,Middleware,328,18.22469999024179
Allen-Bradley Micro820,Middleware,329,13.846500005456619
Allen-Bradley Micro820,Middleware,330,18.540400007623248
Allen-Bradley Micro820,Middleware,331,14.657899999292567
Allen-Bradley Micro820,Middleware,332,18.360799993388355
Allen-Bradley Micro820,Middleware,333,15.120099997147918
Allen-Bradley Micro820,Middleware,334,57.99990000377875
Allen-Bradley Micro820,Middleware,335,23.794599997927435
Allen-Bradley Micro820,Middleware,336,15.939199991407804
Allen-Bradley Micro820,Middleware,337,18.16089999920223
Allen-Bradley Micro820,Middleware,338,13.943799989647232
Allen-Bradley Micro820,Middleware,339,14.620000001741573
Allen-Bradley Micro820,Middleware,340,18.626200006110594
Allen-Bradley Micro820,Middleware,341,18.14239998930134
Allen-Bradley Micro820,Middleware,342,18.0125000042608
Allen-Bradley Micro820,Middleware,343,13.930300003266893
Allen-Bradley Micro820,Middleware,344,14.035800006240606
Allen-Bradley Micro820,Middleware,345,19.938299999921583
Allen-Bradley Micro820,Middleware,346,18.699000007472932
Allen-Bradley Micro820,Middleware,347,14.764300009119324
Allen-Bradley Micro820,Middleware,348,15.82280000729952
Allen-Bradley Micro820,Middleware,349,14.143000007607043
Allen-Bradley Micro820,Middleware,350,13.986200006911531
Allen-Bradley Micro820,Middleware,351,18.076899999869056
Allen-Bradley Micro820,Middleware,352,14.452100003836676
Allen-Bradley Micro820,Middleware,353,14.491000009002164
Allen-Bradley Micro820,Middleware,354,14.35240000137128
Allen-Bradley Micro820,Middleware,355,14.057800013688393
Allen-Bradley Micro820,Middleware,356,18.499600002542138
Allen-Bradley Micro820,Middleware,357,14.034100007847883
Allen-Bradley Micro820,Middleware,358,18.42019999457989
Allen-Bradley Micro820,Middleware,359,18.168800001149066
Allen-Bradley Micro820,Middleware,360,18.319199996767566
Allen-Bradley Micro820,Middleware,361,18.181699997512624
Allen-Bradley Micro820,Middleware,362,19.52450000680983
Allen-Bradley Micro820,Middleware,363,19.66250000987202
Allen-Bradley Micro820,Middleware,364,66.45930001104716
Allen-Bradley Micro820,Middleware,365,27.334600003086962
Allen-Bradley Micro820,Middleware,366,17.66240000142716
Allen-Bradley Micro820,Middleware,367,14.08860000083223
Allen-Bradley Micro820,Middleware,368,14.169200003379956
Allen-Bradley Micro820,Middleware,369,13.733999992837198
Allen-Bradley Micro820,Middleware,370,14.754799994989298
Allen-Bradley Micro820,Middleware,371,18.127000003005378
Allen-Bradley Micro820,Middleware,372,18.39979999931529
Allen-Bradley Micro820,Middleware,373,14.059399996767752
Allen-Bradley Micro820,Middleware,374,14.185100008035079
Allen-Bradley Micro820,Middleware,375,14.097899998887442
Allen-Bradley Micro820,Middleware,376,18.506500011426397
Allen-Bradley Micro820,Middleware,377,19.12359999550972
Allen-Bradley Micro820,Middleware,378,13.559800005168654
Allen-Bradley Micro820,Middleware,379,18.751900002826005
Allen-Bradley Micro820,Middleware,380,18.070700010866858
Allen-Bradley Micro820,Middleware,381,14.879199996357784
Allen-Bradley Micro820,Middleware,382,14.085800008615479
Allen-Bradley Micro820,Middleware,383,13.530399999581277
Allen-Bradley Micro820,Middleware,384,13.84699999471195
Allen-Bradley Micro820,Middleware,385,13.745299991569482
Allen-Bradley Micro820,Middleware,386,15.163599993684329
Allen-Bradley Micro820,Middleware,387,18.35939999727998
Allen-Bradley Micro820,Middleware,388,15.484099989407696
Allen-Bradley Micro820,Middleware,389,15.406799997435883
Allen-Bradley Micro820,Middleware,390,18.54250000906177
Allen-Bradley Micro820,Middleware,391,14.138799990178086
Allen-Bradley Micro820,Middleware,392,14.28049999231007
Allen-Bradley Micro820,Middleware,393,18.627899989951402
Allen-Bradley Micro820,Middleware,394,55.62889999418985
Allen-Bradley Micro820,Middleware,395,19.97369999298826
Allen-Bradley Micro820,Middleware,396,20.94539999961853
Allen-Bradley Micro820,Middleware,397,20.56990000710357
Allen-Bradley Micro820,Middleware,398,14.190600006259046
Allen-Bradley Micro820,Middleware,399,14.025399999809451
Allen-Bradley Micro820,Middleware,400,13.843900000210851
Allen-Bradley Micro820,Middleware,401,13.98870001139585
Allen-Bradley Micro820,Middleware,402,13.97089999227319
Allen-Bradley Micro820,Middleware,403,14.186400003382005
Allen-Bradley Micro820,Middleware,404,19.400799996219575
Allen-Bradley Micro820,Middleware,405,13.81809999293182
Allen-Bradley Micro820,Middleware,406,18.18729999649804
Allen-Bradley Micro820,Middleware,407,20.00219999172259
Allen-Bradley Micro820,Middleware,408,14.759199999389239
Allen-Bradley Micro820,Middleware,409,13.83440000063274
Allen-Bradley Micro820,Middleware,410,14.163200001348741
Allen-Bradley Micro820,Middleware,411,13.802100002067164
Allen-Bradley Micro820,Middleware,412,13.627399996039458
Allen-Bradley Micro820,Middleware,413,14.391100005013868
Allen-Bradley Micro820,Middleware,414,13.97680000809487
Allen-Bradley Micro820,Middleware,415,14.091500008362345
Allen-Bradley Micro820,Middleware,416,13.881599996238947
Allen-Bradley Micro820,Middleware,417,14.558099996065721
Allen-Bradley Micro820,Middleware,418,14.774299997952767
Allen-Bradley Micro820,Middleware,419,18.222400001832284
Allen-Bradley Micro820,Middleware,420,14.246899998397566
Allen-Bradley Micro820,Middleware,421,15.76490000297781
Allen-Bradley Micro820,Middleware,422,18.732600001385435
Allen-Bradley Micro820,Middleware,423,14.293499989435077
Allen-Bradley Micro820,Middleware,424,15.611099996021949
Allen-Bradley Micro820,Middleware,425,13.891499998862855
Allen-Bradley Micro820,Middleware,426,61.02980001014657
Allen-Bradley Micro820,Middleware,427,24.234299999079667
Allen-Bradley Micro820,Middleware,428,21.934699994744733
Allen-Bradley Micro820,Middleware,429,19.435299996985123
Allen-Bradley Micro820,Middleware,430,18.289999992703088
Allen-Bradley Micro820,Middleware,431,13.872399998945184
Allen-Bradley Micro820,Middleware,432,14.101599997957237
Allen-Bradley Micro820,Middleware,433,14.027199998963624
Allen-Bradley Micro820,Middleware,434,15.40709999972023
Allen-Bradley Micro820,Middleware,435,14.389499992830679
Allen-Bradley Micro820,Middleware,436,13.960999989649281
Allen-Bradley Micro820,Middleware,437,18.82369999657385
Allen-Bradley Micro820,Middleware,438,14.277299997047521
Allen-Bradley Micro820,Middleware,439,14.518999989377335
Allen-Bradley Micro820,Middleware,440,14.056899992283434
Allen-Bradley Micro820,Middleware,441,14.308400001027621
Allen-Bradley Micro820,Middleware,442,14.013700012583286
Allen-Bradley Micro820,Middleware,443,14.187499997206032
Allen-Bradley Micro820,Middleware,444,14.506099993013777
Allen-Bradley Micro820,Middleware,445,18.63180000509601
Allen-Bradley Micro820,Middleware,446,16.262100005405955
Allen-Bradley Micro820,Middleware,447,18.390499986708164
Allen-Bradley Micro820,Middleware,448,18.654600004083477
Allen-Bradley Micro820,Middleware,449,14.45590000366792
Allen-Bradley Micro820,Middleware,450,14.381599990883842
Allen-Bradley Micro820,Middleware,451,18.463700005668215
Allen-Bradley Micro820,Middleware,452,13.725299999350682
Allen-Bradley Micro820,Middleware,453,25.599100001272745
Allen-Bradley Micro820,Middleware,454,13.931400011642836
Allen-Bradley Micro820,Middleware,455,14.095499995164573
Allen-Bradley Micro820,Middleware,456,18.251899993629195
Allen-Bradley Micro820,Middleware,457,56.343899996136315
Allen-Bradley Micro820,Middleware,458,16.31380000617355
Allen-Bradley Micro820,Middleware,459,20.753200005856343
Allen-Bradley Micro820,Middleware,460,16.363600007025525
Allen-Bradley Micro820,Middleware,461,14.500200006295927
Allen-Bradley Micro820,Middleware,462,14.499199998681433
Allen-Bradley Micro820,Middleware,463,17.95940000738483
Allen-Bradley Micro820,Middleware,464,15.966999999363907
Allen-Bradley Micro820,Middleware,465,14.298599999165162
Allen-Bradley Micro820,Middleware,466,18.152399992686696
Allen-Bradley Micro820,Middleware,467,20.063499992829747
Allen-Bradley Micro820,Middleware,468,18.449199997121468
Allen-Bradley Micro820,Middleware,469,18.3413000049768
Allen-Bradley Micro820,Middleware,470,18.678199994610623
Allen-Bradley Micro820,Middleware,471,13.605100000859238
Allen-Bradley Micro820,Middleware,472,14.08120000269264
Allen-Bradley Micro820,Middleware,473,14.723000000230968
Allen-Bradley Micro820,Middleware,474,14.140800005407073
Allen-Bradley Micro820,Middleware,475,18.39019999897573
Allen-Bradley Micro820,Middleware,476,14.183699997374788
Allen-Bradley Micro820,Middleware,477,19.50300000316929
Allen-Bradley Micro820,Middleware,478,14.498100004857406
Allen-Bradley Micro820,Middleware,479,17.88719999603927
Allen-Bradley Micro820,Middleware,480,18.495300013455562
Allen-Bradley Micro820,Middleware,481,18.15990000613965
Allen-Bradley Micro820,Middleware,482,13.885400010622106
Allen-Bradley Micro820,Middleware,483,14.688099996419623
Allen-Bradley Micro820,Middleware,484,14.444000000366941
Allen-Bradley Micro820,Middleware,485,21.134900001925416
Allen-Bradley Micro820,Middleware,486,18.421699991449714
Allen-Bradley Micro820,Middleware,487,55.95680000260472
Allen-Bradley Micro820,Middleware,488,20.561800003633834
Allen-Bradley Micro820,Middleware,489,22.289899992756546
Allen-Bradley Micro820,Middleware,490,15.210300000035204
Allen-Bradley Micro820,Middleware,491,18.68090000061784
Allen-Bradley Micro820,Middleware,492,14.714899996761233
Allen-Bradley Micro820,Middleware,493,18.655899999430403
Allen-Bradley Micro820,Middleware,494,18.297999995411374
Allen-Bradley Micro820,Middleware,495,13.850600007572211
Allen-Bradley Micro820,Middleware,496,14.484000013908371
Allen-Bradley Micro820,Middleware,497,13.79359999555163
Allen-Bradley Micro820,Middleware,498,14.244799996959046
Allen-Bradley Micro820,Middleware,499,17.699899995932356
Allen-Bradley Micro820,Middleware,500,18.47339999221731
Arduino Opta,Direct,1,12.947800001711585
Arduino Opta,Direct,2,12.955400001374073
Arduino Opta,Direct,3,13.022700004512444
Arduino Opta,Direct,4,13.190099998610094
Arduino Opta,Direct,5,12.747400003718212
Arduino Opta,Direct,6,13.023299994529225
Arduino Opta,Direct,7,12.982800006284378
Arduino Opta,Direct,8,13.003799991565756
Arduino Opta,Direct,9,12.989299997570924
Arduino Opta,Direct,10,13.12329999927897
Arduino Opta,Direct,11,13.01429999875836
Arduino Opta,Direct,12,12.992500007385388
Arduino Opta,Direct,13,12.916699997731484
Arduino Opta,Direct,14,12.94400000188034
Arduino Opta,Direct,15,12.99799999105744
Arduino Opta,Direct,16,13.140199996996671
Arduino Opta,Direct,17,13.069299995549954
Arduino Opta,Direct,18,12.911300000268966
Arduino Opta,Direct,19,12.969600007636473
Arduino Opta,Direct,20,12.939199994434603
Arduino Opta,Direct,21,12.993099997402169
Arduino Opta,Direct,22,13.465500000165775
Arduino Opta,Direct,23,13.00690000061877
Arduino Opta,Direct,24,12.538299997686408
Arduino Opta,Direct,25,12.978400001884438
Arduino Opta,Direct,26,13.037500000791624
Arduino Opta,Direct,27,16.004499993869103
Arduino Opta,Direct,28,16.088799995486625
Arduino Opta,Direct,29,12.894600004074164
Arduino Opta,Direct,30,13.066400002571754
Arduino Opta,Direct,31,13.03060000645928
Arduino Opta,Direct,32,13.02919999579899
Arduino Opta,Direct,33,12.98109999333974
Arduino Opta,Direct,34,12.985099994693883
Arduino Opta,Direct,35,12.90780000272207
Arduino Opta,Direct,36,13.111800013575703
Arduino Opta,Direct,37,12.908000004244968
Arduino Opta,Direct,38,13.045299987425096
Arduino Opta,Direct,39,13.05359999241773
Arduino Opta,Direct,40,12.902000002213754
Arduino Opta,Direct,41,13.017899997066706
Arduino Opta,Direct,42,13.007299989112653
Arduino Opta,Direct,43,13.05589999537915
Arduino Opta,Direct,44,12.875000000349246
Arduino Opta,Direct,45,13.001599989365786
Arduino Opta,Direct,46,13.412999993306585
Arduino Opta,Direct,47,12.909099998068996
Arduino Opta,Direct,48,12.839100003475323
Arduino Opta,Direct,49,12.903499999083579
Arduino Opta,Direct,50,13.013000003411435
Arduino Opta,Direct,51,13.030699992668815
Arduino Opta,Direct,52,12.904699993669055
Arduino Opta,Direct,53,13.065999999525957
Arduino Opta,Direct,54,12.999300000956282
Arduino Opta,Direct,55,13.011700008064508
Arduino Opta,Direct,56,12.909400000353344
Arduino Opta,Direct,57,13.000899998587556
Arduino Opta,Direct,58,13.206000003265217
Arduino Opta,Direct,59,12.81280000694096
Arduino Opta,Direct,60,13.049600005615503
Arduino Opta,Direct,61,13.022099999943748
Arduino Opta,Direct,62,12.95879999815952
Arduino Opta,Direct,63,12.920599998324178
Arduino Opta,Direct,64,13.065799998003058
Arduino Opta,Direct,65,13.14700000511948
Arduino Opta,Direct,66,12.92259999900125
Arduino Opta,Direct,67,13.010100010433234
Arduino Opta,Direct,68,15.985999998520128
Arduino Opta,Direct,69,16.01019999361597
Arduino Opta,Direct,70,13.066300001810305
Arduino Opta,Direct,71,12.843999997130595
Arduino Opta,Direct,72,13.077800002065487
Arduino Opta,Direct,73,13.003400003071874
Arduino Opta,Direct,74,12.980100000277162
Arduino Opta,Direct,75,12.917000000015832
Arduino Opta,Direct,76,13.016500000958331
Arduino Opta,Direct,77,13.030100002652034
Arduino Opta,Direct,78,12.939200008986518
Arduino Opta,Direct,79,13.025499996729195
Arduino Opta,Direct,80,12.989499999093823
Arduino Opta,Direct,81,13.29960000293795
Arduino Opta,Direct,82,12.769699998898432
Arduino Opta,Direct,83,13.213300000643358
Arduino Opta,Direct,84,12.777600000845268
Arduino Opta,Direct,85,13.120599993271753
Arduino Opta,Direct,86,13.253999990411103
Arduino Opta,Direct,87,12.684299988904968
Arduino Opta,Direct,88,12.946499991812743
Arduino Opta,Direct,89,13.126699996064417
Arduino Opta,Direct,90,12.793500005500391
Arduino Opta,Direct,91,13.006000008317642
Arduino Opta,Direct,92,13.098699986585416
Arduino Opta,Direct,93,13.056499999947846
Arduino Opta,Direct,94,12.80929999484215
Arduino Opta,Direct,95,13.004099993850105
Arduino Opta,Direct,96,12.996000004932284
Arduino Opta,Direct,97,13.476399995852262
Arduino Opta,Direct,98,12.994299991987646
Arduino Opta,Direct,99,13.016800003242679
Arduino Opta,Direct,100,12.532699998700991
Arduino Opta,Direct,101,12.97589999740012
Arduino Opta,Direct,102,13.014699987252243
Arduino Opta,Direct,103,12.985100009245798
Arduino Opta,Direct,104,13.022099999943748
Arduino Opta,Direct,105,13.456100001349114
Arduino Opta,Direct,106,12.99509999807924
Arduino Opta,Direct,107,12.55220000166446
Arduino Opta,Direct,108,12.9707000014605
Arduino Opta,Direct,109,13.12619999225717
Arduino Opta,Direct,110,16.090200006146915
Arduino Opta,Direct,111,15.942500001983717
Arduino Opta,Direct,112,12.985199995455332
Arduino Opta,Direct,113,12.871200000518002
Arduino Opta,Direct,114,13.03360000019893
Arduino Opta,Direct,115,13.057199990726076
Arduino Opta,Direct,116,12.914299994008616
Arduino Opta,Direct,117,13.225100003182888
Arduino Opta,Direct,118,12.8714000020409
Arduino Opta,Direct,119,13.05080000020098
Arduino Opta,Direct,120,12.841500007198192
Arduino Opta,Direct,121,13.06470000417903
Arduino Opta,Direct,122,12.92329998977948
Arduino Opta,Direct,123,13.141400006134063
Arduino Opta,Direct,124,12.919100001454353
Arduino Opta,Direct,125,12.946500006364658
Arduino Opta,Direct,126,13.164999996661209
Arduino Opta,Direct,127,12.864200005424209
Arduino Opta,Direct,128,12.97010001144372
Arduino Opta,Direct,129,13.026800006628036
Arduino Opta,Direct,130,13.423700002022088
Arduino Opta,Direct,131,12.713299991446547
Arduino Opta,Direct,132,12.950099990121089
Arduino Opta,Direct,133,13.02850000502076
Arduino Opta,Direct,134,12.943299996550195
Arduino Opta,Direct,135,12.920900000608526
Arduino Opta,Direct,136,13.09880000189878
Arduino Opta,Direct,137,13.154900007066317
Arduino Opta,Direct,138,12.74320000084117
Arduino Opta,Direct,139,12.969000003067777
Arduino Opta,Direct,140,13.128999999025837
Arduino Opta,Direct,141,12.986699992325157
Arduino Opta,Direct,142,13.008000008994713
Arduino Opta,Direct,143,12.893200007965788
Arduino Opta,Direct,144,13.463200011756271
Arduino Opta,Direct,145,12.706699999398552
Arduino Opta,Direct,146,12.93440000154078
Arduino Opta,Direct,147,13.010700000450015
Arduino Opta,Direct,148,12.996799996471964
Arduino Opta,Direct,149,12.90260000678245
Arduino Opta,Direct,150,12.996099991141818
Arduino Opta,Direct,151,16.237199990428053
Arduino Opta,Direct,152,15.831900003831834
Arduino Opta,Direct,153,13.012499999604188
Arduino Opta,Direct,154,12.92490000196267
Arduino Opta,Direct,155,13.045799991232343
Arduino Opta,Direct,156,12.949900003150105
Arduino Opta,Direct,157,12.995599987334572
Arduino Opta,Direct,158,13.083400001050904
Arduino Opta,Direct,159,13.077700001304038
Arduino Opta,Direct,160,12.82389998959843
Arduino Opta,Direct,161,13.003700005356222
Arduino Opta,Direct,162,13.467400000081398
Arduino Opta,Direct,163,12.972500000614673
Arduino Opta,Direct,164,13.0077999929199
Arduino Opta,Direct,165,12.703899992629886
Arduino Opta,Direct,166,12.817700000596233
Arduino Opta,Direct,167,13.028100001974963
Arduino Opta,Direct,168,13.437599991448224
Arduino Opta,Direct,169,12.59579999896232
Arduino Opta,Direct,170,13.047899992670864
Arduino Opta,Direct,171,12.89800000085961
Arduino Opta,Direct,172,13.136499997926876
Arduino Opta,Direct,173,12.872799998149276
Arduino Opta,Direct,174,13.116099988110363
Arduino Opta,Direct,175,13.13750000554137
Arduino Opta,Direct,176,12.754399998812005
Arduino Opta,Direct,177,12.983099994016811
Arduino Opta,Direct,178,13.0217999976594
Arduino Opta,Direct,179,12.978399987332523
Arduino Opta,Direct,180,13.005500004510395
Arduino Opta,Direct,181,13.462800008710474
Arduino Opta,Direct,182,12.66839999880176
Arduino Opta,Direct,183,12.941500011947937
Arduino Opta,Direct,184,13.213400001404807
Arduino Opta,Direct,185,12.754600000334904
Arduino Opta,Direct,186,13.056800002232194
Arduino Opta,Direct,187,13.359899996430613
Arduino Opta,Direct,188,12.674599987803958
Arduino Opta,Direct,189,12.884999989182688
Arduino Opta,Direct,190,13.094599999021739
Arduino Opta,Direct,191,12.887999997474253
Arduino Opta,Direct,192,13.711500010685995
Arduino Opta,Direct,193,12.292700004763901
Arduino Opta,Direct,194,16.057699991506524
Arduino Opta,Direct,195,15.907099994365126
Arduino Opta,Direct,196,13.030899994191714
Arduino Opta,Direct,197,13.170299993362278
Arduino Opta,Direct,198,13.025899999774992
Arduino Opta,Direct,199,12.894800005597062
Arduino Opta,Direct,200,12.956100006704219
Arduino Opta,Direct,201,13.057699994533323
Arduino Opta,Direct,202,12.99519999884069
Arduino Opta,Direct,203,12.887199991382658
Arduino Opta,Direct,204,13.161299997591414
Arduino Opta,Direct,205,12.863299998571165
Arduino Opta,Direct,206,13.047599990386516
Arduino Opta,Direct,207,12.916399995447136
Arduino Opta,Direct,208,13.019099991652183
Arduino Opta,Direct,209,13.105899997754022
Arduino Opta,Direct,210,12.90329999756068
Arduino Opta,Direct,211,13.0158000101801
Arduino Opta,Direct,212,13.047100001131184
Arduino Opta,Direct,213,13.393000001087785
Arduino Opta,Direct,214,12.982000000192784
Arduino Opta,Direct,215,12.527799990493804
Arduino Opta,Direct,216,13.023899999097921
Arduino Opta,Direct,217,12.963599991053343
Arduino Opta,Direct,218,13.152900006389245
Arduino Opta,Direct,219,12.981799998669885
Arduino Opta,Direct,220,13.009800008148886
Arduino Opta,Direct,221,12.975300007383339
Arduino Opta,Direct,222,12.899300010758452
Arduino Opta,Direct,223,13.029699999606237
Arduino Opta,Direct,224,13.17669999843929
Arduino Opta,Direct,225,12.900599991553463
Arduino Opta,Direct,226,12.981100007891655
Arduino Opta,Direct,227,13.01229999808129
Arduino Opta,Direct,228,12.922800000524148
Arduino Opta,Direct,229,12.98099999257829
Arduino Opta,Direct,230,13.564499997301027
Arduino Opta,Direct,231,12.46849999006372
Arduino Opta,Direct,232,13.148500001989305
Arduino Opta,Direct,233,13.027299995883368
Arduino Opta,Direct,234,12.782099991454743
Arduino Opta,Direct,235,16.107300005387515
Arduino Opta,Direct,236,15.986500002327375
Arduino Opta,Direct,237,13.007399989874102
Arduino Opta,Direct,238,12.906399992061779
Arduino Opta,Direct,239,13.083600002573803
Arduino Opta,Direct,240,13.358399999560788
Arduino Opta,Direct,241,13.0189000046812
Arduino Opta,Direct,242,12.618000007933006
Arduino Opta,Direct,243,12.899399996967986
Arduino Opta,Direct,244,13.125699988449924
Arduino Opta,Direct,245,12.885099989944138
Arduino Opta,Direct,246,13.119299997924827
Arduino Opta,Direct,247,13.119499999447726
Arduino Opta,Direct,248,12.769000008120202
Arduino Opta,Direct,249,13.209500000812113
Arduino Opta,Direct,250,12.788499996531755
Arduino Opta,Direct,251,13.132800013408996
Arduino Opta,Direct,252,12.933000005432405
Arduino Opta,Direct,253,12.935400009155273
Arduino Opta,Direct,254,12.99970000400208
Arduino Opta,Direct,255,13.002299994695932
Arduino Opta,Direct,256,13.057699994533323
Arduino Opta,Direct,257,13.385199999902397
Arduino Opta,Direct,258,12.793300003977492
Arduino Opta,Direct,259,12.869400001363829
Arduino Opta,Direct,260,13.334300005226396
Arduino Opta,Direct,261,12.572899999213405
Arduino Opta,Direct,262,13.021399994613603
Arduino Opta,Direct,263,13.082099991152063
Arduino Opta,Direct,264,12.991299998247996
Arduino Opta,Direct,265,13.091000000713393
Arduino Opta,Direct,266,12.77739999932237
Arduino Opta,Direct,267,13.078300005872734
Arduino Opta,Direct,268,12.923700007377192
Arduino Opta,Direct,269,12.978700004168786
Arduino Opta,Direct,270,13.06700000714045
Arduino Opta,Direct,271,13.029599998844787
Arduino Opta,Direct,272,13.063499995041639
Arduino Opta,Direct,273,12.8573999973014
Arduino Opta,Direct,274,12.999699989450164
Arduino Opta,Direct,275,13.485899995430373
Arduino Opta,Direct,276,12.595299995155074
Arduino Opta,Direct,277,16.011699990485795
Arduino Opta,Direct,278,15.968399995472282
Arduino Opta,Direct,279,12.982200001715682
Arduino Opta,Direct,280,13.068999993265606
Arduino Opta,Direct,281,12.888700002804399
Arduino Opta,Direct,282,12.985700013814494
Arduino Opta,Direct,283,12.987200010684319
Arduino Opta,Direct,284,13.105300007737242
Arduino Opta,Direct,285,13.014800002565607
Arduino Opta,Direct,286,13.06339999428019
Arduino Opta,Direct,287,12.930299999425188
Arduino Opta,Direct,288,13.008200010517612
Arduino Opta,Direct,289,12.927700008731335
Arduino Opta,Direct,290,12.964599998667836
Arduino Opta,Direct,291,13.097100003506057
Arduino Opta,Direct,292,13.008900001295842
Arduino Opta,Direct,293,12.979199993424118
Arduino Opta,Direct,294,13.018199999351054
Arduino Opta,Direct,295,12.905099996714853
Arduino Opta,Direct,296,13.456300002872013
Arduino Opta,Direct,297,12.997799989534542
Arduino Opta,Direct,298,12.771699999575503
Arduino Opta,Direct,299,12.882399998488836
Arduino Opta,Direct,300,12.904300005175173
Arduino Opta,Direct,301,13.103700010105968
Arduino Opta,Direct,302,12.861399998655543
Arduino Opta,Direct,303,13.132799998857081
Arduino Opta,Direct,304,12.87600000796374
Arduino Opta,Direct,305,13.084500009426847
Arduino Opta,Direct,306,12.904799994430505
Arduino Opta,Direct,307,13.035299998591654
Arduino Opta,Direct,308,13.003500003833324
Arduino Opta,Direct,309,13.01140000578016
Arduino Opta,Direct,310,12.956799997482449
Arduino Opta,Direct,311,12.99279999511782
Arduino Opta,Direct,312,13.192200000048615
Arduino Opta,Direct,313,12.826799997128546
Arduino Opta,Direct,314,13.088199993944727
Arduino Opta,Direct,315,13.36549999541603
Arduino Opta,Direct,316,13.002799998503178
Arduino Opta,Direct,317,12.623999995412305
Arduino Opta,Direct,318,15.94370001112111
Arduino Opta,Direct,319,16.13780000479892
Arduino Opta,Direct,320,12.994299991987646
Arduino Opta,Direct,321,12.93219999934081
Arduino Opta,Direct,322,12.908700009575114
Arduino Opta,Direct,323,13.177700006053783
Arduino Opta,Direct,324,13.262899999972433
Arduino Opta,Direct,325,12.684500004979782
Arduino Opta,Direct,326,13.32699999329634
Arduino Opta,Direct,327,12.526300008175895
Arduino Opta,Direct,328,12.992099989787675
Arduino Opta,Direct,329,13.106900005368516
Arduino Opta,Direct,330,13.007900008233264
Arduino Opta,Direct,331,12.98319999477826
Arduino Opta,Direct,332,12.926399998832494
Arduino Opta,Direct,333,13.000200007809326
Arduino Opta,Direct,334,13.112500004353933
Arduino Opta,Direct,335,13.054200011538342
Arduino Opta,Direct,336,12.835499990615062
Arduino Opta,Direct,337,13.032899994868785
Arduino Opta,Direct,338,13.10860000376124
Arduino Opta,Direct,339,13.027400011196733
Arduino Opta,Direct,340,13.00710000214167
Arduino Opta,Direct,341,12.874499996542
Arduino Opta,Direct,342,12.948900010087527
Arduino Opta,Direct,343,13.065400009509176
Arduino Opta,Direct,344,12.940700005856343
Arduino Opta,Direct,345,13.131600004271604
Arduino Opta,Direct,346,13.032399991061538
Arduino Opta,Direct,347,13.023399995290674
Arduino Opta,Direct,348,12.993900003493764
Arduino Opta,Direct,349,12.83950000652112
Arduino Opta,Direct,350,12.94929999858141
Arduino Opta,Direct,351,13.002400010009296
Arduino Opta,Direct,352,13.00930000434164
Arduino Opta,Direct,353,13.46479999483563
Arduino Opta,Direct,354,12.986500005354173
Arduino Opta,Direct,355,12.67520000692457
Arduino Opta,Direct,356,12.851999999838881
Arduino Opta,Direct,357,13.024200001382269
Arduino Opta,Direct,358,12.99289999587927
Arduino Opta,Direct,359,13.079900003504008
Arduino Opta,Direct,360,16.132100005052052
Arduino Opta,Direct,361,15.893599993432872
Arduino Opta,Direct,362,13.004299995373003
Arduino Opta,Direct,363,13.042499995208345
Arduino Opta,Direct,364,13.00259999698028
Arduino Opta,Direct,365,13.015700009418651
Arduino Opta,Direct,366,12.837700007366948
Arduino Opta,Direct,367,13.04399999207817
Arduino Opta,Direct,368,13.399000003119
Arduino Opta,Direct,369,12.71660000202246
Arduino Opta,Direct,370,13.007900008233264
Arduino Opta,Direct,371,12.81869999365881
Arduino Opta,Direct,372,13.136699999449775
Arduino Opta,Direct,373,13.310900001670234
Arduino Opta,Direct,374,12.666599999647588
Arduino Opta,Direct,375,13.075100010610186
Arduino Opta,Direct,376,12.906000003567897
Arduino Opta,Direct,377,13.016999990213662
Arduino Opta,Direct,378,12.868399993749335
Arduino Opta,Direct,379,13.155299995560199
Arduino Opta,Direct,380,12.860700007877313
Arduino Opta,Direct,381,13.066600004094653
Arduino Opta,Direct,382,12.918399996124208
Arduino Opta,Direct,383,13.005900007556193
Arduino Opta,Direct,384,12.98549999773968
Arduino Opta,Direct,385,13.087900006212294
Arduino Opta,Direct,386,12.962799999513663
Arduino Opta,Direct,387,13.053100003162399
Arduino Opta,Direct,388,13.094899986754172
Arduino Opta,Direct,389,12.813499997719191
Arduino Opta,Direct,390,13.049800007138401
Arduino Opta,Direct,391,12.967200003913604
Arduino Opta,Direct,392,13.001400002394803
Arduino Opta,Direct,393,13.442399998893961
Arduino Opta,Direct,394,12.778200005413964
Arduino Opta,Direct,395,12.803299992810935
Arduino Opta,Direct,396,12.953999990713783
Arduino Opta,Direct,397,13.461399998050183
Arduino Opta,Direct,398,13.002699997741729
Arduino Opta,Direct,399,12.793899993994273
Arduino Opta,Direct,400,12.85670000652317
Arduino Opta,Direct,401,15.985600010026246
Arduino Opta,Direct,402,16.137899991008453
Arduino Opta,Direct,403,12.78029999230057
Arduino Opta,Direct,404,12.981799998669885
Arduino Opta,Direct,405,13.029500012635253
Arduino Opta,Direct,406,13.076500006718561
Arduino Opta,Direct,407,13.00700000138022
Arduino Opta,Direct,408,13.006499997572973
Arduino Opta,Direct,409,12.856099987402558
Arduino Opta,Direct,410,13.016299999435432
Arduino Opta,Direct,411,12.988799993763678
Arduino Opta,Direct,412,13.07749999978114
Arduino Opta,Direct,413,13.403599994489923
Arduino Opta,Direct,414,12.974999990547076
Arduino Opta,Direct,415,12.562200005049817
Arduino Opta,Direct,416,13.173200000892393
Arduino Opta,Direct,417,12.91210000636056
Arduino Opta,Direct,418,13.083800004096702
Arduino Opta,Direct,419,12.86630000686273
Arduino Opta,Direct,420,12.954699996043928
Arduino Opta,Direct,421,12.993300013476983
Arduino Opta,Direct,422,13.189100005547516
Arduino Opta,Direct,423,12.82169998739846
Arduino Opta,Direct,424,13.448800003970973
Arduino Opta,Direct,425,12.596900007338263
Arduino Opta,Direct,426,13.002699997741729
Arduino Opta,Direct,427,13.0388999969
Arduino Opta,Direct,428,13.006799999857321
Arduino Opta,Direct,429,13.016999990213662
Arduino Opta,Direct,430,13.399099989328533
Arduino Opta,Direct,431,12.653499987209216
Arduino Opta,Direct,432,12.859099995694123
Arduino Opta,Direct,433,12.994399992749095
Arduino Opta,Direct,434,12.996899997233413
Arduino Opta,Direct,435,12.994799995794892
Arduino Opta,Direct,436,13.059799995971844
Arduino Opta,Direct,437,13.014699987252243
Arduino Opta,Direct,438,12.910600009490736
Arduino Opta,Direct,439,13.12859999598004
Arduino Opta,Direct,440,12.882700000773184
Arduino Opta,Direct,441,13.129699989804067
Arduino Opta,Direct,442,12.936800005263649
Arduino Opta,Direct,443,15.928599998005666
Arduino Opta,Direct,444,16.05069999641273
Arduino Opta,Direct,445,13.056399999186397
Arduino Opta,Direct,446,12.992599993594922
Arduino Opta,Direct,447,12.947600000188686
Arduino Opta,Direct,448,13.037600001553074
Arduino Opta,Direct,449,13.327299995580688
Arduino Opta,Direct,450,12.740900012431666
Arduino Opta,Direct,451,12.950000003911555
Arduino Opta,Direct,452,13.071099994704127
Arduino Opta,Direct,453,13.037700002314523
Arduino Opta,Direct,454,12.762699989252724
Arduino Opta,Direct,455,13.11669999267906
Arduino Opta,Direct,456,12.911900004837662
Arduino Opta,Direct,457,13.06040000054054
Arduino Opta,Direct,458,12.910300007206388
Arduino Opta,Direct,459,12.996200006455183
Arduino Opta,Direct,460,13.04470001196023
Arduino Opta,Direct,461,12.971100004506297
Arduino Opta,Direct,462,12.995700002647936
Arduino Opta,Direct,463,13.060600002063438
Arduino Opta,Direct,464,12.92700000340119
Arduino Opta,Direct,465,12.992399992072023
Arduino Opta,Direct,466,13.059599994448945
Arduino Opta,Direct,467,13.402399999904446
Arduino Opta,Direct,468,13.0048999999417
Arduino Opta,Direct,469,12.974700002814643
Arduino Opta,Direct,470,12.746300009894185
Arduino Opta,Direct,471,12.818800008972175
Arduino Opta,Direct,472,13.138700000126846
Arduino Opta,Direct,473,13.319099991349503
Arduino Opta,Direct,474,12.608599994564429
Arduino Opta,Direct,475,12.98030000180006
Arduino Opta,Direct,476,12.972600001376122
Arduino Opta,Direct,477,12.98270000552293
Arduino Opta,Direct,478,13.18409999657888
Arduino Opta,Direct,479,13.26909998897463
Arduino Opta,Direct,480,12.998599995626137
Arduino Opta,Direct,481,12.802800003555603
Arduino Opta,Direct,482,12.83579999289941
Arduino Opta,Direct,483,12.91000000492204
Arduino Opta,Direct,484,16.107700008433312
Arduino Opta,Direct,485,15.984700003173202
Arduino Opta,Direct,486,12.903200011351146
Arduino Opta,Direct,487,13.101500007905997
Arduino Opta,Direct,488,13.014600001042709
Arduino Opta,Direct,489,13.002699997741729
Arduino Opta,Direct,490,13.040199992246926
Arduino Opta,Direct,491,13.008999987505376
Arduino Opta,Direct,492,12.950000003911555
Arduino Opta,Direct,493,12.948300005518831
Arduino Opta,Direct,494,12.902200003736652
Arduino Opta,Direct,495,13.07739999901969
Arduino Opta,Direct,496,12.976300000445917
Arduino Opta,Direct,497,12.962900000275113
Arduino Opta,Direct,498,13.016199998673983
Arduino Opta,Direct,499,13.020700003835373
Arduino Opta,Direct,500,12.993500000447966
Arduino Opta,Middleware,1,22.916799993254244
Arduino Opta,Middleware,2,23.04240000376012
Arduino Opta,Middleware,3,22.922200005268678
Arduino Opta,Middleware,4,26.160900000832044
Arduino Opta,Middleware,5,22.3654000001261
Arduino Opta,Middleware,6,22.94020001136232
Arduino Opta,Middleware,7,22.801500002969988
Arduino Opta,Middleware,8,22.11939998960588
Arduino Opta,Middleware,9,22.912600004929118
Arduino Opta,Middleware,10,22.422599999117665
Arduino Opta,Middleware,11,64.15789999300614
Arduino Opta,Middleware,12,26.003200007835403
Arduino Opta,Middleware,13,23.929700008011423
Arduino Opta,Middleware,14,22.920000003068708
Arduino Opta,Middleware,15,23.19310000166297
Arduino Opta,Middleware,16,23.058499995386228
Arduino Opta,Middleware,17,24.527600005967543
Arduino Opta,Middleware,18,22.769800008973107
Arduino Opta,Middleware,19,23.33750000980217
Arduino Opta,Middleware,20,22.640099996351637
Arduino Opta,Middleware,21,23.464800004148856
Arduino Opta,Middleware,22,23.112700000638142
Arduino Opta,Middleware,23,22.364799995557405
Arduino Opta,Middleware,24,21.659899997757748
Arduino Opta,Middleware,25,22.776999991037883
Arduino Opta,Middleware,26,23.228299993206747
Arduino Opta,Middleware,27,22.998300002655014
Arduino Opta,Middleware,28,24.994999999762513
Arduino Opta,Middleware,29,23.98959999845829
Arduino Opta,Middleware,30,22.3686999961501
Arduino Opta,Middleware,31,22.83950000128243
Arduino Opta,Middleware,32,22.60979999846313
Arduino Opta,Middleware,33,59.39870000293013
Arduino Opta,Middleware,34,31.362599998828955
Arduino Opta,Middleware,35,23.068900001817383
Arduino Opta,Middleware,36,22.661499999230728
Arduino Opta,Middleware,37,22.56939999642782
Arduino Opta,Middleware,38,23.124300001654774
Arduino Opta,Middleware,39,24.386700009927154
Arduino Opta,Middleware,40,22.674599997117184
Arduino Opta,Middleware,41,23.03820000088308
Arduino Opta,Middleware,42,22.514100011903793
Arduino Opta,Middleware,43,22.36040000570938
Arduino Opta,Middleware,44,26.192699995590374
Arduino Opta,Middleware,45,22.817000004579313
Arduino Opta,Middleware,46,23.039699997752905
Arduino Opta,Middleware,47,22.78620000288356
Arduino Opta,Middleware,48,22.735399994417094
Arduino Opta,Middleware,49,23.172000001068227
Arduino Opta,Middleware,50,22.580099990591407
Arduino Opta,Middleware,51,22.838599994429387
Arduino Opta,Middleware,52,22.38989999750629
Arduino Opta,Middleware,53,22.509699992951937
Arduino Opta,Middleware,54,23.029599993606098
Arduino Opta,Middleware,55,67.14449998980854
Arduino Opta,Middleware,56,34.287999995285645
Arduino Opta,Middleware,57,22.304400001303293
Arduino Opta,Middleware,58,24.859299999661744
Arduino Opta,Middleware,59,22.36629999242723
Arduino Opta,Middleware,60,22.966999997152016
Arduino Opta,Middleware,61,23.477499998989515
Arduino Opta,Middleware,62,23.14920000208076
Arduino Opta,Middleware,63,22.16259999840986
Arduino Opta,Middleware,64,22.84630000940524
Arduino Opta,Middleware,65,23.60200000111945
Arduino Opta,Middleware,66,23.308899995754473
Arduino Opta,Middleware,67,21.648399997502565
Arduino Opta,Middleware,68,22.927400001208298
Arduino Opta,Middleware,69,23.373400006676093
Arduino Opta,Middleware,70,22.790300004999153
Arduino Opta,Middleware,71,23.1284999899799
Arduino Opta,Middleware,72,23.16630000132136
Arduino Opta,Middleware,73,23.560499990708195
Arduino Opta,Middleware,74,23.137800002587028
Arduino Opta,Middleware,75,23.532100007287227
Arduino Opta,Middleware,76,64.28880000021309
Arduino Opta,Middleware,77,26.448799995705485
Arduino Opta,Middleware,78,22.462099994299933
Arduino Opta,Middleware,79,23.33389999694191
Arduino Opta,Middleware,80,23.3550999982981
Arduino Opta,Middleware,81,23.11619999818504
Arduino Opta,Middleware,82,23.264500006916933
Arduino Opta,Middleware,83,22.806799999671057
Arduino Opta,Middleware,84,22.809899994172156
Arduino Opta,Middleware,85,22.771099989768118
Arduino Opta,Middleware,86,23.06920000410173
Arduino Opta,Middleware,87,23.187099999631755
Arduino Opta,Middleware,88,22.811899994849227
Arduino Opta,Middleware,89,22.35869999276474
Arduino Opta,Middleware,90,23.21749999828171
Arduino Opta,Middleware,91,22.804599997471087
Arduino Opta,Middleware,92,22.827399996458553
Arduino Opta,Middleware,93,23.227400000905618
Arduino Opta,Middleware,94,22.97020000696648
Arduino Opta,Middleware,95,22.854800001368858
Arduino Opta,Middleware,96,23.30489999440033
Arduino Opta,Middleware,97,22.829699999419972
Arduino Opta,Middleware,98,69.19849998666905
Arduino Opta,Middleware,99,33.45610000542365
Arduino Opta,Middleware,100,22.20110000052955
Arduino Opta,Middleware,101,23.182799995993264
Arduino Opta,Middleware,102,24.692799997865222
Arduino Opta,Middleware,103,22.725699993316084
Arduino Opta,Middleware,104,23.10320000106003
Arduino Opta,Middleware,105,22.729300006176345
Arduino Opta,Middleware,106,25.010000012116507
Arduino Opta,Middleware,107,23.01129999978002
Arduino Opta,Middleware,108,22.582399993552826
Arduino Opta,Middleware,109,22.816800003056414
Arduino Opta,Middleware,110,23.013300000457093
Arduino Opta,Middleware,111,22.58980000624433
Arduino Opta,Middleware,112,23.415000003296882
Arduino Opta,Middleware,113,22.761000000173226
Arduino Opta,Middleware,114,22.655299995676614
Arduino Opta,Middleware,115,22.49170000141021
Arduino Opta,Middleware,116,22.393299994291738
Arduino Opta,Middleware,117,22.52790000056848
Arduino Opta,Middleware,118,23.332400000072084
Arduino Opta,Middleware,119,66.78239999746438
Arduino Opta,Middleware,120,35.4976000089664
Arduino Opta,Middleware,121,26.32160000212025
Arduino Opta,Middleware,122,18.3956999971997
Arduino Opta,Middleware,123,23.07400001154747
Arduino Opta,Middleware,124,22.945300006540492
Arduino Opta,Middleware,125,23.022000008495525
Arduino Opta,Middleware,126,23.03080000274349
Arduino Opta,Middleware,127,23.102799998014234
Arduino Opta,Middleware,128,22.850499997730367
Arduino Opta,Middleware,129,23.24780001072213
Arduino Opta,Middleware,130,23.329000003286637
Arduino Opta,Middleware,131,22.554100010893308
Arduino Opta,Middleware,132,23.083399995812215
Arduino Opta,Middleware,133,23.172899993369356
Arduino Opta,Middleware,134,22.937800007639453
Arduino Opta,Middleware,135,23.31080001022201
Arduino Opta,Middleware,136,23.048200004268438
Arduino Opta,Middleware,137,22.761000000173226
Arduino Opta,Middleware,138,22.645699995337054
Arduino Opta,Middleware,139,23.046000002068467
Arduino Opta,Middleware,140,66.77800000761636
Arduino Opta,Middleware,141,35.29160001198761
Arduino Opta,Middleware,142,24.685399999725632
Arduino Opta,Middleware,143,22.751199998310767
Arduino Opta,Middleware,144,23.331400007009506
Arduino Opta,Middleware,145,24.605599988717586
Arduino Opta,Middleware,146,23.140000004786998
Arduino Opta,Middleware,147,22.7428000071086
Arduino Opta,Middleware,148,22.229000009247102
Arduino Opta,Middleware,149,22.299100004602224
Arduino Opta,Middleware,150,23.310899996431544
Arduino Opta,Middleware,151,23.366800000076182
Arduino Opta,Middleware,152,22.70210000278894
Arduino Opta,Middleware,153,22.93890000146348
Arduino Opta,Middleware,154,22.729000003891997
Arduino Opta,Middleware,155,22.61289999296423
Arduino Opta,Middleware,156,22.76789999450557
Arduino Opta,Middleware,157,22.269799999776296
Arduino Opta,Middleware,158,25.352199998451397
Arduino Opta,Middleware,159,23.119000004953705
Arduino Opta,Middleware,160,19.81649998924695
Arduino Opta,Middleware,161,65.49120000272524
Arduino Opta,Middleware,162,36.08350000286009
Arduino Opta,Middleware,163,23.653700001887046
Arduino Opta,Middleware,164,22.700999994412996
Arduino Opta,Middleware,165,23.368599999230355
Arduino Opta,Middleware,166,22.874400005093776
Arduino Opta,Middleware,167,22.797000012360513
Arduino Opta,Middleware,168,22.981500005698763
Arduino Opta,Middleware,169,23.140400007832795
Arduino Opta,Middleware,170,22.890399995958433
Arduino Opta,Middleware,171,22.96319999732077
Arduino Opta,Middleware,172,23.38120000786148
Arduino Opta,Middleware,173,22.960299989790656
Arduino Opta,Middleware,174,22.741900000255555
Arduino Opta,Middleware,175,23.06769999267999
Arduino Opta,Middleware,176,23.04040000308305
Arduino Opta,Middleware,177,22.853100002976134
Arduino Opta,Middleware,178,23.032199998851866
Arduino Opta,Middleware,179,23.321500004385598
Arduino Opta,Middleware,180,22.791099996538833
Arduino Opta,Middleware,181,22.819999998318963
Arduino Opta,Middleware,182,23.382500003208406
Arduino Opta,Middleware,183,64.70139999873936
Arduino Opta,Middleware,184,24.663900010637008
Arduino Opta,Middleware,185,27.448599998024292
Arduino Opta,Middleware,186,22.6295000029495
Arduino Opta,Middleware,187,22.687800010317005
Arduino Opta,Middleware,188,23.02849999978207
Arduino Opta,Middleware,189,22.903799996129237
Arduino Opta,Middleware,190,22.874300004332326
Arduino Opta,Middleware,191,22.6604000054067
Arduino Opta,Middleware,192,22.960800008149818
Arduino Opta,Middleware,193,22.556399999302812
Arduino Opta,Middleware,194,22.622200005571358
Arduino Opta,Middleware,195,22.94909999181982
Arduino Opta,Middleware,196,23.269699988304637
Arduino Opta,Middleware,197,25.045999995199963
Arduino Opta,Middleware,198,23.99689999583643
Arduino Opta,Middleware,199,19.576899998355657
Arduino Opta,Middleware,200,23.189699990325607
Arduino Opta,Middleware,201,24.10290000261739
Arduino Opta,Middleware,202,26.224000001093373
Arduino Opta,Middleware,203,18.94319998973515
Arduino Opta,Middleware,204,65.65309999859892
Arduino Opta,Middleware,205,22.55429999786429
Arduino Opta,Middleware,206,24.10960000997875
Arduino Opta,Middleware,207,27.359900006558746
Arduino Opta,Middleware,208,22.890600012033246
Arduino Opta,Middleware,209,22.89950000704266
Arduino Opta,Middleware,210,22.383800009265542
Arduino Opta,Middleware,211,23.612500008312054
Arduino Opta,Middleware,212,22.71889999974519
Arduino Opta,Middleware,213,23.085000007995404
Arduino Opta,Middleware,214,22.552700000233017
Arduino Opta,Middleware,215,22.448200004873797
Arduino Opta,Middleware,216,22.661499999230728
Arduino Opta,Middleware,217,22.82019999984186
Arduino Opta,Middleware,218,23.22870001080446
Arduino Opta,Middleware,219,22.834100003819913
Arduino Opta,Middleware,220,22.88879999832716
Arduino Opta,Middleware,221,26.01130001130514
Arduino Opta,Middleware,222,22.700600005919114
Arduino Opta,Middleware,223,22.91680000780616
Arduino Opta,Middleware,224,23.020100008579902
Arduino Opta,Middleware,225,22.88350000162609
Arduino Opta,Middleware,226,74.43180000700522
Arduino Opta,Middleware,227,25.334999998449348
Arduino Opta,Middleware,228,25.646199996117502
Arduino Opta,Middleware,229,22.764499997720122
Arduino Opta,Middleware,230,23.109899993869476
Arduino Opta,Middleware,231,23.479800001950935
Arduino Opta,Middleware,232,23.04280000680592
Arduino Opta,Middleware,233,22.980500012636185
Arduino Opta,Middleware,234,22.86430000094697
Arduino Opta,Middleware,235,22.454200006905012
Arduino Opta,Middleware,236,20.806200001970865
Arduino Opta,Middleware,237,22.625899990089238
Arduino Opta,Middleware,238,23.50290000322275
Arduino Opta,Middleware,239,22.986099997069687
Arduino Opta,Middleware,240,24.650999999721535
Arduino Opta,Middleware,241,20.73220000602305
Arduino Opta,Middleware,242,22.974200008320622
Arduino Opta,Middleware,243,23.3890999952564
Arduino Opta,Middleware,244,22.582300007343292
Arduino Opta,Middleware,245,23.84619999793358
Arduino Opta,Middleware,246,22.630399995250627
Arduino Opta,Middleware,247,61.40140000206884
Arduino Opta,Middleware,248,25.572999991709366
Arduino Opta,Middleware,249,27.774200003477745
Arduino Opta,Middleware,250,23.49230000982061
Arduino Opta,Middleware,251,22.654700005659834
Arduino Opta,Middleware,252,22.854099996038713
Arduino Opta,Middleware,253,23.203099990496412
Arduino Opta,Middleware,254,22.770399998989888
Arduino Opta,Middleware,255,22.960599992075004
Arduino Opta,Middleware,256,22.89440001186449
Arduino Opta,Middleware,257,23.546900003566407
Arduino Opta,Middleware,258,22.742000001017004
Arduino Opta,Middleware,259,22.87689999502618
Arduino Opta,Middleware,260,26.157600004808046
Arduino Opta,Middleware,261,22.573199996259063
Arduino Opta,Middleware,262,22.398899993277155
Arduino Opta,Middleware,263,22.881700002471916
Arduino Opta,Middleware,264,22.167500006617047
Arduino Opta,Middleware,265,23.530500009655952
Arduino Opta,Middleware,266,23.03510000638198
Arduino Opta,Middleware,267,21.254699997371063
Arduino Opta,Middleware,268,22.88060000864789
Arduino Opta,Middleware,269,63.76499999896623
Arduino Opta,Middleware,270,25.525199991534464
Arduino Opta,Middleware,271,25.53680000710301
Arduino Opta,Middleware,272,25.48409999872092
Arduino Opta,Middleware,273,22.471599993878044
Arduino Opta,Middleware,274,22.502299994812347
Arduino Opta,Middleware,275,25.21379999234341
Arduino Opta,Middleware,276,22.901999996975064
Arduino Opta,Middleware,277,22.742499990272336
Arduino Opta,Middleware,278,22.396200001821853
Arduino Opta,Middleware,279,22.763500004657544
Arduino Opta,Middleware,280,21.41960000153631
Arduino Opta,Middleware,281,22.43540000927169
Arduino Opta,Middleware,282,23.12700000766199
Arduino Opta,Middleware,283,23.12240000173915
Arduino Opta,Middleware,284,22.68280000134837
Arduino Opta,Middleware,285,23.045299996738322
Arduino Opta,Middleware,286,22.994899991317652
Arduino Opta,Middleware,287,23.574899998493493
Arduino Opta,Middleware,288,22.451199998613447
Arduino Opta,Middleware,289,24.03030000277795
Arduino Opta,Middleware,290,65.47680000949185
Arduino Opta,Middleware,291,21.41489999485202
Arduino Opta,Middleware,292,24.017599993385375
Arduino Opta,Middleware,293,23.40429999458138
Arduino Opta,Middleware,294,27.262399991741404
Arduino Opta,Middleware,295,22.465899994131178
Arduino Opta,Middleware,296,22.40709999750834
Arduino Opta,Middleware,297,22.825199994258583
Arduino Opta,Middleware,298,22.726000010152347
Arduino Opta,Middleware,299,26.658700007828884
Arduino Opta,Middleware,300,21.740399999544024
Arduino Opta,Middleware,301,22.30280000367202
Arduino Opta,Middleware,302,22.88560000306461
Arduino Opta,Middleware,303,22.390300000552088
Arduino Opta,Middleware,304,22.42649999971036
Arduino Opta,Middleware,305,22.54170000378508
Arduino Opta,Middleware,306,22.76510000228882
Arduino Opta,Middleware,307,25.206099991919473
Arduino Opta,Middleware,308,23.33830000134185
Arduino Opta,Middleware,309,23.307000010390766
Arduino Opta,Middleware,310,22.5812999997288
Arduino Opta,Middleware,311,23.113700008252636
Arduino Opta,Middleware,312,61.603499998454936
Arduino Opta,Middleware,313,24.225300003308803
Arduino Opta,Middleware,314,23.22709999862127
Arduino Opta,Middleware,315,27.010599995264784
Arduino Opta,Middleware,316,24.859400000423193
Arduino Opta,Middleware,317,22.956700006034225
Arduino Opta,Middleware,318,23.59230000001844
Arduino Opta,Middleware,319,25.407900000573136
Arduino Opta,Middleware,320,18.30760001030285
Arduino Opta,Middleware,321,22.618200004217215
Arduino Opta,Middleware,322,22.8221000143094
Arduino Opta,Middleware,323,22.837800002889708
Arduino Opta,Middleware,324,23.042299988446757
Arduino Opta,Middleware,325,23.108199995476753
Arduino Opta,Middleware,326,22.97589999216143
Arduino Opta,Middleware,327,22.984299997915514
Arduino Opta,Middleware,328,23.200099996756762
Arduino Opta,Middleware,329,22.89619999646675
Arduino Opta,Middleware,330,22.886200007633306
Arduino Opta,Middleware,331,23.351100011495873
Arduino Opta,Middleware,332,24.121499998727813
Arduino Opta,Middleware,333,63.7564999924507
Arduino Opta,Middleware,334,23.11369999370072
Arduino Opta,Middleware,335,20.580800002790056
Arduino Opta,Middleware,336,23.71059999859426
Arduino Opta,Middleware,337,28.44169999298174
Arduino Opta,Middleware,338,22.99240000138525
Arduino Opta,Middleware,339,26.0124999913387
Arduino Opta,Middleware,340,22.50099999946542
Arduino Opta,Middleware,341,22.808200010331348
Arduino Opta,Middleware,342,22.438500003772788
Arduino Opta,Middleware,343,22.9101000004448
Arduino Opta,Middleware,344,22.490599993034266
Arduino Opta,Middleware,345,22.337500005960464
Arduino Opta,Middleware,346,23.073100004694425
Arduino Opta,Middleware,347,25.122399994870648
Arduino Opta,Middleware,348,22.465999994892627
Arduino Opta,Middleware,349,22.607600010815077
Arduino Opta,Middleware,350,22.39140000892803
Arduino Opta,Middleware,351,23.075700009940192
Arduino Opta,Middleware,352,23.471300009987317
Arduino Opta,Middleware,353,22.852699999930337
Arduino Opta,Middleware,354,22.645599994575605
Arduino Opta,Middleware,355,64.41269999777433
Arduino Opta,Middleware,356,21.910399998887442
Arduino Opta,Middleware,357,25.086599998758174
Arduino Opta,Middleware,358,19.138299991027452
Arduino Opta,Middleware,359,27.69639999314677
Arduino Opta,Middleware,360,27.156800002558157
Arduino Opta,Middleware,361,23.460000011255033
Arduino Opta,Middleware,362,22.86399999866262
Arduino Opta,Middleware,363,22.64130000548903
Arduino Opta,Middleware,364,23.396500007947907
Arduino Opta,Middleware,365,22.57060000556521
Arduino Opta,Middleware,366,22.2152000060305
Arduino Opta,Middleware,367,22.835600000689737
Arduino Opta,Middleware,368,22.84950000466779
Arduino Opta,Middleware,369,22.78179999848362
Arduino Opta,Middleware,370,22.291200002655387
Arduino Opta,Middleware,371,27.740300007280894
Arduino Opta,Middleware,372,18.77930000773631
Arduino Opta,Middleware,373,22.96790000400506
Arduino Opta,Middleware,374,22.94619999884162
Arduino Opta,Middleware,375,23.117100005038083
Arduino Opta,Middleware,376,22.87469999282621
Arduino Opta,Middleware,377,58.771699987119064
Arduino Opta,Middleware,378,16.895799999474548
Arduino Opta,Middleware,379,27.687699999660254
Arduino Opta,Middleware,380,19.389199995202944
Arduino Opta,Middleware,381,28.21129999938421
Arduino Opta,Middleware,382,23.84739999251906
Arduino Opta,Middleware,383,22.96839999326039
Arduino Opta,Middleware,384,22.231499999179505
Arduino Opta,Middleware,385,22.903899996890686
Arduino Opta,Middleware,386,23.183800003607757
Arduino Opta,Middleware,387,24.997399988933466
Arduino Opta,Middleware,388,23.091099996236153
Arduino Opta,Middleware,389,22.51530000648927
Arduino Opta,Middleware,390,22.311499997158535
Arduino Opta,Middleware,391,22.779899998568
Arduino Opta,Middleware,392,23.149499989813194
Arduino Opta,Middleware,393,22.364799995557405
Arduino Opta,Middleware,394,22.48939999844879
Arduino Opta,Middleware,395,22.899300005519763
Arduino Opta,Middleware,396,24.319699994521216
Arduino Opta,Middleware,397,22.74270000634715
Arduino Opta,Middleware,398,22.791099996538833
Arduino Opta,Middleware,399,63.083700006245635
Arduino Opta,Middleware,400,24.084500008029863
Arduino Opta,Middleware,401,23.730400003842078
Arduino Opta,Middleware,402,20.36009999574162
Arduino Opta,Middleware,403,27.564200005144812
Arduino Opta,Middleware,404,23.646699992241338
Arduino Opta,Middleware,405,23.035399994114414
Arduino Opta,Middleware,406,22.88089999638032
Arduino Opta,Middleware,407,23.12099999107886
Arduino Opta,Middleware,408,22.885099999257363
Arduino Opta,Middleware,409,23.107500004698522
Arduino Opta,Middleware,410,23.313400000915863
Arduino Opta,Middleware,411,23.150699998950586
Arduino Opta,Middleware,412,22.910400002729148
Arduino Opta,Middleware,413,22.92999999190215
Arduino Opta,Middleware,414,23.01689999876544
Arduino Opta,Middleware,415,22.6264000084484
Arduino Opta,Middleware,416,22.956600005272776
Arduino Opta,Middleware,417,23.455799993826076
Arduino Opta,Middleware,418,23.28139999008272
Arduino Opta,Middleware,419,22.923199998331256
Arduino Opta,Middleware,420,22.778099999413826
Arduino Opta,Middleware,421,65.90909999795258
Arduino Opta,Middleware,422,19.586400012485683
Arduino Opta,Middleware,423,23.568500007968396
Arduino Opta,Middleware,424,23.165999999037012
Arduino Opta,Middleware,425,28.097599992179312
Arduino Opta,Middleware,426,23.523900003056042
Arduino Opta,Middleware,427,25.9214000107022
Arduino Opta,Middleware,428,22.551200003363192
Arduino Opta,Middleware,429,22.793899988755584
Arduino Opta,Middleware,430,22.245300002396107
Arduino Opta,Middleware,431,23.193500004708767
Arduino Opta,Middleware,432,22.99990000028629
Arduino Opta,Middleware,433,22.81730000686366
Arduino Opta,Middleware,434,23.300300003029406
Arduino Opta,Middleware,435,24.091999992378987
Arduino Opta,Middleware,436,19.91420000558719
Arduino Opta,Middleware,437,22.87390000128653
Arduino Opta,Middleware,438,23.39899999788031
Arduino Opta,Middleware,439,22.881700002471916
Arduino Opta,Middleware,440,25.604399997973815
Arduino Opta,Middleware,441,22.44240000436548
Arduino Opta,Middleware,442,65.20899999304675
Arduino Opta,Middleware,443,21.095500007504597
Arduino Opta,Middleware,444,23.06720000342466
Arduino Opta,Middleware,445,20.59499999450054
Arduino Opta,Middleware,446,23.432699992554262
Arduino Opta,Middleware,447,28.167399999802
Arduino Opta,Middleware,448,23.366399997030385
Arduino Opta,Middleware,449,23.271600002772175
Arduino Opta,Middleware,450,22.473999997600913
Arduino Opta,Middleware,451,23.485799989430234
Arduino Opta,Middleware,452,22.553300004801713
Arduino Opta,Middleware,453,23.117899996577762
Arduino Opta,Middleware,454,22.949799997149967
Arduino Opta,Middleware,455,22.92019999003969
Arduino Opta,Middleware,456,23.24130000488367
Arduino Opta,Middleware,457,23.282199996174313
Arduino Opta,Middleware,458,22.65840000472963
Arduino Opta,Middleware,459,23.256300002685748
Arduino Opta,Middleware,460,25.091100003919564
Arduino Opta,Middleware,461,22.33729998988565
Arduino Opta,Middleware,462,24.386899996898137
Arduino Opta,Middleware,463,22.60099998966325
Arduino Opta,Middleware,464,57.96639999607578
Arduino Opta,Middleware,465,16.493399991304614
Arduino Opta,Middleware,466,23.866100003942847
Arduino Opta,Middleware,467,21.39730000635609
Arduino Opta,Middleware,468,23.858000000473112
Arduino Opta,Middleware,469,28.12590000394266
Arduino Opta,Middleware,470,23.706200008746237
Arduino Opta,Middleware,471,22.12850000069011
Arduino Opta,Middleware,472,23.389699999825098
Arduino Opta,Middleware,473,22.513600008096546
Arduino Opta,Middleware,474,23.25649998965673
Arduino Opta,Middleware,475,24.2967999947723
Arduino Opta,Middleware,476,23.523099996964447
Arduino Opta,Middleware,477,22.84979999240022
Arduino Opta,Middleware,478,22.82349999586586
Arduino Opta,Middleware,479,22.943399992072955
Arduino Opta,Middleware,480,25.04629999748431
Arduino Opta,Middleware,481,18.90809999895282
Arduino Opta,Middleware,482,23.05289999640081
Arduino Opta,Middleware,483,22.980100009590387
Arduino Opta,Middleware,484,23.140899997088127
Arduino Opta,Middleware,485,22.85160000610631
Arduino Opta,Middleware,486,61.239700007718056
Arduino Opta,Middleware,487,26.26290000625886
Arduino Opta,Middleware,488,23.01360000274144
Arduino Opta,Middleware,489,23.94099999219179
Arduino Opta,Middleware,490,23.36579999246169
Arduino Opta,Middleware,491,23.780100003932603
Arduino Opta,Middleware,492,26.753800004371442
Arduino Opta,Middleware,493,22.748599993065
Arduino Opta,Middleware,494,22.160699998494238
Arduino Opta,Middleware,495,22.698000000673346
Arduino Opta,Middleware,496,23.112399998353794
Arduino Opta,Middleware,497,23.023599991574883
Arduino Opta,Middleware,498,22.808900001109578
Arduino Opta,Middleware,499,23.060600011376664
Arduino Opta,Middleware,500,25.497000009636395
